Picked up JAVA_TOOL_OPTIONS: -Xms64m -Xmx256m
DEBUG 2026-09-26 08:43:35.138 main AgentPackagePath : The beacon class location is jar:file:/opt/skywalking/agent/skywalking-agent.jar!/org/apache/skywalking/apm/agent/core/boot/AgentPackagePath.class. 
INFO 2026-09-26 08:43:35.140 main SnifferConfigInitializer : Config file found in /opt/skywalking/agent/config/agent.config. 
INFO 2026-09-26 08:43:35.235 main SnifferConfigInitializer : SnifferConfigInitializer url:jar:file:/app/app.jar!/META-INF/MANIFEST.MF 
INFO 2026-09-26 08:43:35.239 main SnifferConfigInitializer : SnifferConfigInitializer url:jar:file:/opt/skywalking/agent/skywalking-agent.jar!/META-INF/MANIFEST.MF 
INFO 2026-09-26 08:43:35.246 main AgentClassLoader : /opt/skywalking/agent/plugins/motan-plugin-9.4.0.jar loaded. 
INFO 2026-09-26 08:43:35.247 main AgentClassLoader : /opt/skywalking/agent/plugins/sofa-rpc-plugin-9.4.0.jar loaded. 
INFO 2026-09-26 08:43:35.248 main AgentClassLoader : /opt/skywalking/agent/plugins/baidu-brpc-plugin-9.4.0.jar loaded. 
INFO 2026-09-26 08:43:35.248 main AgentClassLoader : /opt/skywalking/agent/plugins/baidu-brpc-3.x-plugin-9.4.0.jar loaded. 
INFO 2026-09-26 08:43:35.249 main AgentClassLoader : /opt/skywalking/agent/plugins/apm-httpasyncclient-4.x-plugin-9.4.0.jar loaded. 
INFO 2026-09-26 08:43:35.250 main AgentClassLoader : /opt/skywalking/agent/plugins/solon-2.x-plugin-9.4.0.jar loaded. 
INFO 2026-09-26 08:43:35.250 main AgentClassLoader : /opt/skywalking/agent/plugins/apm-undertow-2.x-plugin-9.4.0.jar loaded. 
INFO 2026-09-26 08:43:35.251 main AgentClassLoader : /opt/skywalking/agent/plugins/apm-postgresql-8.x-plugin-9.4.0.jar loaded. 
INFO 2026-09-26 08:43:35.251 main AgentClassLoader : /opt/skywalking/agent/plugins/apm-xxl-job-2.x-plugin-9.4.0.jar loaded. 
INFO 2026-09-26 08:43:35.258 main AgentClassLoader : /opt/skywalking/agent/plugins/apm-okhttp-3.x-plugin-9.4.0.jar loaded. 
INFO 2026-09-26 08:43:35.263 main AgentClassLoader : /opt/skywalking/agent/plugins/apm-springmvc-annotation-3.x-plugin-9.4.0.jar loaded. 
INFO 2026-09-26 08:43:35.265 main AgentClassLoader : /opt/skywalking/agent/plugins/apm-light4j-plugin-9.4.0.jar loaded. 
INFO 2026-09-26 08:43:35.266 main AgentClassLoader : /opt/skywalking/agent/plugins/apm-vertx-core-4.x-plugin-9.4.0.jar loaded. 
INFO 2026-09-26 08:43:35.267 main AgentClassLoader : /opt/skywalking/agent/plugins/resteasy-server-6.x-plugin-9.4.0.jar loaded. 
INFO 2026-09-26 08:43:35.267 main AgentClassLoader : /opt/skywalking/agent/plugins/apm-undertow-worker-thread-pool-plugin-9.4.0.jar loaded. 
INFO 2026-09-26 08:43:35.268 main AgentClassLoader : /opt/skywalking/agent/plugins/apm-spring-cloud-feign-2.x-plugin-9.4.0.jar loaded. 
INFO 2026-09-26 08:43:35.269 main AgentClassLoader : /opt/skywalking/agent/plugins/apm-sharding-sphere-3.x-plugin-9.4.0.jar loaded. 
INFO 2026-09-26 08:43:35.271 main AgentClassLoader : /opt/skywalking/agent/plugins/apm-okhttp-common-9.4.0.jar loaded. 
INFO 2026-09-26 08:43:35.273 main AgentClassLoader : /opt/skywalking/agent/plugins/apm-kylin-jdbc-2.6.x-3.x-4.x-plugin-9.4.0.jar loaded. 
INFO 2026-09-26 08:43:35.276 main AgentClassLoader : /opt/skywalking/agent/plugins/apm-spring-concurrent-util-4.x-plugin-9.4.0.jar loaded. 
INFO 2026-09-26 08:43:35.277 main AgentClassLoader : /opt/skywalking/agent/plugins/apm-redisson-3.x-plugin-9.4.0.jar loaded. 
INFO 2026-09-26 08:43:35.281 main AgentClassLoader : /opt/skywalking/agent/plugins/apm-h2-1.x-plugin-9.4.0.jar loaded. 
INFO 2026-09-26 08:43:35.282 main AgentClassLoader : /opt/skywalking/agent/plugins/apm-activemq-5.x-plugin-9.4.0.jar loaded. 
INFO 2026-09-26 08:43:35.283 main AgentClassLoader : /opt/skywalking/agent/plugins/apm-hutool-http-5.x-plugin-9.4.0.jar loaded. 
INFO 2026-09-26 08:43:35.284 main AgentClassLoader : /opt/skywalking/agent/plugins/apm-pulsar-2.8.x-plugin-9.4.0.jar loaded. 
INFO 2026-09-26 08:43:35.288 main AgentClassLoader : /opt/skywalking/agent/plugins/spring-commons-9.4.0.jar loaded. 
INFO 2026-09-26 08:43:35.289 main AgentClassLoader : /opt/skywalking/agent/plugins/apm-nutz-mvc-annotation-1.x-plugin-9.4.0.jar loaded. 
INFO 2026-09-26 08:43:35.290 main AgentClassLoader : /opt/skywalking/agent/plugins/apm-mongodb-3.x-plugin-9.4.0.jar loaded. 
INFO 2026-09-26 08:43:35.290 main AgentClassLoader : /opt/skywalking/agent/plugins/spring-webflux-5.x-webclient-plugin-9.4.0.jar loaded. 
INFO 2026-09-26 08:43:35.291 main AgentClassLoader : /opt/skywalking/agent/plugins/apm-vertx-core-3.x-plugin-9.4.0.jar loaded. 
INFO 2026-09-26 08:43:35.292 main AgentClassLoader : /opt/skywalking/agent/plugins/dubbo-3.x-conflict-patch-9.4.0.jar loaded. 
INFO 2026-09-26 08:43:35.292 main AgentClassLoader : /opt/skywalking/agent/plugins/apm-kafka-commons-9.4.0.jar loaded. 
INFO 2026-09-26 08:43:35.293 main AgentClassLoader : /opt/skywalking/agent/plugins/apm-shardingsphere-4.0.x-plugin-9.4.0.jar loaded. 
INFO 2026-09-26 08:43:35.294 main AgentClassLoader : /opt/skywalking/agent/plugins/apm-grizzly-2.x-plugin-9.4.0.jar loaded. 
INFO 2026-09-26 08:43:35.294 main AgentClassLoader : /opt/skywalking/agent/plugins/apm-rocketMQ-5.x-plugin-9.4.0.jar loaded. 
INFO 2026-09-26 08:43:35.296 main AgentClassLoader : /opt/skywalking/agent/plugins/apm-jetty-client-11.x-plugin-9.4.0.jar loaded. 
INFO 2026-09-26 08:43:35.297 main AgentClassLoader : /opt/skywalking/agent/plugins/apm-play-2.x-plugin-9.4.0.jar loaded. 
INFO 2026-09-26 08:43:35.298 main AgentClassLoader : /opt/skywalking/agent/plugins/apm-springmvc-annotation-4.x-plugin-9.4.0.jar loaded. 
INFO 2026-09-26 08:43:35.299 main AgentClassLoader : /opt/skywalking/agent/plugins/apm-shardingsphere-5.0.0-plugin-9.4.0.jar loaded. 
INFO 2026-09-26 08:43:35.300 main AgentClassLoader : /opt/skywalking/agent/plugins/apm-cassandra-java-driver-3.x-plugin-9.4.0.jar loaded. 
INFO 2026-09-26 08:43:35.300 main AgentClassLoader : /opt/skywalking/agent/plugins/apm-rabbitmq-plugin-9.4.0.jar loaded. 
INFO 2026-09-26 08:43:35.301 main AgentClassLoader : /opt/skywalking/agent/plugins/apm-grizzly-2.x-4.x-work-threadpool-plugin-9.4.0.jar loaded. 
INFO 2026-09-26 08:43:35.301 main AgentClassLoader : /opt/skywalking/agent/plugins/apm-jetty-thread-pool-plugin-9.4.0.jar loaded. 
INFO 2026-09-26 08:43:35.302 main AgentClassLoader : /opt/skywalking/agent/plugins/micronaut-http-client-plugin-9.4.0.jar loaded. 
INFO 2026-09-26 08:43:35.302 main AgentClassLoader : /opt/skywalking/agent/plugins/okhttp-2.x-plugin-9.4.0.jar loaded. 
INFO 2026-09-26 08:43:35.303 main AgentClassLoader : /opt/skywalking/agent/plugins/graphql-9.x-plugin-9.4.0.jar loaded. 
INFO 2026-09-26 08:43:35.304 main AgentClassLoader : /opt/skywalking/agent/plugins/apm-servicecomb-java-chassis-2.x-plugin-9.4.0.jar loaded. 
INFO 2026-09-26 08:43:35.304 main AgentClassLoader : /opt/skywalking/agent/plugins/apm-httpClient-4.x-plugin-9.4.0.jar loaded. 
INFO 2026-09-26 08:43:35.305 main AgentClassLoader : /opt/skywalking/agent/plugins/apm-sharding-sphere-4.1.0-plugin-9.4.0.jar loaded. 
INFO 2026-09-26 08:43:35.306 main AgentClassLoader : /opt/skywalking/agent/plugins/apm-influxdb-2.x-plugin-9.4.0.jar loaded. 
INFO 2026-09-26 08:43:35.307 main AgentClassLoader : /opt/skywalking/agent/plugins/apm-okhttp-4.x-plugin-9.4.0.jar loaded. 
INFO 2026-09-26 08:43:35.307 main AgentClassLoader : /opt/skywalking/agent/plugins/apm-armeria-0.84.x-plugin-9.4.0.jar loaded. 
INFO 2026-09-26 08:43:35.308 main AgentClassLoader : /opt/skywalking/agent/plugins/nats-2.14.x-2.16.5-plugin-9.4.0.jar loaded. 
INFO 2026-09-26 08:43:35.308 main AgentClassLoader : /opt/skywalking/agent/plugins/apm-mysql-commons-9.4.0.jar loaded. 
INFO 2026-09-26 08:43:35.308 main AgentClassLoader : /opt/skywalking/agent/plugins/apm-feign-default-http-9.x-plugin-9.4.0.jar loaded. 
INFO 2026-09-26 08:43:35.309 main AgentClassLoader : /opt/skywalking/agent/plugins/micronaut-http-server-plugin-9.4.0.jar loaded. 
INFO 2026-09-26 08:43:35.309 main AgentClassLoader : /opt/skywalking/agent/plugins/apm-elasticsearch-6.x-plugin-9.4.0.jar loaded. 
INFO 2026-09-26 08:43:35.310 main AgentClassLoader : /opt/skywalking/agent/plugins/graphql-12.x-15.x-plugin-9.4.0.jar loaded. 
INFO 2026-09-26 08:43:35.318 main AgentClassLoader : /opt/skywalking/agent/plugins/apm-spring-kafka-1.x-plugin-9.4.0.jar loaded. 
INFO 2026-09-26 08:43:35.321 main AgentClassLoader : /opt/skywalking/agent/plugins/apm-dubbo-2.7.x-plugin-9.4.0.jar loaded. 
INFO 2026-09-26 08:43:35.321 main AgentClassLoader : /opt/skywalking/agent/plugins/tomcat-7.x-8.x-plugin-9.4.0.jar loaded. 
INFO 2026-09-26 08:43:35.322 main AgentClassLoader : /opt/skywalking/agent/plugins/apm-activemq-artemis-jakarta-client-2.x-plugin-9.4.0.jar loaded. 
INFO 2026-09-26 08:43:35.323 main AgentClassLoader : /opt/skywalking/agent/plugins/apm-httpclient-3.x-plugin-9.4.0.jar loaded. 
INFO 2026-09-26 08:43:35.323 main AgentClassLoader : /opt/skywalking/agent/plugins/apm-quasar-plugin-9.4.0.jar loaded. 
INFO 2026-09-26 08:43:35.325 main AgentClassLoader : /opt/skywalking/agent/plugins/apm-spring-kafka-2.x-plugin-9.4.0.jar loaded. 
INFO 2026-09-26 08:43:35.325 main AgentClassLoader : /opt/skywalking/agent/plugins/apm-pulsar-2.2-2.7-plugin-9.4.0.jar loaded. 
INFO 2026-09-26 08:43:35.326 main AgentClassLoader : /opt/skywalking/agent/plugins/apm-spring-core-patch-9.4.0.jar loaded. 
INFO 2026-09-26 08:43:35.327 main AgentClassLoader : /opt/skywalking/agent/plugins/apm-mysql-6.x-plugin-9.4.0.jar loaded. 
INFO 2026-09-26 08:43:35.327 main AgentClassLoader : /opt/skywalking/agent/plugins/druid-1.x-plugin-9.4.0.jar loaded. 
INFO 2026-09-26 08:43:35.328 main AgentClassLoader : /opt/skywalking/agent/plugins/apm-jdbc-commons-9.4.0.jar loaded. 
INFO 2026-09-26 08:43:35.329 main AgentClassLoader : /opt/skywalking/agent/plugins/apm-mssql-jdbc-plugin-9.4.0.jar loaded. 
INFO 2026-09-26 08:43:35.330 main AgentClassLoader : /opt/skywalking/agent/plugins/resteasy-server-4.x-plugin-9.4.0.jar loaded. 
INFO 2026-09-26 08:43:35.331 main AgentClassLoader : /opt/skywalking/agent/plugins/apm-grpc-1.x-plugin-9.4.0.jar loaded. 
INFO 2026-09-26 08:43:35.332 main AgentClassLoader : /opt/skywalking/agent/plugins/apm-pulsar-common-9.4.0.jar loaded. 
INFO 2026-09-26 08:43:35.333 main AgentClassLoader : /opt/skywalking/agent/plugins/apm-jetty-server-11.x-plugin-9.4.0.jar loaded. 
INFO 2026-09-26 08:43:35.334 main AgentClassLoader : /opt/skywalking/agent/plugins/apm-c3p0-0.9.x-plugin-9.4.0.jar loaded. 
INFO 2026-09-26 08:43:35.336 main AgentClassLoader : /opt/skywalking/agent/plugins/apm-spymemcached-2.x-plugin-9.4.0.jar loaded. 
INFO 2026-09-26 08:43:35.337 main AgentClassLoader : /opt/skywalking/agent/plugins/apm-dubbo-3.x-plugin-9.4.0.jar loaded. 
INFO 2026-09-26 08:43:35.338 main AgentClassLoader : /opt/skywalking/agent/plugins/dbcp-2.x-plugin-9.4.0.jar loaded. 
INFO 2026-09-26 08:43:35.339 main AgentClassLoader : /opt/skywalking/agent/plugins/apm-finagle-6.25.x-plugin-9.4.0.jar loaded. 
INFO 2026-09-26 08:43:35.340 main AgentClassLoader : /opt/skywalking/agent/plugins/apm-mssql-jtds-1.x-plugin-9.4.0.jar loaded. 
INFO 2026-09-26 08:43:35.342 main AgentClassLoader : /opt/skywalking/agent/plugins/thrift-plugin-9.4.0.jar loaded. 
INFO 2026-09-26 08:43:35.343 main AgentClassLoader : /opt/skywalking/agent/plugins/apm-nutz-http-1.x-plugin-9.4.0.jar loaded. 
INFO 2026-09-26 08:43:35.344 main AgentClassLoader : /opt/skywalking/agent/plugins/apm-asynchttpclient-2.x-plugin-9.4.0.jar loaded. 
INFO 2026-09-26 08:43:35.344 main AgentClassLoader : /opt/skywalking/agent/plugins/apm-spring-scheduled-annotation-plugin-9.4.0.jar loaded. 
INFO 2026-09-26 08:43:35.345 main AgentClassLoader : /opt/skywalking/agent/plugins/apm-jetty-client-9.0-plugin-9.4.0.jar loaded. 
INFO 2026-09-26 08:43:35.345 main AgentClassLoader : /opt/skywalking/agent/plugins/apm-canal-1.x-plugin-9.4.0.jar loaded. 
INFO 2026-09-26 08:43:35.346 main AgentClassLoader : /opt/skywalking/agent/plugins/apm-rocketmq-client-java-5.x-plugin-9.4.0.jar loaded. 
INFO 2026-09-26 08:43:35.346 main AgentClassLoader : /opt/skywalking/agent/plugins/apm-armeria-1.0.x-plugin-9.4.0.jar loaded. 
INFO 2026-09-26 08:43:35.346 main AgentClassLoader : /opt/skywalking/agent/plugins/apm-rocketmq-4.x-plugin-9.4.0.jar loaded. 
INFO 2026-09-26 08:43:35.347 main AgentClassLoader : /opt/skywalking/agent/plugins/apm-elasticsearch-7.x-plugin-9.4.0.jar loaded. 
INFO 2026-09-26 08:43:35.347 main AgentClassLoader : /opt/skywalking/agent/plugins/dubbo-conflict-patch-9.4.0.jar loaded. 
INFO 2026-09-26 08:43:35.347 main AgentClassLoader : /opt/skywalking/agent/plugins/apm-resttemplate-4.3.x-plugin-9.4.0.jar loaded. 
INFO 2026-09-26 08:43:35.348 main AgentClassLoader : /opt/skywalking/agent/plugins/apm-clickhouse-0.3.2.x-plugin-9.4.0.jar loaded. 
INFO 2026-09-26 08:43:35.348 main AgentClassLoader : /opt/skywalking/agent/plugins/apm-jetty-client-9.x-plugin-9.4.0.jar loaded. 
INFO 2026-09-26 08:43:35.349 main AgentClassLoader : /opt/skywalking/agent/plugins/apm-hikaricp-3.x-4.x-plugin-9.4.0.jar loaded. 
INFO 2026-09-26 08:43:35.349 main AgentClassLoader : /opt/skywalking/agent/plugins/apm-solrj-7.x-plugin-9.4.0.jar loaded. 
INFO 2026-09-26 08:43:35.350 main AgentClassLoader : /opt/skywalking/agent/plugins/apm-struts2-2.x-plugin-9.4.0.jar loaded. 
INFO 2026-09-26 08:43:35.350 main AgentClassLoader : /opt/skywalking/agent/plugins/jedis-4.x-plugin-9.4.0.jar loaded. 
INFO 2026-09-26 08:43:35.351 main AgentClassLoader : /opt/skywalking/agent/plugins/apm-springmvc-annotation-commons-9.4.0.jar loaded. 
INFO 2026-09-26 08:43:35.351 main AgentClassLoader : /opt/skywalking/agent/plugins/spring-webflux-6.x-webclient-plugin-9.4.0.jar loaded. 
INFO 2026-09-26 08:43:35.351 main AgentClassLoader : /opt/skywalking/agent/plugins/apm-jersey-2.x-plugin-9.4.0.jar loaded. 
INFO 2026-09-26 08:43:35.351 main AgentClassLoader : /opt/skywalking/agent/plugins/graphql-16plus-plugin-9.4.0.jar loaded. 
INFO 2026-09-26 08:43:35.352 main AgentClassLoader : /opt/skywalking/agent/plugins/apm-netty-socketio-plugin-9.4.0.jar loaded. 
INFO 2026-09-26 08:43:35.352 main AgentClassLoader : /opt/skywalking/agent/plugins/elasticsearch-common-9.4.0.jar loaded. 
INFO 2026-09-26 08:43:35.353 main AgentClassLoader : /opt/skywalking/agent/plugins/apm-mssql-commons-9.4.0.jar loaded. 
INFO 2026-09-26 08:43:35.353 main AgentClassLoader : /opt/skywalking/agent/plugins/apm-httpclient-5.x-plugin-9.4.0.jar loaded. 
INFO 2026-09-26 08:43:35.353 main AgentClassLoader : /opt/skywalking/agent/plugins/apm-elastic-job-2.x-plugin-9.4.0.jar loaded. 
INFO 2026-09-26 08:43:35.353 main AgentClassLoader : /opt/skywalking/agent/plugins/apm-mysql-8.x-plugin-9.4.0.jar loaded. 
INFO 2026-09-26 08:43:35.354 main AgentClassLoader : /opt/skywalking/agent/plugins/apm-jersey-3.x-plugin-9.4.0.jar loaded. 
INFO 2026-09-26 08:43:35.355 main AgentClassLoader : /opt/skywalking/agent/plugins/apm-guava-eventbus-plugin-9.4.0.jar loaded. 
INFO 2026-09-26 08:43:35.356 main AgentClassLoader : /opt/skywalking/agent/plugins/apm-spring-async-annotation-plugin-9.4.0.jar loaded. 
INFO 2026-09-26 08:43:35.357 main AgentClassLoader : /opt/skywalking/agent/plugins/apm-elasticsearch-5.x-plugin-9.4.0.jar loaded. 
INFO 2026-09-26 08:43:35.358 main AgentClassLoader : /opt/skywalking/agent/plugins/jsonrpc4j-1.x-plugin-9.4.0.jar loaded. 
INFO 2026-09-26 08:43:35.359 main AgentClassLoader : /opt/skywalking/agent/plugins/apm-httpclient-commons-9.4.0.jar loaded. 
INFO 2026-09-26 08:43:35.360 main AgentClassLoader : /opt/skywalking/agent/plugins/graphql-8.x-plugin-9.4.0.jar loaded. 
INFO 2026-09-26 08:43:35.361 main AgentClassLoader : /opt/skywalking/agent/plugins/apm-mysql-5.x-plugin-9.4.0.jar loaded. 
INFO 2026-09-26 08:43:35.363 main AgentClassLoader : /opt/skywalking/agent/plugins/apm-jetty-server-9.x-plugin-9.4.0.jar loaded. 
INFO 2026-09-26 08:43:35.363 main AgentClassLoader : /opt/skywalking/agent/plugins/apm-lettuce-5.x-plugin-9.4.0.jar loaded. 
INFO 2026-09-26 08:43:35.366 main AgentClassLoader : /opt/skywalking/agent/plugins/resttemplate-commons-9.4.0.jar loaded. 
INFO 2026-09-26 08:43:35.367 main AgentClassLoader : /opt/skywalking/agent/plugins/apm-armeria-0.85.x-plugin-9.4.0.jar loaded. 
INFO 2026-09-26 08:43:35.368 main AgentClassLoader : /opt/skywalking/agent/plugins/apm-tomcat-thread-pool-plugin-9.4.0.jar loaded. 
INFO 2026-09-26 08:43:35.374 main AgentClassLoader : /opt/skywalking/agent/plugins/apm-resttemplate-3.x-plugin-9.4.0.jar loaded. 
INFO 2026-09-26 08:43:35.386 main AgentClassLoader : /opt/skywalking/agent/plugins/apm-avro-plugin-9.4.0.jar loaded. 
INFO 2026-09-26 08:43:35.387 main AgentClassLoader : /opt/skywalking/agent/plugins/resteasy-server-3.x-plugin-9.4.0.jar loaded. 
INFO 2026-09-26 08:43:35.389 main AgentClassLoader : /opt/skywalking/agent/plugins/tomcat-10x-plugin-9.4.0.jar loaded. 
INFO 2026-09-26 08:43:35.389 main AgentClassLoader : /opt/skywalking/agent/plugins/apm-elasticjob-3.x-plugin-9.4.0.jar loaded. 
INFO 2026-09-26 08:43:35.390 main AgentClassLoader : /opt/skywalking/agent/plugins/apm-kafka-plugin-9.4.0.jar loaded. 
INFO 2026-09-26 08:43:35.390 main AgentClassLoader : /opt/skywalking/agent/plugins/apm-hbase-1.x-2.x-plugin-9.4.0.jar loaded. 
INFO 2026-09-26 08:43:35.390 main AgentClassLoader : /opt/skywalking/agent/plugins/apm-aerospike-plugin-9.4.0.jar loaded. 
INFO 2026-09-26 08:43:35.392 main AgentClassLoader : /opt/skywalking/agent/plugins/apm-clickhouse-0.3.1-plugin-9.4.0.jar loaded. 
INFO 2026-09-26 08:43:35.393 main AgentClassLoader : /opt/skywalking/agent/plugins/apm-neo4j-4.x-plugin-9.4.0.jar loaded. 
INFO 2026-09-26 08:43:35.393 main AgentClassLoader : /opt/skywalking/agent/plugins/apm-mongodb-2.x-plugin-9.4.0.jar loaded. 
INFO 2026-09-26 08:43:35.394 main AgentClassLoader : /opt/skywalking/agent/plugins/apm-mariadb-2.x-plugin-9.4.0.jar loaded. 
INFO 2026-09-26 08:43:35.394 main AgentClassLoader : /opt/skywalking/agent/plugins/apm-cxf-3.x-plugin-9.4.0.jar loaded. 
INFO 2026-09-26 08:43:35.395 main AgentClassLoader : /opt/skywalking/agent/plugins/apm-rocketmq-3.x-plugin-9.4.0.jar loaded. 
INFO 2026-09-26 08:43:35.395 main AgentClassLoader : /opt/skywalking/agent/plugins/apm-mongodb-4.x-plugin-9.4.0.jar loaded. 
INFO 2026-09-26 08:43:35.395 main AgentClassLoader : /opt/skywalking/agent/plugins/apm-spring-cloud-feign-1.x-plugin-9.4.0.jar loaded. 
INFO 2026-09-26 08:43:35.395 main AgentClassLoader : /opt/skywalking/agent/plugins/apm-springmvc-annotation-5.x-plugin-9.4.0.jar loaded. 
INFO 2026-09-26 08:43:35.396 main AgentClassLoader : /opt/skywalking/agent/plugins/dubbo-2.7.x-conflict-patch-9.4.0.jar loaded. 
INFO 2026-09-26 08:43:35.396 main AgentClassLoader : /opt/skywalking/agent/plugins/websphere-liberty-23.x-plugin-9.4.0.jar loaded. 
INFO 2026-09-26 08:43:35.396 main AgentClassLoader : /opt/skywalking/agent/plugins/apm-hystrix-1.x-plugin-9.4.0.jar loaded. 
INFO 2026-09-26 08:43:35.396 main AgentClassLoader : /opt/skywalking/agent/plugins/jedis-2.x-3.x-plugin-9.4.0.jar loaded. 
INFO 2026-09-26 08:43:35.397 main AgentClassLoader : /opt/skywalking/agent/plugins/apm-dubbo-plugin-9.4.0.jar loaded. 
INFO 2026-09-26 08:43:35.397 main AgentClassLoader : /opt/skywalking/agent/plugins/apm-xmemcached-2.x-plugin-9.4.0.jar loaded. 
INFO 2026-09-26 08:43:35.399 main AgentClassLoader : /opt/skywalking/agent/plugins/apm-spring-webflux-6.x-plugin-9.4.0.jar loaded. 
INFO 2026-09-26 08:43:35.400 main AgentClassLoader : /opt/skywalking/agent/plugins/apm-spring-cloud-gateway-4.x-plugin-9.4.0.jar loaded. 
INFO 2026-09-26 08:43:35.401 main AgentClassLoader : /opt/skywalking/agent/activations/apm-toolkit-micrometer-activation-9.4.0.jar loaded. 
INFO 2026-09-26 08:43:35.402 main AgentClassLoader : /opt/skywalking/agent/activations/apm-toolkit-trace-activation-9.4.0.jar loaded. 
INFO 2026-09-26 08:43:35.402 main AgentClassLoader : /opt/skywalking/agent/activations/apm-toolkit-kafka-activation-9.4.0.jar loaded. 
INFO 2026-09-26 08:43:35.403 main AgentClassLoader : /opt/skywalking/agent/activations/apm-toolkit-webflux-activation-9.4.0.jar loaded. 
INFO 2026-09-26 08:43:35.403 main AgentClassLoader : /opt/skywalking/agent/activations/apm-toolkit-logging-common-9.4.0.jar loaded. 
INFO 2026-09-26 08:43:35.403 main AgentClassLoader : /opt/skywalking/agent/activations/apm-toolkit-meter-activation-9.4.0.jar loaded. 
INFO 2026-09-26 08:43:35.404 main AgentClassLoader : /opt/skywalking/agent/activations/apm-toolkit-log4j-2.x-activation-9.4.0.jar loaded. 
INFO 2026-09-26 08:43:35.404 main AgentClassLoader : /opt/skywalking/agent/activations/apm-toolkit-log4j-1.x-activation-9.4.0.jar loaded. 
INFO 2026-09-26 08:43:35.404 main AgentClassLoader : /opt/skywalking/agent/activations/apm-toolkit-opentracing-activation-9.4.0.jar loaded. 
INFO 2026-09-26 08:43:35.404 main AgentClassLoader : /opt/skywalking/agent/activations/apm-toolkit-logback-1.x-activation-9.4.0.jar loaded. 
INFO 2026-09-26 08:43:35.419 main PluginResourcesResolver : find skywalking plugin define in jar:file:/opt/skywalking/agent/plugins/motan-plugin-9.4.0.jar!/skywalking-plugin.def 
INFO 2026-09-26 08:43:35.419 main PluginResourcesResolver : find skywalking plugin define in jar:file:/opt/skywalking/agent/plugins/sofa-rpc-plugin-9.4.0.jar!/skywalking-plugin.def 
INFO 2026-09-26 08:43:35.419 main PluginResourcesResolver : find skywalking plugin define in jar:file:/opt/skywalking/agent/plugins/baidu-brpc-plugin-9.4.0.jar!/skywalking-plugin.def 
INFO 2026-09-26 08:43:35.419 main PluginResourcesResolver : find skywalking plugin define in jar:file:/opt/skywalking/agent/plugins/baidu-brpc-3.x-plugin-9.4.0.jar!/skywalking-plugin.def 
INFO 2026-09-26 08:43:35.419 main PluginResourcesResolver : find skywalking plugin define in jar:file:/opt/skywalking/agent/plugins/apm-httpasyncclient-4.x-plugin-9.4.0.jar!/skywalking-plugin.def 
INFO 2026-09-26 08:43:35.420 main PluginResourcesResolver : find skywalking plugin define in jar:file:/opt/skywalking/agent/plugins/solon-2.x-plugin-9.4.0.jar!/skywalking-plugin.def 
INFO 2026-09-26 08:43:35.420 main PluginResourcesResolver : find skywalking plugin define in jar:file:/opt/skywalking/agent/plugins/apm-undertow-2.x-plugin-9.4.0.jar!/skywalking-plugin.def 
INFO 2026-09-26 08:43:35.420 main PluginResourcesResolver : find skywalking plugin define in jar:file:/opt/skywalking/agent/plugins/apm-postgresql-8.x-plugin-9.4.0.jar!/skywalking-plugin.def 
INFO 2026-09-26 08:43:35.420 main PluginResourcesResolver : find skywalking plugin define in jar:file:/opt/skywalking/agent/plugins/apm-xxl-job-2.x-plugin-9.4.0.jar!/skywalking-plugin.def 
INFO 2026-09-26 08:43:35.420 main PluginResourcesResolver : find skywalking plugin define in jar:file:/opt/skywalking/agent/plugins/apm-okhttp-3.x-plugin-9.4.0.jar!/skywalking-plugin.def 
INFO 2026-09-26 08:43:35.420 main PluginResourcesResolver : find skywalking plugin define in jar:file:/opt/skywalking/agent/plugins/apm-springmvc-annotation-3.x-plugin-9.4.0.jar!/skywalking-plugin.def 
INFO 2026-09-26 08:43:35.420 main PluginResourcesResolver : find skywalking plugin define in jar:file:/opt/skywalking/agent/plugins/apm-light4j-plugin-9.4.0.jar!/skywalking-plugin.def 
INFO 2026-09-26 08:43:35.420 main PluginResourcesResolver : find skywalking plugin define in jar:file:/opt/skywalking/agent/plugins/apm-vertx-core-4.x-plugin-9.4.0.jar!/skywalking-plugin.def 
INFO 2026-09-26 08:43:35.420 main PluginResourcesResolver : find skywalking plugin define in jar:file:/opt/skywalking/agent/plugins/resteasy-server-6.x-plugin-9.4.0.jar!/skywalking-plugin.def 
INFO 2026-09-26 08:43:35.420 main PluginResourcesResolver : find skywalking plugin define in jar:file:/opt/skywalking/agent/plugins/apm-undertow-worker-thread-pool-plugin-9.4.0.jar!/skywalking-plugin.def 
INFO 2026-09-26 08:43:35.421 main PluginResourcesResolver : find skywalking plugin define in jar:file:/opt/skywalking/agent/plugins/apm-spring-cloud-feign-2.x-plugin-9.4.0.jar!/skywalking-plugin.def 
INFO 2026-09-26 08:43:35.421 main PluginResourcesResolver : find skywalking plugin define in jar:file:/opt/skywalking/agent/plugins/apm-sharding-sphere-3.x-plugin-9.4.0.jar!/skywalking-plugin.def 
INFO 2026-09-26 08:43:35.421 main PluginResourcesResolver : find skywalking plugin define in jar:file:/opt/skywalking/agent/plugins/apm-kylin-jdbc-2.6.x-3.x-4.x-plugin-9.4.0.jar!/skywalking-plugin.def 
INFO 2026-09-26 08:43:35.421 main PluginResourcesResolver : find skywalking plugin define in jar:file:/opt/skywalking/agent/plugins/apm-spring-concurrent-util-4.x-plugin-9.4.0.jar!/skywalking-plugin.def 
INFO 2026-09-26 08:43:35.421 main PluginResourcesResolver : find skywalking plugin define in jar:file:/opt/skywalking/agent/plugins/apm-redisson-3.x-plugin-9.4.0.jar!/skywalking-plugin.def 
INFO 2026-09-26 08:43:35.421 main PluginResourcesResolver : find skywalking plugin define in jar:file:/opt/skywalking/agent/plugins/apm-h2-1.x-plugin-9.4.0.jar!/skywalking-plugin.def 
INFO 2026-09-26 08:43:35.421 main PluginResourcesResolver : find skywalking plugin define in jar:file:/opt/skywalking/agent/plugins/apm-activemq-5.x-plugin-9.4.0.jar!/skywalking-plugin.def 
INFO 2026-09-26 08:43:35.421 main PluginResourcesResolver : find skywalking plugin define in jar:file:/opt/skywalking/agent/plugins/apm-hutool-http-5.x-plugin-9.4.0.jar!/skywalking-plugin.def 
INFO 2026-09-26 08:43:35.421 main PluginResourcesResolver : find skywalking plugin define in jar:file:/opt/skywalking/agent/plugins/apm-pulsar-2.8.x-plugin-9.4.0.jar!/skywalking-plugin.def 
INFO 2026-09-26 08:43:35.422 main PluginResourcesResolver : find skywalking plugin define in jar:file:/opt/skywalking/agent/plugins/apm-nutz-mvc-annotation-1.x-plugin-9.4.0.jar!/skywalking-plugin.def 
INFO 2026-09-26 08:43:35.422 main PluginResourcesResolver : find skywalking plugin define in jar:file:/opt/skywalking/agent/plugins/apm-mongodb-3.x-plugin-9.4.0.jar!/skywalking-plugin.def 
INFO 2026-09-26 08:43:35.422 main PluginResourcesResolver : find skywalking plugin define in jar:file:/opt/skywalking/agent/plugins/spring-webflux-5.x-webclient-plugin-9.4.0.jar!/skywalking-plugin.def 
INFO 2026-09-26 08:43:35.422 main PluginResourcesResolver : find skywalking plugin define in jar:file:/opt/skywalking/agent/plugins/apm-vertx-core-3.x-plugin-9.4.0.jar!/skywalking-plugin.def 
INFO 2026-09-26 08:43:35.422 main PluginResourcesResolver : find skywalking plugin define in jar:file:/opt/skywalking/agent/plugins/dubbo-3.x-conflict-patch-9.4.0.jar!/skywalking-plugin.def 
INFO 2026-09-26 08:43:35.422 main PluginResourcesResolver : find skywalking plugin define in jar:file:/opt/skywalking/agent/plugins/apm-shardingsphere-4.0.x-plugin-9.4.0.jar!/skywalking-plugin.def 
INFO 2026-09-26 08:43:35.422 main PluginResourcesResolver : find skywalking plugin define in jar:file:/opt/skywalking/agent/plugins/apm-grizzly-2.x-plugin-9.4.0.jar!/skywalking-plugin.def 
INFO 2026-09-26 08:43:35.422 main PluginResourcesResolver : find skywalking plugin define in jar:file:/opt/skywalking/agent/plugins/apm-rocketMQ-5.x-plugin-9.4.0.jar!/skywalking-plugin.def 
INFO 2026-09-26 08:43:35.422 main PluginResourcesResolver : find skywalking plugin define in jar:file:/opt/skywalking/agent/plugins/apm-jetty-client-11.x-plugin-9.4.0.jar!/skywalking-plugin.def 
INFO 2026-09-26 08:43:35.423 main PluginResourcesResolver : find skywalking plugin define in jar:file:/opt/skywalking/agent/plugins/apm-play-2.x-plugin-9.4.0.jar!/skywalking-plugin.def 
INFO 2026-09-26 08:43:35.423 main PluginResourcesResolver : find skywalking plugin define in jar:file:/opt/skywalking/agent/plugins/apm-springmvc-annotation-4.x-plugin-9.4.0.jar!/skywalking-plugin.def 
INFO 2026-09-26 08:43:35.423 main PluginResourcesResolver : find skywalking plugin define in jar:file:/opt/skywalking/agent/plugins/apm-shardingsphere-5.0.0-plugin-9.4.0.jar!/skywalking-plugin.def 
INFO 2026-09-26 08:43:35.423 main PluginResourcesResolver : find skywalking plugin define in jar:file:/opt/skywalking/agent/plugins/apm-cassandra-java-driver-3.x-plugin-9.4.0.jar!/skywalking-plugin.def 
INFO 2026-09-26 08:43:35.423 main PluginResourcesResolver : find skywalking plugin define in jar:file:/opt/skywalking/agent/plugins/apm-rabbitmq-plugin-9.4.0.jar!/skywalking-plugin.def 
INFO 2026-09-26 08:43:35.423 main PluginResourcesResolver : find skywalking plugin define in jar:file:/opt/skywalking/agent/plugins/apm-grizzly-2.x-4.x-work-threadpool-plugin-9.4.0.jar!/skywalking-plugin.def 
INFO 2026-09-26 08:43:35.423 main PluginResourcesResolver : find skywalking plugin define in jar:file:/opt/skywalking/agent/plugins/apm-jetty-thread-pool-plugin-9.4.0.jar!/skywalking-plugin.def 
INFO 2026-09-26 08:43:35.423 main PluginResourcesResolver : find skywalking plugin define in jar:file:/opt/skywalking/agent/plugins/micronaut-http-client-plugin-9.4.0.jar!/skywalking-plugin.def 
INFO 2026-09-26 08:43:35.423 main PluginResourcesResolver : find skywalking plugin define in jar:file:/opt/skywalking/agent/plugins/okhttp-2.x-plugin-9.4.0.jar!/skywalking-plugin.def 
INFO 2026-09-26 08:43:35.424 main PluginResourcesResolver : find skywalking plugin define in jar:file:/opt/skywalking/agent/plugins/graphql-9.x-plugin-9.4.0.jar!/skywalking-plugin.def 
INFO 2026-09-26 08:43:35.424 main PluginResourcesResolver : find skywalking plugin define in jar:file:/opt/skywalking/agent/plugins/apm-servicecomb-java-chassis-2.x-plugin-9.4.0.jar!/skywalking-plugin.def 
INFO 2026-09-26 08:43:35.424 main PluginResourcesResolver : find skywalking plugin define in jar:file:/opt/skywalking/agent/plugins/apm-httpClient-4.x-plugin-9.4.0.jar!/skywalking-plugin.def 
INFO 2026-09-26 08:43:35.424 main PluginResourcesResolver : find skywalking plugin define in jar:file:/opt/skywalking/agent/plugins/apm-sharding-sphere-4.1.0-plugin-9.4.0.jar!/skywalking-plugin.def 
INFO 2026-09-26 08:43:35.424 main PluginResourcesResolver : find skywalking plugin define in jar:file:/opt/skywalking/agent/plugins/apm-influxdb-2.x-plugin-9.4.0.jar!/skywalking-plugin.def 
INFO 2026-09-26 08:43:35.424 main PluginResourcesResolver : find skywalking plugin define in jar:file:/opt/skywalking/agent/plugins/apm-okhttp-4.x-plugin-9.4.0.jar!/skywalking-plugin.def 
INFO 2026-09-26 08:43:35.424 main PluginResourcesResolver : find skywalking plugin define in jar:file:/opt/skywalking/agent/plugins/apm-armeria-0.84.x-plugin-9.4.0.jar!/skywalking-plugin.def 
INFO 2026-09-26 08:43:35.424 main PluginResourcesResolver : find skywalking plugin define in jar:file:/opt/skywalking/agent/plugins/nats-2.14.x-2.16.5-plugin-9.4.0.jar!/skywalking-plugin.def 
INFO 2026-09-26 08:43:35.424 main PluginResourcesResolver : find skywalking plugin define in jar:file:/opt/skywalking/agent/plugins/apm-feign-default-http-9.x-plugin-9.4.0.jar!/skywalking-plugin.def 
INFO 2026-09-26 08:43:35.424 main PluginResourcesResolver : find skywalking plugin define in jar:file:/opt/skywalking/agent/plugins/micronaut-http-server-plugin-9.4.0.jar!/skywalking-plugin.def 
INFO 2026-09-26 08:43:35.425 main PluginResourcesResolver : find skywalking plugin define in jar:file:/opt/skywalking/agent/plugins/apm-elasticsearch-6.x-plugin-9.4.0.jar!/skywalking-plugin.def 
INFO 2026-09-26 08:43:35.425 main PluginResourcesResolver : find skywalking plugin define in jar:file:/opt/skywalking/agent/plugins/graphql-12.x-15.x-plugin-9.4.0.jar!/skywalking-plugin.def 
INFO 2026-09-26 08:43:35.425 main PluginResourcesResolver : find skywalking plugin define in jar:file:/opt/skywalking/agent/plugins/apm-spring-kafka-1.x-plugin-9.4.0.jar!/skywalking-plugin.def 
INFO 2026-09-26 08:43:35.425 main PluginResourcesResolver : find skywalking plugin define in jar:file:/opt/skywalking/agent/plugins/apm-dubbo-2.7.x-plugin-9.4.0.jar!/skywalking-plugin.def 
INFO 2026-09-26 08:43:35.425 main PluginResourcesResolver : find skywalking plugin define in jar:file:/opt/skywalking/agent/plugins/tomcat-7.x-8.x-plugin-9.4.0.jar!/skywalking-plugin.def 
INFO 2026-09-26 08:43:35.425 main PluginResourcesResolver : find skywalking plugin define in jar:file:/opt/skywalking/agent/plugins/apm-activemq-artemis-jakarta-client-2.x-plugin-9.4.0.jar!/skywalking-plugin.def 
INFO 2026-09-26 08:43:35.425 main PluginResourcesResolver : find skywalking plugin define in jar:file:/opt/skywalking/agent/plugins/apm-httpclient-3.x-plugin-9.4.0.jar!/skywalking-plugin.def 
INFO 2026-09-26 08:43:35.425 main PluginResourcesResolver : find skywalking plugin define in jar:file:/opt/skywalking/agent/plugins/apm-quasar-plugin-9.4.0.jar!/skywalking-plugin.def 
INFO 2026-09-26 08:43:35.425 main PluginResourcesResolver : find skywalking plugin define in jar:file:/opt/skywalking/agent/plugins/apm-spring-kafka-2.x-plugin-9.4.0.jar!/skywalking-plugin.def 
INFO 2026-09-26 08:43:35.425 main PluginResourcesResolver : find skywalking plugin define in jar:file:/opt/skywalking/agent/plugins/apm-pulsar-2.2-2.7-plugin-9.4.0.jar!/skywalking-plugin.def 
INFO 2026-09-26 08:43:35.426 main PluginResourcesResolver : find skywalking plugin define in jar:file:/opt/skywalking/agent/plugins/apm-spring-core-patch-9.4.0.jar!/skywalking-plugin.def 
INFO 2026-09-26 08:43:35.426 main PluginResourcesResolver : find skywalking plugin define in jar:file:/opt/skywalking/agent/plugins/apm-mysql-6.x-plugin-9.4.0.jar!/skywalking-plugin.def 
INFO 2026-09-26 08:43:35.426 main PluginResourcesResolver : find skywalking plugin define in jar:file:/opt/skywalking/agent/plugins/druid-1.x-plugin-9.4.0.jar!/skywalking-plugin.def 
INFO 2026-09-26 08:43:35.426 main PluginResourcesResolver : find skywalking plugin define in jar:file:/opt/skywalking/agent/plugins/apm-mssql-jdbc-plugin-9.4.0.jar!/skywalking-plugin.def 
INFO 2026-09-26 08:43:35.426 main PluginResourcesResolver : find skywalking plugin define in jar:file:/opt/skywalking/agent/plugins/resteasy-server-4.x-plugin-9.4.0.jar!/skywalking-plugin.def 
INFO 2026-09-26 08:43:35.426 main PluginResourcesResolver : find skywalking plugin define in jar:file:/opt/skywalking/agent/plugins/apm-grpc-1.x-plugin-9.4.0.jar!/skywalking-plugin.def 
INFO 2026-09-26 08:43:35.426 main PluginResourcesResolver : find skywalking plugin define in jar:file:/opt/skywalking/agent/plugins/apm-jetty-server-11.x-plugin-9.4.0.jar!/skywalking-plugin.def 
INFO 2026-09-26 08:43:35.426 main PluginResourcesResolver : find skywalking plugin define in jar:file:/opt/skywalking/agent/plugins/apm-c3p0-0.9.x-plugin-9.4.0.jar!/skywalking-plugin.def 
INFO 2026-09-26 08:43:35.426 main PluginResourcesResolver : find skywalking plugin define in jar:file:/opt/skywalking/agent/plugins/apm-spymemcached-2.x-plugin-9.4.0.jar!/skywalking-plugin.def 
INFO 2026-09-26 08:43:35.426 main PluginResourcesResolver : find skywalking plugin define in jar:file:/opt/skywalking/agent/plugins/apm-dubbo-3.x-plugin-9.4.0.jar!/skywalking-plugin.def 
INFO 2026-09-26 08:43:35.426 main PluginResourcesResolver : find skywalking plugin define in jar:file:/opt/skywalking/agent/plugins/dbcp-2.x-plugin-9.4.0.jar!/skywalking-plugin.def 
INFO 2026-09-26 08:43:35.427 main PluginResourcesResolver : find skywalking plugin define in jar:file:/opt/skywalking/agent/plugins/apm-finagle-6.25.x-plugin-9.4.0.jar!/skywalking-plugin.def 
INFO 2026-09-26 08:43:35.427 main PluginResourcesResolver : find skywalking plugin define in jar:file:/opt/skywalking/agent/plugins/apm-mssql-jtds-1.x-plugin-9.4.0.jar!/skywalking-plugin.def 
INFO 2026-09-26 08:43:35.427 main PluginResourcesResolver : find skywalking plugin define in jar:file:/opt/skywalking/agent/plugins/thrift-plugin-9.4.0.jar!/skywalking-plugin.def 
INFO 2026-09-26 08:43:35.427 main PluginResourcesResolver : find skywalking plugin define in jar:file:/opt/skywalking/agent/plugins/apm-nutz-http-1.x-plugin-9.4.0.jar!/skywalking-plugin.def 
INFO 2026-09-26 08:43:35.427 main PluginResourcesResolver : find skywalking plugin define in jar:file:/opt/skywalking/agent/plugins/apm-asynchttpclient-2.x-plugin-9.4.0.jar!/skywalking-plugin.def 
INFO 2026-09-26 08:43:35.427 main PluginResourcesResolver : find skywalking plugin define in jar:file:/opt/skywalking/agent/plugins/apm-spring-scheduled-annotation-plugin-9.4.0.jar!/skywalking-plugin.def 
INFO 2026-09-26 08:43:35.427 main PluginResourcesResolver : find skywalking plugin define in jar:file:/opt/skywalking/agent/plugins/apm-jetty-client-9.0-plugin-9.4.0.jar!/skywalking-plugin.def 
INFO 2026-09-26 08:43:35.427 main PluginResourcesResolver : find skywalking plugin define in jar:file:/opt/skywalking/agent/plugins/apm-canal-1.x-plugin-9.4.0.jar!/skywalking-plugin.def 
INFO 2026-09-26 08:43:35.427 main PluginResourcesResolver : find skywalking plugin define in jar:file:/opt/skywalking/agent/plugins/apm-rocketmq-client-java-5.x-plugin-9.4.0.jar!/skywalking-plugin.def 
INFO 2026-09-26 08:43:35.427 main PluginResourcesResolver : find skywalking plugin define in jar:file:/opt/skywalking/agent/plugins/apm-armeria-1.0.x-plugin-9.4.0.jar!/skywalking-plugin.def 
INFO 2026-09-26 08:43:35.427 main PluginResourcesResolver : find skywalking plugin define in jar:file:/opt/skywalking/agent/plugins/apm-rocketmq-4.x-plugin-9.4.0.jar!/skywalking-plugin.def 
INFO 2026-09-26 08:43:35.428 main PluginResourcesResolver : find skywalking plugin define in jar:file:/opt/skywalking/agent/plugins/apm-elasticsearch-7.x-plugin-9.4.0.jar!/skywalking-plugin.def 
INFO 2026-09-26 08:43:35.428 main PluginResourcesResolver : find skywalking plugin define in jar:file:/opt/skywalking/agent/plugins/dubbo-conflict-patch-9.4.0.jar!/skywalking-plugin.def 
INFO 2026-09-26 08:43:35.428 main PluginResourcesResolver : find skywalking plugin define in jar:file:/opt/skywalking/agent/plugins/apm-resttemplate-4.3.x-plugin-9.4.0.jar!/skywalking-plugin.def 
INFO 2026-09-26 08:43:35.428 main PluginResourcesResolver : find skywalking plugin define in jar:file:/opt/skywalking/agent/plugins/apm-clickhouse-0.3.2.x-plugin-9.4.0.jar!/skywalking-plugin.def 
INFO 2026-09-26 08:43:35.428 main PluginResourcesResolver : find skywalking plugin define in jar:file:/opt/skywalking/agent/plugins/apm-jetty-client-9.x-plugin-9.4.0.jar!/skywalking-plugin.def 
INFO 2026-09-26 08:43:35.428 main PluginResourcesResolver : find skywalking plugin define in jar:file:/opt/skywalking/agent/plugins/apm-hikaricp-3.x-4.x-plugin-9.4.0.jar!/skywalking-plugin.def 
INFO 2026-09-26 08:43:35.429 main PluginResourcesResolver : find skywalking plugin define in jar:file:/opt/skywalking/agent/plugins/apm-solrj-7.x-plugin-9.4.0.jar!/skywalking-plugin.def 
INFO 2026-09-26 08:43:35.429 main PluginResourcesResolver : find skywalking plugin define in jar:file:/opt/skywalking/agent/plugins/apm-struts2-2.x-plugin-9.4.0.jar!/skywalking-plugin.def 
INFO 2026-09-26 08:43:35.429 main PluginResourcesResolver : find skywalking plugin define in jar:file:/opt/skywalking/agent/plugins/jedis-4.x-plugin-9.4.0.jar!/skywalking-plugin.def 
INFO 2026-09-26 08:43:35.429 main PluginResourcesResolver : find skywalking plugin define in jar:file:/opt/skywalking/agent/plugins/apm-springmvc-annotation-commons-9.4.0.jar!/skywalking-plugin.def 
INFO 2026-09-26 08:43:35.429 main PluginResourcesResolver : find skywalking plugin define in jar:file:/opt/skywalking/agent/plugins/spring-webflux-6.x-webclient-plugin-9.4.0.jar!/skywalking-plugin.def 
INFO 2026-09-26 08:43:35.429 main PluginResourcesResolver : find skywalking plugin define in jar:file:/opt/skywalking/agent/plugins/apm-jersey-2.x-plugin-9.4.0.jar!/skywalking-plugin.def 
INFO 2026-09-26 08:43:35.429 main PluginResourcesResolver : find skywalking plugin define in jar:file:/opt/skywalking/agent/plugins/graphql-16plus-plugin-9.4.0.jar!/skywalking-plugin.def 
INFO 2026-09-26 08:43:35.429 main PluginResourcesResolver : find skywalking plugin define in jar:file:/opt/skywalking/agent/plugins/apm-netty-socketio-plugin-9.4.0.jar!/skywalking-plugin.def 
INFO 2026-09-26 08:43:35.429 main PluginResourcesResolver : find skywalking plugin define in jar:file:/opt/skywalking/agent/plugins/apm-httpclient-5.x-plugin-9.4.0.jar!/skywalking-plugin.def 
INFO 2026-09-26 08:43:35.430 main PluginResourcesResolver : find skywalking plugin define in jar:file:/opt/skywalking/agent/plugins/apm-elastic-job-2.x-plugin-9.4.0.jar!/skywalking-plugin.def 
INFO 2026-09-26 08:43:35.430 main PluginResourcesResolver : find skywalking plugin define in jar:file:/opt/skywalking/agent/plugins/apm-mysql-8.x-plugin-9.4.0.jar!/skywalking-plugin.def 
INFO 2026-09-26 08:43:35.430 main PluginResourcesResolver : find skywalking plugin define in jar:file:/opt/skywalking/agent/plugins/apm-jersey-3.x-plugin-9.4.0.jar!/skywalking-plugin.def 
INFO 2026-09-26 08:43:35.430 main PluginResourcesResolver : find skywalking plugin define in jar:file:/opt/skywalking/agent/plugins/apm-guava-eventbus-plugin-9.4.0.jar!/skywalking-plugin.def 
INFO 2026-09-26 08:43:35.430 main PluginResourcesResolver : find skywalking plugin define in jar:file:/opt/skywalking/agent/plugins/apm-spring-async-annotation-plugin-9.4.0.jar!/skywalking-plugin.def 
INFO 2026-09-26 08:43:35.430 main PluginResourcesResolver : find skywalking plugin define in jar:file:/opt/skywalking/agent/plugins/apm-elasticsearch-5.x-plugin-9.4.0.jar!/skywalking-plugin.def 
INFO 2026-09-26 08:43:35.430 main PluginResourcesResolver : find skywalking plugin define in jar:file:/opt/skywalking/agent/plugins/jsonrpc4j-1.x-plugin-9.4.0.jar!/skywalking-plugin.def 
INFO 2026-09-26 08:43:35.430 main PluginResourcesResolver : find skywalking plugin define in jar:file:/opt/skywalking/agent/plugins/graphql-8.x-plugin-9.4.0.jar!/skywalking-plugin.def 
INFO 2026-09-26 08:43:35.431 main PluginResourcesResolver : find skywalking plugin define in jar:file:/opt/skywalking/agent/plugins/apm-mysql-5.x-plugin-9.4.0.jar!/skywalking-plugin.def 
INFO 2026-09-26 08:43:35.431 main PluginResourcesResolver : find skywalking plugin define in jar:file:/opt/skywalking/agent/plugins/apm-jetty-server-9.x-plugin-9.4.0.jar!/skywalking-plugin.def 
INFO 2026-09-26 08:43:35.431 main PluginResourcesResolver : find skywalking plugin define in jar:file:/opt/skywalking/agent/plugins/apm-lettuce-5.x-plugin-9.4.0.jar!/skywalking-plugin.def 
INFO 2026-09-26 08:43:35.431 main PluginResourcesResolver : find skywalking plugin define in jar:file:/opt/skywalking/agent/plugins/apm-armeria-0.85.x-plugin-9.4.0.jar!/skywalking-plugin.def 
INFO 2026-09-26 08:43:35.431 main PluginResourcesResolver : find skywalking plugin define in jar:file:/opt/skywalking/agent/plugins/apm-tomcat-thread-pool-plugin-9.4.0.jar!/skywalking-plugin.def 
INFO 2026-09-26 08:43:35.431 main PluginResourcesResolver : find skywalking plugin define in jar:file:/opt/skywalking/agent/plugins/apm-resttemplate-3.x-plugin-9.4.0.jar!/skywalking-plugin.def 
INFO 2026-09-26 08:43:35.431 main PluginResourcesResolver : find skywalking plugin define in jar:file:/opt/skywalking/agent/plugins/apm-avro-plugin-9.4.0.jar!/skywalking-plugin.def 
INFO 2026-09-26 08:43:35.431 main PluginResourcesResolver : find skywalking plugin define in jar:file:/opt/skywalking/agent/plugins/resteasy-server-3.x-plugin-9.4.0.jar!/skywalking-plugin.def 
INFO 2026-09-26 08:43:35.431 main PluginResourcesResolver : find skywalking plugin define in jar:file:/opt/skywalking/agent/plugins/tomcat-10x-plugin-9.4.0.jar!/skywalking-plugin.def 
INFO 2026-09-26 08:43:35.431 main PluginResourcesResolver : find skywalking plugin define in jar:file:/opt/skywalking/agent/plugins/apm-elasticjob-3.x-plugin-9.4.0.jar!/skywalking-plugin.def 
INFO 2026-09-26 08:43:35.431 main PluginResourcesResolver : find skywalking plugin define in jar:file:/opt/skywalking/agent/plugins/apm-kafka-plugin-9.4.0.jar!/skywalking-plugin.def 
INFO 2026-09-26 08:43:35.432 main PluginResourcesResolver : find skywalking plugin define in jar:file:/opt/skywalking/agent/plugins/apm-hbase-1.x-2.x-plugin-9.4.0.jar!/skywalking-plugin.def 
INFO 2026-09-26 08:43:35.432 main PluginResourcesResolver : find skywalking plugin define in jar:file:/opt/skywalking/agent/plugins/apm-aerospike-plugin-9.4.0.jar!/skywalking-plugin.def 
INFO 2026-09-26 08:43:35.432 main PluginResourcesResolver : find skywalking plugin define in jar:file:/opt/skywalking/agent/plugins/apm-clickhouse-0.3.1-plugin-9.4.0.jar!/skywalking-plugin.def 
INFO 2026-09-26 08:43:35.432 main PluginResourcesResolver : find skywalking plugin define in jar:file:/opt/skywalking/agent/plugins/apm-neo4j-4.x-plugin-9.4.0.jar!/skywalking-plugin.def 
INFO 2026-09-26 08:43:35.432 main PluginResourcesResolver : find skywalking plugin define in jar:file:/opt/skywalking/agent/plugins/apm-mongodb-2.x-plugin-9.4.0.jar!/skywalking-plugin.def 
INFO 2026-09-26 08:43:35.432 main PluginResourcesResolver : find skywalking plugin define in jar:file:/opt/skywalking/agent/plugins/apm-mariadb-2.x-plugin-9.4.0.jar!/skywalking-plugin.def 
INFO 2026-09-26 08:43:35.432 main PluginResourcesResolver : find skywalking plugin define in jar:file:/opt/skywalking/agent/plugins/apm-cxf-3.x-plugin-9.4.0.jar!/skywalking-plugin.def 
INFO 2026-09-26 08:43:35.432 main PluginResourcesResolver : find skywalking plugin define in jar:file:/opt/skywalking/agent/plugins/apm-rocketmq-3.x-plugin-9.4.0.jar!/skywalking-plugin.def 
INFO 2026-09-26 08:43:35.432 main PluginResourcesResolver : find skywalking plugin define in jar:file:/opt/skywalking/agent/plugins/apm-mongodb-4.x-plugin-9.4.0.jar!/skywalking-plugin.def 
INFO 2026-09-26 08:43:35.432 main PluginResourcesResolver : find skywalking plugin define in jar:file:/opt/skywalking/agent/plugins/apm-spring-cloud-feign-1.x-plugin-9.4.0.jar!/skywalking-plugin.def 
INFO 2026-09-26 08:43:35.433 main PluginResourcesResolver : find skywalking plugin define in jar:file:/opt/skywalking/agent/plugins/apm-springmvc-annotation-5.x-plugin-9.4.0.jar!/skywalking-plugin.def 
INFO 2026-09-26 08:43:35.433 main PluginResourcesResolver : find skywalking plugin define in jar:file:/opt/skywalking/agent/plugins/dubbo-2.7.x-conflict-patch-9.4.0.jar!/skywalking-plugin.def 
INFO 2026-09-26 08:43:35.433 main PluginResourcesResolver : find skywalking plugin define in jar:file:/opt/skywalking/agent/plugins/websphere-liberty-23.x-plugin-9.4.0.jar!/skywalking-plugin.def 
INFO 2026-09-26 08:43:35.433 main PluginResourcesResolver : find skywalking plugin define in jar:file:/opt/skywalking/agent/plugins/apm-hystrix-1.x-plugin-9.4.0.jar!/skywalking-plugin.def 
INFO 2026-09-26 08:43:35.433 main PluginResourcesResolver : find skywalking plugin define in jar:file:/opt/skywalking/agent/plugins/jedis-2.x-3.x-plugin-9.4.0.jar!/skywalking-plugin.def 
INFO 2026-09-26 08:43:35.433 main PluginResourcesResolver : find skywalking plugin define in jar:file:/opt/skywalking/agent/plugins/apm-dubbo-plugin-9.4.0.jar!/skywalking-plugin.def 
INFO 2026-09-26 08:43:35.433 main PluginResourcesResolver : find skywalking plugin define in jar:file:/opt/skywalking/agent/plugins/apm-xmemcached-2.x-plugin-9.4.0.jar!/skywalking-plugin.def 
INFO 2026-09-26 08:43:35.433 main PluginResourcesResolver : find skywalking plugin define in jar:file:/opt/skywalking/agent/plugins/apm-spring-webflux-6.x-plugin-9.4.0.jar!/skywalking-plugin.def 
INFO 2026-09-26 08:43:35.433 main PluginResourcesResolver : find skywalking plugin define in jar:file:/opt/skywalking/agent/plugins/apm-spring-cloud-gateway-4.x-plugin-9.4.0.jar!/skywalking-plugin.def 
INFO 2026-09-26 08:43:35.433 main PluginResourcesResolver : find skywalking plugin define in jar:file:/opt/skywalking/agent/activations/apm-toolkit-micrometer-activation-9.4.0.jar!/skywalking-plugin.def 
INFO 2026-09-26 08:43:35.433 main PluginResourcesResolver : find skywalking plugin define in jar:file:/opt/skywalking/agent/activations/apm-toolkit-trace-activation-9.4.0.jar!/skywalking-plugin.def 
INFO 2026-09-26 08:43:35.434 main PluginResourcesResolver : find skywalking plugin define in jar:file:/opt/skywalking/agent/activations/apm-toolkit-kafka-activation-9.4.0.jar!/skywalking-plugin.def 
INFO 2026-09-26 08:43:35.434 main PluginResourcesResolver : find skywalking plugin define in jar:file:/opt/skywalking/agent/activations/apm-toolkit-webflux-activation-9.4.0.jar!/skywalking-plugin.def 
INFO 2026-09-26 08:43:35.434 main PluginResourcesResolver : find skywalking plugin define in jar:file:/opt/skywalking/agent/activations/apm-toolkit-meter-activation-9.4.0.jar!/skywalking-plugin.def 
INFO 2026-09-26 08:43:35.434 main PluginResourcesResolver : find skywalking plugin define in jar:file:/opt/skywalking/agent/activations/apm-toolkit-log4j-2.x-activation-9.4.0.jar!/skywalking-plugin.def 
INFO 2026-09-26 08:43:35.434 main PluginResourcesResolver : find skywalking plugin define in jar:file:/opt/skywalking/agent/activations/apm-toolkit-log4j-1.x-activation-9.4.0.jar!/skywalking-plugin.def 
INFO 2026-09-26 08:43:35.434 main PluginResourcesResolver : find skywalking plugin define in jar:file:/opt/skywalking/agent/activations/apm-toolkit-opentracing-activation-9.4.0.jar!/skywalking-plugin.def 
INFO 2026-09-26 08:43:35.434 main PluginResourcesResolver : find skywalking plugin define in jar:file:/opt/skywalking/agent/activations/apm-toolkit-logback-1.x-activation-9.4.0.jar!/skywalking-plugin.def 
INFO 2026-09-26 08:43:35.936 main SkyWalkingAgent : Skywalking agent begin to install transformer ... 
Sep 26, 2026 8:43:42 AM org.apache.skywalking.apm.dependencies.io.grpc.internal.ManagedChannelImpl$NameResolverListener handleErrorInSyncContext
WARNING: [Channel<1>: (skywalking-oap:11800)] Failed to resolve name. status=Status{code=UNAVAILABLE, description=Unable to resolve host skywalking-oap, cause=java.lang.RuntimeException: java.net.UnknownHostException: skywalking-oap: Temporary failure in name resolution
	at org.apache.skywalking.apm.dependencies.io.grpc.internal.DnsNameResolver.resolveAddresses(DnsNameResolver.java:224)
	at org.apache.skywalking.apm.dependencies.io.grpc.internal.DnsNameResolver.doResolve(DnsNameResolver.java:283)
	at org.apache.skywalking.apm.dependencies.io.grpc.internal.DnsNameResolver$Resolve.run(DnsNameResolver.java:320)
	at java.base/java.util.concurrent.ThreadPoolExecutor.runWorker(Unknown Source)
	at java.base/java.util.concurrent.ThreadPoolExecutor$Worker.run(Unknown Source)
	at java.base/java.lang.Thread.run(Unknown Source)
Caused by: java.net.UnknownHostException: skywalking-oap: Temporary failure in name resolution
	at java.base/java.net.Inet6AddressImpl.lookupAllHostAddr(Native Method)
	at java.base/java.net.Inet6AddressImpl.lookupAllHostAddr(Unknown Source)
	at java.base/java.net.InetAddress$PlatformResolver.lookupByName(Unknown Source)
	at java.base/java.net.InetAddress.getAddressesFromNameService(Unknown Source)
	at java.base/java.net.InetAddress$NameServiceAddresses.get(Unknown Source)
	at java.base/java.net.InetAddress.getAllByName0(Unknown Source)
	at java.base/java.net.InetAddress.getAllByName(Unknown Source)
	at org.apache.skywalking.apm.dependencies.io.grpc.internal.DnsNameResolver$JdkAddressResolver.resolveAddress(DnsNameResolver.java:644)
	at org.apache.skywalking.apm.dependencies.io.grpc.internal.DnsNameResolver.resolveAddresses(DnsNameResolver.java:220)
	... 5 more
}
Standard Commons Logging discovery in action with spring-jcl: please remove commons-logging.jar from classpath in order to avoid potential conflicts
Sep 26, 2026 8:43:43 AM org.apache.skywalking.apm.dependencies.io.grpc.internal.ManagedChannelImpl$NameResolverListener handleErrorInSyncContext
WARNING: [Channel<1>: (skywalking-oap:11800)] Failed to resolve name. status=Status{code=UNAVAILABLE, description=Unable to resolve host skywalking-oap, cause=java.lang.RuntimeException: java.net.UnknownHostException: skywalking-oap
	at org.apache.skywalking.apm.dependencies.io.grpc.internal.DnsNameResolver.resolveAddresses(DnsNameResolver.java:224)
	at org.apache.skywalking.apm.dependencies.io.grpc.internal.DnsNameResolver.doResolve(DnsNameResolver.java:283)
	at org.apache.skywalking.apm.dependencies.io.grpc.internal.DnsNameResolver$Resolve.run(DnsNameResolver.java:320)
	at java.base/java.util.concurrent.ThreadPoolExecutor.runWorker(Unknown Source)
	at java.base/java.util.concurrent.ThreadPoolExecutor$Worker.run(Unknown Source)
	at java.base/java.lang.Thread.run(Unknown Source)
Caused by: java.net.UnknownHostException: skywalking-oap
	at java.base/java.net.InetAddress$CachedLookup.get(Unknown Source)
	at java.base/java.net.InetAddress.getAllByName0(Unknown Source)
	at java.base/java.net.InetAddress.getAllByName(Unknown Source)
	at org.apache.skywalking.apm.dependencies.io.grpc.internal.DnsNameResolver$JdkAddressResolver.resolveAddress(DnsNameResolver.java:644)
	at org.apache.skywalking.apm.dependencies.io.grpc.internal.DnsNameResolver.resolveAddresses(DnsNameResolver.java:220)
	... 5 more
}
Sep 26, 2026 8:43:45 AM org.apache.skywalking.apm.dependencies.io.grpc.internal.ManagedChannelImpl$NameResolverListener handleErrorInSyncContext
WARNING: [Channel<1>: (skywalking-oap:11800)] Failed to resolve name. status=Status{code=UNAVAILABLE, description=Unable to resolve host skywalking-oap, cause=java.lang.RuntimeException: java.net.UnknownHostException: skywalking-oap
	at org.apache.skywalking.apm.dependencies.io.grpc.internal.DnsNameResolver.resolveAddresses(DnsNameResolver.java:224)
	at org.apache.skywalking.apm.dependencies.io.grpc.internal.DnsNameResolver.doResolve(DnsNameResolver.java:283)
	at org.apache.skywalking.apm.dependencies.io.grpc.internal.DnsNameResolver$Resolve.run(DnsNameResolver.java:320)
	at java.base/java.util.concurrent.ThreadPoolExecutor.runWorker(Unknown Source)
	at java.base/java.util.concurrent.ThreadPoolExecutor$Worker.run(Unknown Source)
	at java.base/java.lang.Thread.run(Unknown Source)
Caused by: java.net.UnknownHostException: skywalking-oap
	at java.base/java.net.InetAddress$CachedLookup.get(Unknown Source)
	at java.base/java.net.InetAddress.getAllByName0(Unknown Source)
	at java.base/java.net.InetAddress.getAllByName(Unknown Source)
	at org.apache.skywalking.apm.dependencies.io.grpc.internal.DnsNameResolver$JdkAddressResolver.resolveAddress(DnsNameResolver.java:644)
	at org.apache.skywalking.apm.dependencies.io.grpc.internal.DnsNameResolver.resolveAddresses(DnsNameResolver.java:220)
	... 5 more
}
08:43:50.328 [main] INFO com.alibaba.nacos.plugin.auth.spi.client.ClientAuthPluginManager -- [ClientAuthPluginManager] Load ClientAuthService com.alibaba.nacos.client.auth.impl.NacosClientAuthServiceImpl success.
08:43:50.328 [main] INFO com.alibaba.nacos.plugin.auth.spi.client.ClientAuthPluginManager -- [ClientAuthPluginManager] Load ClientAuthService com.alibaba.nacos.client.auth.ram.RamClientAuthServiceImpl success.
08:43:55.222 [main] INFO com.alibaba.nacos.common.ability.AbstractAbilityControlManager -- Ready to get current node abilities...
08:43:55.226 [main] INFO com.alibaba.nacos.common.ability.AbstractAbilityControlManager -- Ready to initialize current node abilities, support modes: [SDK_CLIENT]
08:43:55.228 [main] INFO com.alibaba.nacos.common.ability.AbstractAbilityControlManager -- Initialize current abilities finish...
08:43:55.229 [main] INFO com.alibaba.nacos.common.ability.discover.NacosAbilityManagerHolder -- [AbilityControlManager] Successfully initialize AbilityControlManager

  .   ____          _            __ _ _
 /\\ / ___'_ __ _ _(_)_ __  __ _ \ \ \ \
( ( )\___ | '_ | '_| | '_ \/ _` | \ \ \ \
 \\/  ___)| |_)| | | | | || (_| |  ) ) ) )
  '  |____| .__|_| |_|_| |_\__, | / / / /
 =========|_|==============|___/=/_/_/_/

 :: Spring Boot ::                (v3.4.5)

{"timestamp":"2026-09-26T08:43:56.377Z","level":"INFO","service":"flashsale-order","trace_id":"","span_id":"","user_id":"","order_id":"","event_id":"","idempotency_key":"","outbox_id":"","error_code":"","logger":"o.h.validator.internal.util.Version","message":"HV000001: Hibernate Validator 8.0.2.Final"}
{"timestamp":"2026-09-26T08:43:57.151Z","level":"INFO","service":"flashsale-order","trace_id":"","span_id":"","user_id":"","order_id":"","event_id":"","idempotency_key":"","outbox_id":"","error_code":"","logger":"c.flashsale.order.OrderApplication","message":"Starting OrderApplication v0.1.0-SNAPSHOT using Java 21.0.12 with PID 1 (/app/app.jar started by root in /)"}
{"timestamp":"2026-09-26T08:43:57.156Z","level":"INFO","service":"flashsale-order","trace_id":"","span_id":"","user_id":"","order_id":"","event_id":"","idempotency_key":"","outbox_id":"","error_code":"","logger":"c.flashsale.order.OrderApplication","message":"No active profile set, falling back to 1 default profile: \"default\""}
{"timestamp":"2026-09-26T08:43:58.545Z","level":"WARN","service":"flashsale-order","trace_id":"","span_id":"","user_id":"","order_id":"","event_id":"","idempotency_key":"","outbox_id":"","error_code":"","logger":"c.a.c.n.c.NacosConfigDataLoader","message":"[Nacos Config] config[dataId=flashsale-order.yaml, group=DEFAULT_GROUP] is empty"}
{"timestamp":"2026-09-26T08:43:59.054Z","level":"WARN","service":"flashsale-order","trace_id":"","span_id":"","user_id":"","order_id":"","event_id":"","idempotency_key":"","outbox_id":"","error_code":"","logger":"o.a.s.a.d.i.g.i.ManagedChannelImpl","message":"[Channel<1>: (skywalking-oap:11800)] Failed to resolve name. status=Status{code=UNAVAILABLE, description=Unable to resolve host skywalking-oap, cause=java.lang.RuntimeException: java.net.UnknownHostException: skywalking-oap
	at org.apache.skywalking.apm.dependencies.io.grpc.internal.DnsNameResolver.resolveAddresses(DnsNameResolver.java:224)
	at org.apache.skywalking.apm.dependencies.io.grpc.internal.DnsNameResolver.doResolve(DnsNameResolver.java:283)
	at org.apache.skywalking.apm.dependencies.io.grpc.internal.DnsNameResolver$Resolve.run(DnsNameResolver.java:320)
	at java.base/java.util.concurrent.ThreadPoolExecutor.runWorker(Unknown Source)
	at java.base/java.util.concurrent.ThreadPoolExecutor$Worker.run(Unknown Source)
	at java.base/java.lang.Thread.run(Unknown Source)
Caused by: java.net.UnknownHostException: skywalking-oap
	at java.base/java.net.InetAddress$CachedLookup.get(Unknown Source)
	at java.base/java.net.InetAddress.getAllByName0(Unknown Source)
	at java.base/java.net.InetAddress.getAllByName(Unknown Source)
	at org.apache.skywalking.apm.dependencies.io.grpc.internal.DnsNameResolver$JdkAddressResolver.resolveAddress(DnsNameResolver.java:644)
	at org.apache.skywalking.apm.dependencies.io.grpc.internal.DnsNameResolver.resolveAddresses(DnsNameResolver.java:220)
	... 5 more
}"}
{"timestamp":"2026-09-26T08:44:04.239Z","level":"INFO","service":"flashsale-order","trace_id":"","span_id":"","user_id":"","order_id":"","event_id":"","idempotency_key":"","outbox_id":"","error_code":"","logger":"o.s.d.r.c.RepositoryConfigurationDelegate","message":"Multiple Spring Data modules found, entering strict repository configuration mode"}
{"timestamp":"2026-09-26T08:44:04.258Z","level":"INFO","service":"flashsale-order","trace_id":"","span_id":"","user_id":"","order_id":"","event_id":"","idempotency_key":"","outbox_id":"","error_code":"","logger":"o.s.d.r.c.RepositoryConfigurationDelegate","message":"Bootstrapping Spring Data Redis repositories in DEFAULT mode."}
{"timestamp":"2026-09-26T08:44:04.396Z","level":"INFO","service":"flashsale-order","trace_id":"","span_id":"","user_id":"","order_id":"","event_id":"","idempotency_key":"","outbox_id":"","error_code":"","logger":"o.s.d.r.c.RepositoryConfigurationDelegate","message":"Finished Spring Data repository scanning in 65 ms. Found 0 Redis repository interfaces."}
{"timestamp":"2026-09-26T08:44:05.452Z","level":"INFO","service":"flashsale-order","trace_id":"","span_id":"","user_id":"","order_id":"","event_id":"","idempotency_key":"","outbox_id":"","error_code":"","logger":"o.s.cloud.context.scope.GenericScope","message":"BeanFactory id=78545ff6-7f2e-30af-bf96-b68220ea2a52"}
{"timestamp":"2026-09-26T08:44:05.886Z","level":"WARN","service":"flashsale-order","trace_id":"","span_id":"","user_id":"","order_id":"","event_id":"","idempotency_key":"","outbox_id":"","error_code":"","logger":"o.s.c.s.PostProcessorRegistrationDelegate$BeanPostProcessorChecker","message":"Bean 'org.apache.rocketmq.spring.autoconfigure.ListenerContainerConfiguration' of type [org.apache.rocketmq.spring.autoconfigure.ListenerContainerConfiguration$$SpringCGLIB$$0] is not eligible for getting processed by all BeanPostProcessors (for example: not eligible for auto-proxying). Is this bean getting eagerly injected/applied to a currently created BeanPostProcessor [org.apache.rocketmq.spring.annotation.RocketMQMessageListenerBeanPostProcessor]? Check the corresponding BeanPostProcessor declaration and its dependencies/advisors. If this bean does not have to be post-processed, declare it with ROLE_INFRASTRUCTURE."}
{"timestamp":"2026-09-26T08:44:07.584Z","level":"WARN","service":"flashsale-order","trace_id":"","span_id":"","user_id":"","order_id":"","event_id":"","idempotency_key":"","outbox_id":"","error_code":"","logger":"o.s.c.s.PostProcessorRegistrationDelegate$BeanPostProcessorChecker","message":"Bean 'org.apache.rocketmq.spring.autoconfigure.MessageConverterConfiguration' of type [org.apache.rocketmq.spring.autoconfigure.MessageConverterConfiguration$$SpringCGLIB$$0] is not eligible for getting processed by all BeanPostProcessors (for example: not eligible for auto-proxying). Is this bean getting eagerly injected/applied to a currently created BeanPostProcessor [org.apache.rocketmq.spring.annotation.RocketMQMessageListenerBeanPostProcessor]? Check the corresponding BeanPostProcessor declaration and its dependencies/advisors. If this bean does not have to be post-processed, declare it with ROLE_INFRASTRUCTURE."}
{"timestamp":"2026-09-26T08:44:07.852Z","level":"WARN","service":"flashsale-order","trace_id":"","span_id":"","user_id":"","order_id":"","event_id":"","idempotency_key":"","outbox_id":"","error_code":"","logger":"o.s.c.s.PostProcessorRegistrationDelegate$BeanPostProcessorChecker","message":"Bean 'createRocketMQMessageConverter' of type [org.apache.rocketmq.spring.support.RocketMQMessageConverter] is not eligible for getting processed by all BeanPostProcessors (for example: not eligible for auto-proxying). Is this bean getting eagerly injected/applied to a currently created BeanPostProcessor [org.apache.rocketmq.spring.annotation.RocketMQMessageListenerBeanPostProcessor]? Check the corresponding BeanPostProcessor declaration and its dependencies/advisors. If this bean does not have to be post-processed, declare it with ROLE_INFRASTRUCTURE."}
{"timestamp":"2026-09-26T08:44:07.889Z","level":"WARN","service":"flashsale-order","trace_id":"","span_id":"","user_id":"","order_id":"","event_id":"","idempotency_key":"","outbox_id":"","error_code":"","logger":"o.s.c.s.PostProcessorRegistrationDelegate$BeanPostProcessorChecker","message":"Bean 'org.springframework.cloud.commons.config.CommonsConfigAutoConfiguration' of type [org.springframework.cloud.commons.config.CommonsConfigAutoConfiguration] is not eligible for getting processed by all BeanPostProcessors (for example: not eligible for auto-proxying). Is this bean getting eagerly injected/applied to a currently created BeanPostProcessor [org.apache.rocketmq.spring.annotation.RocketMQMessageListenerBeanPostProcessor]? Check the corresponding BeanPostProcessor declaration and its dependencies/advisors. If this bean does not have to be post-processed, declare it with ROLE_INFRASTRUCTURE."}
{"timestamp":"2026-09-26T08:44:07.895Z","level":"WARN","service":"flashsale-order","trace_id":"","span_id":"","user_id":"","order_id":"","event_id":"","idempotency_key":"","outbox_id":"","error_code":"","logger":"o.s.c.s.PostProcessorRegistrationDelegate$BeanPostProcessorChecker","message":"Bean 'org.springframework.cloud.client.loadbalancer.LoadBalancerDefaultMappingsProviderAutoConfiguration' of type [org.springframework.cloud.client.loadbalancer.LoadBalancerDefaultMappingsProviderAutoConfiguration] is not eligible for getting processed by all BeanPostProcessors (for example: not eligible for auto-proxying). Is this bean getting eagerly injected/applied to a currently created BeanPostProcessor [org.apache.rocketmq.spring.annotation.RocketMQMessageListenerBeanPostProcessor]? Check the corresponding BeanPostProcessor declaration and its dependencies/advisors. If this bean does not have to be post-processed, declare it with ROLE_INFRASTRUCTURE."}
{"timestamp":"2026-09-26T08:44:07.897Z","level":"WARN","service":"flashsale-order","trace_id":"","span_id":"","user_id":"","order_id":"","event_id":"","idempotency_key":"","outbox_id":"","error_code":"","logger":"o.s.c.s.PostProcessorRegistrationDelegate$BeanPostProcessorChecker","message":"Bean 'loadBalancerClientsDefaultsMappingsProvider' of type [org.springframework.cloud.client.loadbalancer.LoadBalancerDefaultMappingsProviderAutoConfiguration$$Lambda/0x0000705a389c9a50] is not eligible for getting processed by all BeanPostProcessors (for example: not eligible for auto-proxying). Is this bean getting eagerly injected/applied to a currently created BeanPostProcessor [org.apache.rocketmq.spring.annotation.RocketMQMessageListenerBeanPostProcessor]? Check the corresponding BeanPostProcessor declaration and its dependencies/advisors. If this bean does not have to be post-processed, declare it with ROLE_INFRASTRUCTURE."}
{"timestamp":"2026-09-26T08:44:07.899Z","level":"WARN","service":"flashsale-order","trace_id":"","span_id":"","user_id":"","order_id":"","event_id":"","idempotency_key":"","outbox_id":"","error_code":"","logger":"o.s.c.s.PostProcessorRegistrationDelegate$BeanPostProcessorChecker","message":"Bean 'defaultsBindHandlerAdvisor' of type [org.springframework.cloud.commons.config.DefaultsBindHandlerAdvisor] is not eligible for getting processed by all BeanPostProcessors (for example: not eligible for auto-proxying). Is this bean getting eagerly injected/applied to a currently created BeanPostProcessor [org.apache.rocketmq.spring.annotation.RocketMQMessageListenerBeanPostProcessor]? Check the corresponding BeanPostProcessor declaration and its dependencies/advisors. If this bean does not have to be post-processed, declare it with ROLE_INFRASTRUCTURE."}
{"timestamp":"2026-09-26T08:44:07.913Z","level":"WARN","service":"flashsale-order","trace_id":"","span_id":"","user_id":"","order_id":"","event_id":"","idempotency_key":"","outbox_id":"","error_code":"","logger":"o.s.c.s.PostProcessorRegistrationDelegate$BeanPostProcessorChecker","message":"Bean 'rocketmq-org.apache.rocketmq.spring.autoconfigure.RocketMQProperties' of type [org.apache.rocketmq.spring.autoconfigure.RocketMQProperties] is not eligible for getting processed by all BeanPostProcessors (for example: not eligible for auto-proxying). Is this bean getting eagerly injected/applied to a currently created BeanPostProcessor [org.apache.rocketmq.spring.annotation.RocketMQMessageListenerBeanPostProcessor]? Check the corresponding BeanPostProcessor declaration and its dependencies/advisors. If this bean does not have to be post-processed, declare it with ROLE_INFRASTRUCTURE."}
{"timestamp":"2026-09-26T08:44:07.922Z","level":"WARN","service":"flashsale-order","trace_id":"","span_id":"","user_id":"","order_id":"","event_id":"","idempotency_key":"","outbox_id":"","error_code":"","logger":"o.s.c.s.PostProcessorRegistrationDelegate$BeanPostProcessorChecker","message":"Bean 'rocketMQMessageListenerContainerRegistrar' of type [org.apache.rocketmq.spring.support.RocketMQMessageListenerContainerRegistrar] is not eligible for getting processed by all BeanPostProcessors (for example: not eligible for auto-proxying). Is this bean getting eagerly injected/applied to a currently created BeanPostProcessor [org.apache.rocketmq.spring.annotation.RocketMQMessageListenerBeanPostProcessor]? Check the corresponding BeanPostProcessor declaration and its dependencies/advisors. If this bean does not have to be post-processed, declare it with ROLE_INFRASTRUCTURE."}
{"timestamp":"2026-09-26T08:44:09.139Z","level":"INFO","service":"flashsale-order","trace_id":"","span_id":"","user_id":"","order_id":"","event_id":"","idempotency_key":"","outbox_id":"","error_code":"","logger":"o.s.b.w.e.tomcat.TomcatWebServer","message":"Tomcat initialized with port 8080 (http)"}
{"timestamp":"2026-09-26T08:44:09.174Z","level":"INFO","service":"flashsale-order","trace_id":"","span_id":"","user_id":"","order_id":"","event_id":"","idempotency_key":"","outbox_id":"","error_code":"","logger":"o.a.coyote.http11.Http11NioProtocol","message":"Initializing ProtocolHandler [\"http-nio-8080\"]"}
{"timestamp":"2026-09-26T08:44:09.181Z","level":"INFO","service":"flashsale-order","trace_id":"","span_id":"","user_id":"","order_id":"","event_id":"","idempotency_key":"","outbox_id":"","error_code":"","logger":"o.a.catalina.core.StandardService","message":"Starting service [Tomcat]"}
{"timestamp":"2026-09-26T08:44:09.182Z","level":"INFO","service":"flashsale-order","trace_id":"","span_id":"","user_id":"","order_id":"","event_id":"","idempotency_key":"","outbox_id":"","error_code":"","logger":"o.a.catalina.core.StandardEngine","message":"Starting Servlet engine: [Apache Tomcat/10.1.40]"}
{"timestamp":"2026-09-26T08:44:09.293Z","level":"INFO","service":"flashsale-order","trace_id":"","span_id":"","user_id":"","order_id":"","event_id":"","idempotency_key":"","outbox_id":"","error_code":"","logger":"o.a.c.c.C.[Tomcat].[localhost].[/]","message":"Initializing Spring embedded WebApplicationContext"}
{"timestamp":"2026-09-26T08:44:09.295Z","level":"INFO","service":"flashsale-order","trace_id":"","span_id":"","user_id":"","order_id":"","event_id":"","idempotency_key":"","outbox_id":"","error_code":"","logger":"o.s.b.w.s.c.ServletWebServerApplicationContext","message":"Root WebApplicationContext: initialization completed in 10739 ms"}
Standard Commons Logging discovery in action with spring-jcl: please remove commons-logging.jar from classpath in order to avoid potential conflicts
{"timestamp":"2026-09-26T08:44:09.958Z","level":"WARN","service":"flashsale-order","trace_id":"","span_id":"","user_id":"","order_id":"","event_id":"","idempotency_key":"","outbox_id":"","error_code":"","logger":"o.a.s.a.d.i.g.i.ManagedChannelImpl","message":"[Channel<1>: (skywalking-oap:11800)] Failed to resolve name. status=Status{code=UNAVAILABLE, description=Unable to resolve host skywalking-oap, cause=java.lang.RuntimeException: java.net.UnknownHostException: skywalking-oap: Temporary failure in name resolution
	at org.apache.skywalking.apm.dependencies.io.grpc.internal.DnsNameResolver.resolveAddresses(DnsNameResolver.java:224)
	at org.apache.skywalking.apm.dependencies.io.grpc.internal.DnsNameResolver.doResolve(DnsNameResolver.java:283)
	at org.apache.skywalking.apm.dependencies.io.grpc.internal.DnsNameResolver$Resolve.run(DnsNameResolver.java:320)
	at java.base/java.util.concurrent.ThreadPoolExecutor.runWorker(Unknown Source)
	at java.base/java.util.concurrent.ThreadPoolExecutor$Worker.run(Unknown Source)
	at java.base/java.lang.Thread.run(Unknown Source)
Caused by: java.net.UnknownHostException: skywalking-oap: Temporary failure in name resolution
	at java.base/java.net.Inet6AddressImpl.lookupAllHostAddr(Native Method)
	at java.base/java.net.Inet6AddressImpl.lookupAllHostAddr(Unknown Source)
	at java.base/java.net.InetAddress$PlatformResolver.lookupByName(Unknown Source)
	at java.base/java.net.InetAddress.getAddressesFromNameService(Unknown Source)
	at java.base/java.net.InetAddress$NameServiceAddresses.get(Unknown Source)
	at java.base/java.net.InetAddress.getAllByName0(Unknown Source)
	at java.base/java.net.InetAddress.getAllByName(Unknown Source)
	at org.apache.skywalking.apm.dependencies.io.grpc.internal.DnsNameResolver$JdkAddressResolver.resolveAddress(DnsNameResolver.java:644)
	at org.apache.skywalking.apm.dependencies.io.grpc.internal.DnsNameResolver.resolveAddresses(DnsNameResolver.java:220)
	... 5 more
}"}
{"timestamp":"2026-09-26T08:44:13.221Z","level":"INFO","service":"flashsale-order","trace_id":"","span_id":"","user_id":"","order_id":"","event_id":"","idempotency_key":"","outbox_id":"","error_code":"","logger":"o.s.c.o.FeignClientFactoryBean","message":"For 'flashsale-product' URL not provided. Will try picking an instance via load-balancing."}
{"timestamp":"2026-09-26T08:44:13.371Z","level":"INFO","service":"flashsale-order","trace_id":"","span_id":"","user_id":"","order_id":"","event_id":"","idempotency_key":"","outbox_id":"","error_code":"","logger":"o.s.c.o.FeignClientFactoryBean","message":"For 'flashsale-activity' URL not provided. Will try picking an instance via load-balancing."}
{"timestamp":"2026-09-26T08:44:13.423Z","level":"INFO","service":"flashsale-order","trace_id":"","span_id":"","user_id":"","order_id":"","event_id":"","idempotency_key":"","outbox_id":"","error_code":"","logger":"o.s.c.o.FeignClientFactoryBean","message":"For 'flashsale-coupon' URL not provided. Will try picking an instance via load-balancing."}
{"timestamp":"2026-09-26T08:44:16.326Z","level":"WARN","service":"flashsale-order","trace_id":"","span_id":"","user_id":"","order_id":"","event_id":"","idempotency_key":"","outbox_id":"","error_code":"","logger":"o.a.r.s.a.RocketMQAutoConfiguration","message":"The necessary spring property 'rocketmq.name-server' is not defined, all rockertmq beans creation are skipped!"}
{"timestamp":"2026-09-26T08:44:17.821Z","level":"WARN","service":"flashsale-order","trace_id":"","span_id":"","user_id":"","order_id":"","event_id":"","idempotency_key":"","outbox_id":"","error_code":"","logger":"o.s.c.l.c.LoadBalancerCacheAutoConfiguration$LoadBalancerCaffeineWarnLogger","message":"Spring Cloud LoadBalancer is currently working with the default cache. While this cache implementation is useful for development and tests, it's recommended to use Caffeine cache in production.You can switch to using Caffeine cache, by adding it and org.springframework.cache.caffeine.CaffeineCacheManager to the classpath."}
{"timestamp":"2026-09-26T08:44:17.848Z","level":"INFO","service":"flashsale-order","trace_id":"","span_id":"","user_id":"","order_id":"","event_id":"","idempotency_key":"","outbox_id":"","error_code":"","logger":"o.s.b.a.e.web.EndpointLinksResolver","message":"Exposing 3 endpoints beneath base path '/actuator'"}
{"timestamp":"2026-09-26T08:44:17.900Z","level":"INFO","service":"flashsale-order","trace_id":"","span_id":"","user_id":"","order_id":"","event_id":"","idempotency_key":"","outbox_id":"","error_code":"","logger":"c.x.job.core.executor.XxlJobExecutor","message":">>>>>>>>>>> xxl-job register jobhandler success, name:outboxDispatch, jobHandler:com.xxl.job.core.handler.impl.MethodJobHandler@76acd3f3[class com.flashsale.common.messaging.OutboxDispatchTask#runXxlJob]"}
{"timestamp":"2026-09-26T08:44:18.123Z","level":"INFO","service":"flashsale-order","trace_id":"","span_id":"","user_id":"","order_id":"","event_id":"","idempotency_key":"","outbox_id":"","error_code":"","logger":"o.a.coyote.http11.Http11NioProtocol","message":"Starting ProtocolHandler [\"http-nio-8080\"]"}
{"timestamp":"2026-09-26T08:44:18.201Z","level":"INFO","service":"flashsale-order","trace_id":"","span_id":"","user_id":"","order_id":"","event_id":"","idempotency_key":"","outbox_id":"","error_code":"","logger":"o.s.b.w.e.tomcat.TomcatWebServer","message":"Tomcat started on port 8080 (http) with context path '/'"}
{"timestamp":"2026-09-26T08:44:18.297Z","level":"INFO","service":"flashsale-order","trace_id":"","span_id":"","user_id":"","order_id":"","event_id":"","idempotency_key":"","outbox_id":"","error_code":"","logger":"c.a.n.p.a.s.c.ClientAuthPluginManager","message":"[ClientAuthPluginManager] Load ClientAuthService com.alibaba.nacos.client.auth.impl.NacosClientAuthServiceImpl success."}
{"timestamp":"2026-09-26T08:44:18.300Z","level":"INFO","service":"flashsale-order","trace_id":"","span_id":"","user_id":"","order_id":"","event_id":"","idempotency_key":"","outbox_id":"","error_code":"","logger":"c.a.n.p.a.s.c.ClientAuthPluginManager","message":"[ClientAuthPluginManager] Load ClientAuthService com.alibaba.nacos.client.auth.ram.RamClientAuthServiceImpl success."}
{"timestamp":"2026-09-26T08:44:18.482Z","level":"INFO","service":"flashsale-order","trace_id":"","span_id":"","user_id":"","order_id":"","event_id":"","idempotency_key":"","outbox_id":"","error_code":"","logger":"com.xxl.job.core.server.EmbedServer","message":">>>>>>>>>>> xxl-job remoting server start success, nettype = class com.xxl.job.core.server.EmbedServer, port = 9999"}
{"timestamp":"2026-09-26T08:44:18.498Z","level":"INFO","service":"flashsale-order","trace_id":"","span_id":"","user_id":"","order_id":"","event_id":"","idempotency_key":"","outbox_id":"","error_code":"","logger":"c.a.c.n.r.NacosServiceRegistry","message":"nacos registry, DEFAULT_GROUP flashsale-order 172.20.0.14:8080 register finished"}
{"timestamp":"2026-09-26T08:44:18.546Z","level":"INFO","service":"flashsale-order","trace_id":"","span_id":"","user_id":"","order_id":"","event_id":"","idempotency_key":"","outbox_id":"","error_code":"","logger":"c.flashsale.order.OrderApplication","message":"Started OrderApplication in 33.477 seconds (process running for 43.683)"}
{"timestamp":"2026-09-26T08:44:18.682Z","level":"INFO","service":"flashsale-order","trace_id":"","span_id":"","user_id":"","order_id":"","event_id":"","idempotency_key":"","outbox_id":"","error_code":"","logger":"c.a.c.n.r.NacosContextRefresher","message":"[Nacos Config] Listening config: dataId=flashsale-order.yaml, group=DEFAULT_GROUP"}
{"timestamp":"2026-09-26T08:44:26.145Z","level":"INFO","service":"flashsale-order","trace_id":"","span_id":"","user_id":"","order_id":"","event_id":"","idempotency_key":"","outbox_id":"","error_code":"","logger":"o.a.c.c.C.[Tomcat].[localhost].[/]","message":"Initializing Spring DispatcherServlet 'dispatcherServlet'"}
{"timestamp":"2026-09-26T08:44:26.145Z","level":"INFO","service":"flashsale-order","trace_id":"","span_id":"","user_id":"","order_id":"","event_id":"","idempotency_key":"","outbox_id":"","error_code":"","logger":"o.s.web.servlet.DispatcherServlet","message":"Initializing Servlet 'dispatcherServlet'"}
{"timestamp":"2026-09-26T08:44:26.147Z","level":"INFO","service":"flashsale-order","trace_id":"","span_id":"","user_id":"","order_id":"","event_id":"","idempotency_key":"","outbox_id":"","error_code":"","logger":"o.s.web.servlet.DispatcherServlet","message":"Completed initialization in 2 ms"}
{"timestamp":"2026-09-26T08:44:26.317Z","level":"INFO","service":"flashsale-order","trace_id":"54e25109-0e1d-4c96-ae54-eb6499422140","span_id":"941086eb-0c4c-47b0-94b0-321b35e41c5f","user_id":"","order_id":"","event_id":"","idempotency_key":"","outbox_id":"","error_code":"","logger":"com.zaxxer.hikari.HikariDataSource","message":"HikariPool-1 - Starting..."}
{"timestamp":"2026-09-26T08:44:26.777Z","level":"INFO","service":"flashsale-order","trace_id":"54e25109-0e1d-4c96-ae54-eb6499422140","span_id":"941086eb-0c4c-47b0-94b0-321b35e41c5f","user_id":"","order_id":"","event_id":"","idempotency_key":"","outbox_id":"","error_code":"","logger":"com.zaxxer.hikari.pool.HikariPool","message":"HikariPool-1 - Added connection org.postgresql.jdbc.PgConnection@33952535"}
{"timestamp":"2026-09-26T08:44:26.788Z","level":"INFO","service":"flashsale-order","trace_id":"54e25109-0e1d-4c96-ae54-eb6499422140","span_id":"941086eb-0c4c-47b0-94b0-321b35e41c5f","user_id":"","order_id":"","event_id":"","idempotency_key":"","outbox_id":"","error_code":"","logger":"com.zaxxer.hikari.HikariDataSource","message":"HikariPool-1 - Start completed."}
{"timestamp":"2026-09-26T08:44:28.160Z","level":"WARN","service":"flashsale-order","trace_id":"","span_id":"","user_id":"","order_id":"","event_id":"","idempotency_key":"","outbox_id":"","error_code":"","logger":"o.a.s.a.d.i.g.i.ManagedChannelImpl","message":"[Channel<1>: (skywalking-oap:11800)] Failed to resolve name. status=Status{code=UNAVAILABLE, description=Unable to resolve host skywalking-oap, cause=java.lang.RuntimeException: java.net.UnknownHostException: skywalking-oap: Temporary failure in name resolution
	at org.apache.skywalking.apm.dependencies.io.grpc.internal.DnsNameResolver.resolveAddresses(DnsNameResolver.java:224)
	at org.apache.skywalking.apm.dependencies.io.grpc.internal.DnsNameResolver.doResolve(DnsNameResolver.java:283)
	at org.apache.skywalking.apm.dependencies.io.grpc.internal.DnsNameResolver$Resolve.run(DnsNameResolver.java:320)
	at java.base/java.util.concurrent.ThreadPoolExecutor.runWorker(Unknown Source)
	at java.base/java.util.concurrent.ThreadPoolExecutor$Worker.run(Unknown Source)
	at java.base/java.lang.Thread.run(Unknown Source)
Caused by: java.net.UnknownHostException: skywalking-oap: Temporary failure in name resolution
	at java.base/java.net.Inet6AddressImpl.lookupAllHostAddr(Native Method)
	at java.base/java.net.Inet6AddressImpl.lookupAllHostAddr(Unknown Source)
	at java.base/java.net.InetAddress$PlatformResolver.lookupByName(Unknown Source)
	at java.base/java.net.InetAddress.getAddressesFromNameService(Unknown Source)
	at java.base/java.net.InetAddress$NameServiceAddresses.get(Unknown Source)
	at java.base/java.net.InetAddress.getAllByName0(Unknown Source)
	at java.base/java.net.InetAddress.getAllByName(Unknown Source)
	at org.apache.skywalking.apm.dependencies.io.grpc.internal.DnsNameResolver$JdkAddressResolver.resolveAddress(DnsNameResolver.java:644)
	at org.apache.skywalking.apm.dependencies.io.grpc.internal.DnsNameResolver.resolveAddresses(DnsNameResolver.java:220)
	... 5 more
}"}
{"timestamp":"2026-09-26T08:44:37.249Z","level":"INFO","service":"flashsale-order","trace_id":"","span_id":"","user_id":"","order_id":"","event_id":"","idempotency_key":"","outbox_id":"","error_code":"","logger":"c.x.job.core.executor.XxlJobExecutor","message":">>>>>>>>>>> xxl-job regist JobThread success, jobId:4, handler:com.xxl.job.core.handler.impl.MethodJobHandler@76acd3f3[class com.flashsale.common.messaging.OutboxDispatchTask#runXxlJob]"}
{"timestamp":"2026-09-26T08:44:55.189Z","level":"WARN","service":"flashsale-order","trace_id":"","span_id":"","user_id":"","order_id":"","event_id":"","idempotency_key":"","outbox_id":"","error_code":"","logger":"o.a.s.a.d.i.g.i.ManagedChannelImpl","message":"[Channel<1>: (skywalking-oap:11800)] Failed to resolve name. status=Status{code=UNAVAILABLE, description=Unable to resolve host skywalking-oap, cause=java.lang.RuntimeException: java.net.UnknownHostException: skywalking-oap: Temporary failure in name resolution
	at org.apache.skywalking.apm.dependencies.io.grpc.internal.DnsNameResolver.resolveAddresses(DnsNameResolver.java:224)
	at org.apache.skywalking.apm.dependencies.io.grpc.internal.DnsNameResolver.doResolve(DnsNameResolver.java:283)
	at org.apache.skywalking.apm.dependencies.io.grpc.internal.DnsNameResolver$Resolve.run(DnsNameResolver.java:320)
	at java.base/java.util.concurrent.ThreadPoolExecutor.runWorker(Unknown Source)
	at java.base/java.util.concurrent.ThreadPoolExecutor$Worker.run(Unknown Source)
	at java.base/java.lang.Thread.run(Unknown Source)
Caused by: java.net.UnknownHostException: skywalking-oap: Temporary failure in name resolution
	at java.base/java.net.Inet6AddressImpl.lookupAllHostAddr(Native Method)
	at java.base/java.net.Inet6AddressImpl.lookupAllHostAddr(Unknown Source)
	at java.base/java.net.InetAddress$PlatformResolver.lookupByName(Unknown Source)
	at java.base/java.net.InetAddress.getAddressesFromNameService(Unknown Source)
	at java.base/java.net.InetAddress$NameServiceAddresses.get(Unknown Source)
	at java.base/java.net.InetAddress.getAllByName0(Unknown Source)
	at java.base/java.net.InetAddress.getAllByName(Unknown Source)
	at org.apache.skywalking.apm.dependencies.io.grpc.internal.DnsNameResolver$JdkAddressResolver.resolveAddress(DnsNameResolver.java:644)
	at org.apache.skywalking.apm.dependencies.io.grpc.internal.DnsNameResolver.resolveAddresses(DnsNameResolver.java:220)
	... 5 more
}"}
{"timestamp":"2026-09-26T08:45:35.636Z","level":"WARN","service":"flashsale-order","trace_id":"","span_id":"","user_id":"","order_id":"","event_id":"","idempotency_key":"","outbox_id":"","error_code":"","logger":"o.a.s.a.d.i.g.i.ManagedChannelImpl","message":"[Channel<1>: (skywalking-oap:11800)] Failed to resolve name. status=Status{code=UNAVAILABLE, description=Unable to resolve host skywalking-oap, cause=java.lang.RuntimeException: java.net.UnknownHostException: skywalking-oap: Temporary failure in name resolution
	at org.apache.skywalking.apm.dependencies.io.grpc.internal.DnsNameResolver.resolveAddresses(DnsNameResolver.java:224)
	at org.apache.skywalking.apm.dependencies.io.grpc.internal.DnsNameResolver.doResolve(DnsNameResolver.java:283)
	at org.apache.skywalking.apm.dependencies.io.grpc.internal.DnsNameResolver$Resolve.run(DnsNameResolver.java:320)
	at java.base/java.util.concurrent.ThreadPoolExecutor.runWorker(Unknown Source)
	at java.base/java.util.concurrent.ThreadPoolExecutor$Worker.run(Unknown Source)
	at java.base/java.lang.Thread.run(Unknown Source)
Caused by: java.net.UnknownHostException: skywalking-oap: Temporary failure in name resolution
	at java.base/java.net.Inet6AddressImpl.lookupAllHostAddr(Native Method)
	at java.base/java.net.Inet6AddressImpl.lookupAllHostAddr(Unknown Source)
	at java.base/java.net.InetAddress$PlatformResolver.lookupByName(Unknown Source)
	at java.base/java.net.InetAddress.getAddressesFromNameService(Unknown Source)
	at java.base/java.net.InetAddress$NameServiceAddresses.get(Unknown Source)
	at java.base/java.net.InetAddress.getAllByName0(Unknown Source)
	at java.base/java.net.InetAddress.getAllByName(Unknown Source)
	at org.apache.skywalking.apm.dependencies.io.grpc.internal.DnsNameResolver$JdkAddressResolver.resolveAddress(DnsNameResolver.java:644)
	at org.apache.skywalking.apm.dependencies.io.grpc.internal.DnsNameResolver.resolveAddresses(DnsNameResolver.java:220)
	... 5 more
}"}
{"timestamp":"2026-09-26T08:46:31.342Z","level":"WARN","service":"flashsale-order","trace_id":"","span_id":"","user_id":"","order_id":"","event_id":"","idempotency_key":"","outbox_id":"","error_code":"","logger":"o.a.s.a.d.i.g.i.ManagedChannelImpl","message":"[Channel<1>: (skywalking-oap:11800)] Failed to resolve name. status=Status{code=UNAVAILABLE, description=Unable to resolve host skywalking-oap, cause=java.lang.RuntimeException: java.net.UnknownHostException: skywalking-oap: Temporary failure in name resolution
	at org.apache.skywalking.apm.dependencies.io.grpc.internal.DnsNameResolver.resolveAddresses(DnsNameResolver.java:224)
	at org.apache.skywalking.apm.dependencies.io.grpc.internal.DnsNameResolver.doResolve(DnsNameResolver.java:283)
	at org.apache.skywalking.apm.dependencies.io.grpc.internal.DnsNameResolver$Resolve.run(DnsNameResolver.java:320)
	at java.base/java.util.concurrent.ThreadPoolExecutor.runWorker(Unknown Source)
	at java.base/java.util.concurrent.ThreadPoolExecutor$Worker.run(Unknown Source)
	at java.base/java.lang.Thread.run(Unknown Source)
Caused by: java.net.UnknownHostException: skywalking-oap: Temporary failure in name resolution
	at java.base/java.net.Inet6AddressImpl.lookupAllHostAddr(Native Method)
	at java.base/java.net.Inet6AddressImpl.lookupAllHostAddr(Unknown Source)
	at java.base/java.net.InetAddress$PlatformResolver.lookupByName(Unknown Source)
	at java.base/java.net.InetAddress.getAddressesFromNameService(Unknown Source)
	at java.base/java.net.InetAddress$NameServiceAddresses.get(Unknown Source)
	at java.base/java.net.InetAddress.getAllByName0(Unknown Source)
	at java.base/java.net.InetAddress.getAllByName(Unknown Source)
	at org.apache.skywalking.apm.dependencies.io.grpc.internal.DnsNameResolver$JdkAddressResolver.resolveAddress(DnsNameResolver.java:644)
	at org.apache.skywalking.apm.dependencies.io.grpc.internal.DnsNameResolver.resolveAddresses(DnsNameResolver.java:220)
	... 5 more
}"}
{"timestamp":"2026-09-26T08:48:40.057Z","level":"WARN","service":"flashsale-order","trace_id":"","span_id":"","user_id":"","order_id":"","event_id":"","idempotency_key":"","outbox_id":"","error_code":"","logger":"o.a.s.a.d.i.g.i.ManagedChannelImpl","message":"[Channel<1>: (skywalking-oap:11800)] Failed to resolve name. status=Status{code=UNAVAILABLE, description=Unable to resolve host skywalking-oap, cause=java.lang.RuntimeException: java.net.UnknownHostException: skywalking-oap: Temporary failure in name resolution
	at org.apache.skywalking.apm.dependencies.io.grpc.internal.DnsNameResolver.resolveAddresses(DnsNameResolver.java:224)
	at org.apache.skywalking.apm.dependencies.io.grpc.internal.DnsNameResolver.doResolve(DnsNameResolver.java:283)
	at org.apache.skywalking.apm.dependencies.io.grpc.internal.DnsNameResolver$Resolve.run(DnsNameResolver.java:320)
	at java.base/java.util.concurrent.ThreadPoolExecutor.runWorker(Unknown Source)
	at java.base/java.util.concurrent.ThreadPoolExecutor$Worker.run(Unknown Source)
	at java.base/java.lang.Thread.run(Unknown Source)
Caused by: java.net.UnknownHostException: skywalking-oap: Temporary failure in name resolution
	at java.base/java.net.Inet6AddressImpl.lookupAllHostAddr(Native Method)
	at java.base/java.net.Inet6AddressImpl.lookupAllHostAddr(Unknown Source)
	at java.base/java.net.InetAddress$PlatformResolver.lookupByName(Unknown Source)
	at java.base/java.net.InetAddress.getAddressesFromNameService(Unknown Source)
	at java.base/java.net.InetAddress$NameServiceAddresses.get(Unknown Source)
	at java.base/java.net.InetAddress.getAllByName0(Unknown Source)
	at java.base/java.net.InetAddress.getAllByName(Unknown Source)
	at org.apache.skywalking.apm.dependencies.io.grpc.internal.DnsNameResolver$JdkAddressResolver.resolveAddress(DnsNameResolver.java:644)
	at org.apache.skywalking.apm.dependencies.io.grpc.internal.DnsNameResolver.resolveAddresses(DnsNameResolver.java:220)
	... 5 more
}"}
{"timestamp":"2026-09-26T08:50:42.936Z","level":"WARN","service":"flashsale-order","trace_id":"","span_id":"","user_id":"","order_id":"","event_id":"","idempotency_key":"","outbox_id":"","error_code":"","logger":"o.a.s.a.d.i.g.i.ManagedChannelImpl","message":"[Channel<1>: (skywalking-oap:11800)] Failed to resolve name. status=Status{code=UNAVAILABLE, description=Unable to resolve host skywalking-oap, cause=java.lang.RuntimeException: java.net.UnknownHostException: skywalking-oap: Temporary failure in name resolution
	at org.apache.skywalking.apm.dependencies.io.grpc.internal.DnsNameResolver.resolveAddresses(DnsNameResolver.java:224)
	at org.apache.skywalking.apm.dependencies.io.grpc.internal.DnsNameResolver.doResolve(DnsNameResolver.java:283)
	at org.apache.skywalking.apm.dependencies.io.grpc.internal.DnsNameResolver$Resolve.run(DnsNameResolver.java:320)
	at java.base/java.util.concurrent.ThreadPoolExecutor.runWorker(Unknown Source)
	at java.base/java.util.concurrent.ThreadPoolExecutor$Worker.run(Unknown Source)
	at java.base/java.lang.Thread.run(Unknown Source)
Caused by: java.net.UnknownHostException: skywalking-oap: Temporary failure in name resolution
	at java.base/java.net.Inet6AddressImpl.lookupAllHostAddr(Native Method)
	at java.base/java.net.Inet6AddressImpl.lookupAllHostAddr(Unknown Source)
	at java.base/java.net.InetAddress$PlatformResolver.lookupByName(Unknown Source)
	at java.base/java.net.InetAddress.getAddressesFromNameService(Unknown Source)
	at java.base/java.net.InetAddress$NameServiceAddresses.get(Unknown Source)
	at java.base/java.net.InetAddress.getAllByName0(Unknown Source)
	at java.base/java.net.InetAddress.getAllByName(Unknown Source)
	at org.apache.skywalking.apm.dependencies.io.grpc.internal.DnsNameResolver$JdkAddressResolver.resolveAddress(DnsNameResolver.java:644)
	at org.apache.skywalking.apm.dependencies.io.grpc.internal.DnsNameResolver.resolveAddresses(DnsNameResolver.java:220)
	... 5 more
}"}
{"timestamp":"2026-09-26T08:52:34.050Z","level":"WARN","service":"flashsale-order","trace_id":"","span_id":"","user_id":"","order_id":"","event_id":"","idempotency_key":"","outbox_id":"","error_code":"","logger":"o.a.s.a.d.i.g.i.ManagedChannelImpl","message":"[Channel<1>: (skywalking-oap:11800)] Failed to resolve name. status=Status{code=UNAVAILABLE, description=Unable to resolve host skywalking-oap, cause=java.lang.RuntimeException: java.net.UnknownHostException: skywalking-oap: Temporary failure in name resolution
	at org.apache.skywalking.apm.dependencies.io.grpc.internal.DnsNameResolver.resolveAddresses(DnsNameResolver.java:224)
	at org.apache.skywalking.apm.dependencies.io.grpc.internal.DnsNameResolver.doResolve(DnsNameResolver.java:283)
	at org.apache.skywalking.apm.dependencies.io.grpc.internal.DnsNameResolver$Resolve.run(DnsNameResolver.java:320)
	at java.base/java.util.concurrent.ThreadPoolExecutor.runWorker(Unknown Source)
	at java.base/java.util.concurrent.ThreadPoolExecutor$Worker.run(Unknown Source)
	at java.base/java.lang.Thread.run(Unknown Source)
Caused by: java.net.UnknownHostException: skywalking-oap: Temporary failure in name resolution
	at java.base/java.net.Inet6AddressImpl.lookupAllHostAddr(Native Method)
	at java.base/java.net.Inet6AddressImpl.lookupAllHostAddr(Unknown Source)
	at java.base/java.net.InetAddress$PlatformResolver.lookupByName(Unknown Source)
	at java.base/java.net.InetAddress.getAddressesFromNameService(Unknown Source)
	at java.base/java.net.InetAddress$NameServiceAddresses.get(Unknown Source)
	at java.base/java.net.InetAddress.getAllByName0(Unknown Source)
	at java.base/java.net.InetAddress.getAllByName(Unknown Source)
	at org.apache.skywalking.apm.dependencies.io.grpc.internal.DnsNameResolver$JdkAddressResolver.resolveAddress(DnsNameResolver.java:644)
	at org.apache.skywalking.apm.dependencies.io.grpc.internal.DnsNameResolver.resolveAddresses(DnsNameResolver.java:220)
	... 5 more
}"}
{"timestamp":"2026-09-26T08:54:46.770Z","level":"WARN","service":"flashsale-order","trace_id":"","span_id":"","user_id":"","order_id":"","event_id":"","idempotency_key":"","outbox_id":"","error_code":"","logger":"o.a.s.a.d.i.g.i.ManagedChannelImpl","message":"[Channel<1>: (skywalking-oap:11800)] Failed to resolve name. status=Status{code=UNAVAILABLE, description=Unable to resolve host skywalking-oap, cause=java.lang.RuntimeException: java.net.UnknownHostException: skywalking-oap: Temporary failure in name resolution
	at org.apache.skywalking.apm.dependencies.io.grpc.internal.DnsNameResolver.resolveAddresses(DnsNameResolver.java:224)
	at org.apache.skywalking.apm.dependencies.io.grpc.internal.DnsNameResolver.doResolve(DnsNameResolver.java:283)
	at org.apache.skywalking.apm.dependencies.io.grpc.internal.DnsNameResolver$Resolve.run(DnsNameResolver.java:320)
	at java.base/java.util.concurrent.ThreadPoolExecutor.runWorker(Unknown Source)
	at java.base/java.util.concurrent.ThreadPoolExecutor$Worker.run(Unknown Source)
	at java.base/java.lang.Thread.run(Unknown Source)
Caused by: java.net.UnknownHostException: skywalking-oap: Temporary failure in name resolution
	at java.base/java.net.Inet6AddressImpl.lookupAllHostAddr(Native Method)
	at java.base/java.net.Inet6AddressImpl.lookupAllHostAddr(Unknown Source)
	at java.base/java.net.InetAddress$PlatformResolver.lookupByName(Unknown Source)
	at java.base/java.net.InetAddress.getAddressesFromNameService(Unknown Source)
	at java.base/java.net.InetAddress$NameServiceAddresses.get(Unknown Source)
	at java.base/java.net.InetAddress.getAllByName0(Unknown Source)
	at java.base/java.net.InetAddress.getAllByName(Unknown Source)
	at org.apache.skywalking.apm.dependencies.io.grpc.internal.DnsNameResolver$JdkAddressResolver.resolveAddress(DnsNameResolver.java:644)
	at org.apache.skywalking.apm.dependencies.io.grpc.internal.DnsNameResolver.resolveAddresses(DnsNameResolver.java:220)
	... 5 more
}"}
{"timestamp":"2026-09-26T08:56:41.579Z","level":"WARN","service":"flashsale-order","trace_id":"","span_id":"","user_id":"","order_id":"","event_id":"","idempotency_key":"","outbox_id":"","error_code":"","logger":"o.a.s.a.d.i.g.i.ManagedChannelImpl","message":"[Channel<1>: (skywalking-oap:11800)] Failed to resolve name. status=Status{code=UNAVAILABLE, description=Unable to resolve host skywalking-oap, cause=java.lang.RuntimeException: java.net.UnknownHostException: skywalking-oap: Temporary failure in name resolution
	at org.apache.skywalking.apm.dependencies.io.grpc.internal.DnsNameResolver.resolveAddresses(DnsNameResolver.java:224)
	at org.apache.skywalking.apm.dependencies.io.grpc.internal.DnsNameResolver.doResolve(DnsNameResolver.java:283)
	at org.apache.skywalking.apm.dependencies.io.grpc.internal.DnsNameResolver$Resolve.run(DnsNameResolver.java:320)
	at java.base/java.util.concurrent.ThreadPoolExecutor.runWorker(Unknown Source)
	at java.base/java.util.concurrent.ThreadPoolExecutor$Worker.run(Unknown Source)
	at java.base/java.lang.Thread.run(Unknown Source)
Caused by: java.net.UnknownHostException: skywalking-oap: Temporary failure in name resolution
	at java.base/java.net.Inet6AddressImpl.lookupAllHostAddr(Native Method)
	at java.base/java.net.Inet6AddressImpl.lookupAllHostAddr(Unknown Source)
	at java.base/java.net.InetAddress$PlatformResolver.lookupByName(Unknown Source)
	at java.base/java.net.InetAddress.getAddressesFromNameService(Unknown Source)
	at java.base/java.net.InetAddress$NameServiceAddresses.get(Unknown Source)
	at java.base/java.net.InetAddress.getAllByName0(Unknown Source)
	at java.base/java.net.InetAddress.getAllByName(Unknown Source)
	at org.apache.skywalking.apm.dependencies.io.grpc.internal.DnsNameResolver$JdkAddressResolver.resolveAddress(DnsNameResolver.java:644)
	at org.apache.skywalking.apm.dependencies.io.grpc.internal.DnsNameResolver.resolveAddresses(DnsNameResolver.java:220)
	... 5 more
}"}
{"timestamp":"2026-09-26T08:58:28.549Z","level":"WARN","service":"flashsale-order","trace_id":"","span_id":"","user_id":"","order_id":"","event_id":"","idempotency_key":"","outbox_id":"","error_code":"","logger":"o.a.s.a.d.i.g.i.ManagedChannelImpl","message":"[Channel<1>: (skywalking-oap:11800)] Failed to resolve name. status=Status{code=UNAVAILABLE, description=Unable to resolve host skywalking-oap, cause=java.lang.RuntimeException: java.net.UnknownHostException: skywalking-oap: Temporary failure in name resolution
	at org.apache.skywalking.apm.dependencies.io.grpc.internal.DnsNameResolver.resolveAddresses(DnsNameResolver.java:224)
	at org.apache.skywalking.apm.dependencies.io.grpc.internal.DnsNameResolver.doResolve(DnsNameResolver.java:283)
	at org.apache.skywalking.apm.dependencies.io.grpc.internal.DnsNameResolver$Resolve.run(DnsNameResolver.java:320)
	at java.base/java.util.concurrent.ThreadPoolExecutor.runWorker(Unknown Source)
	at java.base/java.util.concurrent.ThreadPoolExecutor$Worker.run(Unknown Source)
	at java.base/java.lang.Thread.run(Unknown Source)
Caused by: java.net.UnknownHostException: skywalking-oap: Temporary failure in name resolution
	at java.base/java.net.Inet6AddressImpl.lookupAllHostAddr(Native Method)
	at java.base/java.net.Inet6AddressImpl.lookupAllHostAddr(Unknown Source)
	at java.base/java.net.InetAddress$PlatformResolver.lookupByName(Unknown Source)
	at java.base/java.net.InetAddress.getAddressesFromNameService(Unknown Source)
	at java.base/java.net.InetAddress$NameServiceAddresses.get(Unknown Source)
	at java.base/java.net.InetAddress.getAllByName0(Unknown Source)
	at java.base/java.net.InetAddress.getAllByName(Unknown Source)
	at org.apache.skywalking.apm.dependencies.io.grpc.internal.DnsNameResolver$JdkAddressResolver.resolveAddress(DnsNameResolver.java:644)
	at org.apache.skywalking.apm.dependencies.io.grpc.internal.DnsNameResolver.resolveAddresses(DnsNameResolver.java:220)
	... 5 more
}"}
{"timestamp":"2026-09-26T09:00:39.778Z","level":"WARN","service":"flashsale-order","trace_id":"","span_id":"","user_id":"","order_id":"","event_id":"","idempotency_key":"","outbox_id":"","error_code":"","logger":"o.a.s.a.d.i.g.i.ManagedChannelImpl","message":"[Channel<1>: (skywalking-oap:11800)] Failed to resolve name. status=Status{code=UNAVAILABLE, description=Unable to resolve host skywalking-oap, cause=java.lang.RuntimeException: java.net.UnknownHostException: skywalking-oap: Temporary failure in name resolution
	at org.apache.skywalking.apm.dependencies.io.grpc.internal.DnsNameResolver.resolveAddresses(DnsNameResolver.java:224)
	at org.apache.skywalking.apm.dependencies.io.grpc.internal.DnsNameResolver.doResolve(DnsNameResolver.java:283)
	at org.apache.skywalking.apm.dependencies.io.grpc.internal.DnsNameResolver$Resolve.run(DnsNameResolver.java:320)
	at java.base/java.util.concurrent.ThreadPoolExecutor.runWorker(Unknown Source)
	at java.base/java.util.concurrent.ThreadPoolExecutor$Worker.run(Unknown Source)
	at java.base/java.lang.Thread.run(Unknown Source)
Caused by: java.net.UnknownHostException: skywalking-oap: Temporary failure in name resolution
	at java.base/java.net.Inet6AddressImpl.lookupAllHostAddr(Native Method)
	at java.base/java.net.Inet6AddressImpl.lookupAllHostAddr(Unknown Source)
	at java.base/java.net.InetAddress$PlatformResolver.lookupByName(Unknown Source)
	at java.base/java.net.InetAddress.getAddressesFromNameService(Unknown Source)
	at java.base/java.net.InetAddress$NameServiceAddresses.get(Unknown Source)
	at java.base/java.net.InetAddress.getAllByName0(Unknown Source)
	at java.base/java.net.InetAddress.getAllByName(Unknown Source)
	at org.apache.skywalking.apm.dependencies.io.grpc.internal.DnsNameResolver$JdkAddressResolver.resolveAddress(DnsNameResolver.java:644)
	at org.apache.skywalking.apm.dependencies.io.grpc.internal.DnsNameResolver.resolveAddresses(DnsNameResolver.java:220)
	... 5 more
}"}
{"timestamp":"2026-09-26T09:02:53.807Z","level":"WARN","service":"flashsale-order","trace_id":"","span_id":"","user_id":"","order_id":"","event_id":"","idempotency_key":"","outbox_id":"","error_code":"","logger":"o.a.s.a.d.i.g.i.ManagedChannelImpl","message":"[Channel<1>: (skywalking-oap:11800)] Failed to resolve name. status=Status{code=UNAVAILABLE, description=Unable to resolve host skywalking-oap, cause=java.lang.RuntimeException: java.net.UnknownHostException: skywalking-oap: Temporary failure in name resolution
	at org.apache.skywalking.apm.dependencies.io.grpc.internal.DnsNameResolver.resolveAddresses(DnsNameResolver.java:224)
	at org.apache.skywalking.apm.dependencies.io.grpc.internal.DnsNameResolver.doResolve(DnsNameResolver.java:283)
	at org.apache.skywalking.apm.dependencies.io.grpc.internal.DnsNameResolver$Resolve.run(DnsNameResolver.java:320)
	at java.base/java.util.concurrent.ThreadPoolExecutor.runWorker(Unknown Source)
	at java.base/java.util.concurrent.ThreadPoolExecutor$Worker.run(Unknown Source)
	at java.base/java.lang.Thread.run(Unknown Source)
Caused by: java.net.UnknownHostException: skywalking-oap: Temporary failure in name resolution
	at java.base/java.net.Inet6AddressImpl.lookupAllHostAddr(Native Method)
	at java.base/java.net.Inet6AddressImpl.lookupAllHostAddr(Unknown Source)
	at java.base/java.net.InetAddress$PlatformResolver.lookupByName(Unknown Source)
	at java.base/java.net.InetAddress.getAddressesFromNameService(Unknown Source)
	at java.base/java.net.InetAddress$NameServiceAddresses.get(Unknown Source)
	at java.base/java.net.InetAddress.getAllByName0(Unknown Source)
	at java.base/java.net.InetAddress.getAllByName(Unknown Source)
	at org.apache.skywalking.apm.dependencies.io.grpc.internal.DnsNameResolver$JdkAddressResolver.resolveAddress(DnsNameResolver.java:644)
	at org.apache.skywalking.apm.dependencies.io.grpc.internal.DnsNameResolver.resolveAddresses(DnsNameResolver.java:220)
	... 5 more
}"}
{"timestamp":"2026-09-26T09:04:56.997Z","level":"WARN","service":"flashsale-order","trace_id":"","span_id":"","user_id":"","order_id":"","event_id":"","idempotency_key":"","outbox_id":"","error_code":"","logger":"o.a.s.a.d.i.g.i.ManagedChannelImpl","message":"[Channel<1>: (skywalking-oap:11800)] Failed to resolve name. status=Status{code=UNAVAILABLE, description=Unable to resolve host skywalking-oap, cause=java.lang.RuntimeException: java.net.UnknownHostException: skywalking-oap: Temporary failure in name resolution
	at org.apache.skywalking.apm.dependencies.io.grpc.internal.DnsNameResolver.resolveAddresses(DnsNameResolver.java:224)
	at org.apache.skywalking.apm.dependencies.io.grpc.internal.DnsNameResolver.doResolve(DnsNameResolver.java:283)
	at org.apache.skywalking.apm.dependencies.io.grpc.internal.DnsNameResolver$Resolve.run(DnsNameResolver.java:320)
	at java.base/java.util.concurrent.ThreadPoolExecutor.runWorker(Unknown Source)
	at java.base/java.util.concurrent.ThreadPoolExecutor$Worker.run(Unknown Source)
	at java.base/java.lang.Thread.run(Unknown Source)
Caused by: java.net.UnknownHostException: skywalking-oap: Temporary failure in name resolution
	at java.base/java.net.Inet6AddressImpl.lookupAllHostAddr(Native Method)
	at java.base/java.net.Inet6AddressImpl.lookupAllHostAddr(Unknown Source)
	at java.base/java.net.InetAddress$PlatformResolver.lookupByName(Unknown Source)
	at java.base/java.net.InetAddress.getAddressesFromNameService(Unknown Source)
	at java.base/java.net.InetAddress$NameServiceAddresses.get(Unknown Source)
	at java.base/java.net.InetAddress.getAllByName0(Unknown Source)
	at java.base/java.net.InetAddress.getAllByName(Unknown Source)
	at org.apache.skywalking.apm.dependencies.io.grpc.internal.DnsNameResolver$JdkAddressResolver.resolveAddress(DnsNameResolver.java:644)
	at org.apache.skywalking.apm.dependencies.io.grpc.internal.DnsNameResolver.resolveAddresses(DnsNameResolver.java:220)
	... 5 more
}"}
{"timestamp":"2026-09-26T09:06:38.683Z","level":"WARN","service":"flashsale-order","trace_id":"","span_id":"","user_id":"","order_id":"","event_id":"","idempotency_key":"","outbox_id":"","error_code":"","logger":"o.a.s.a.d.i.g.i.ManagedChannelImpl","message":"[Channel<1>: (skywalking-oap:11800)] Failed to resolve name. status=Status{code=UNAVAILABLE, description=Unable to resolve host skywalking-oap, cause=java.lang.RuntimeException: java.net.UnknownHostException: skywalking-oap: Temporary failure in name resolution
	at org.apache.skywalking.apm.dependencies.io.grpc.internal.DnsNameResolver.resolveAddresses(DnsNameResolver.java:224)
	at org.apache.skywalking.apm.dependencies.io.grpc.internal.DnsNameResolver.doResolve(DnsNameResolver.java:283)
	at org.apache.skywalking.apm.dependencies.io.grpc.internal.DnsNameResolver$Resolve.run(DnsNameResolver.java:320)
	at java.base/java.util.concurrent.ThreadPoolExecutor.runWorker(Unknown Source)
	at java.base/java.util.concurrent.ThreadPoolExecutor$Worker.run(Unknown Source)
	at java.base/java.lang.Thread.run(Unknown Source)
Caused by: java.net.UnknownHostException: skywalking-oap: Temporary failure in name resolution
	at java.base/java.net.Inet6AddressImpl.lookupAllHostAddr(Native Method)
	at java.base/java.net.Inet6AddressImpl.lookupAllHostAddr(Unknown Source)
	at java.base/java.net.InetAddress$PlatformResolver.lookupByName(Unknown Source)
	at java.base/java.net.InetAddress.getAddressesFromNameService(Unknown Source)
	at java.base/java.net.InetAddress$NameServiceAddresses.get(Unknown Source)
	at java.base/java.net.InetAddress.getAllByName0(Unknown Source)
	at java.base/java.net.InetAddress.getAllByName(Unknown Source)
	at org.apache.skywalking.apm.dependencies.io.grpc.internal.DnsNameResolver$JdkAddressResolver.resolveAddress(DnsNameResolver.java:644)
	at org.apache.skywalking.apm.dependencies.io.grpc.internal.DnsNameResolver.resolveAddresses(DnsNameResolver.java:220)
	... 5 more
}"}
{"timestamp":"2026-09-26T09:08:47.711Z","level":"WARN","service":"flashsale-order","trace_id":"","span_id":"","user_id":"","order_id":"","event_id":"","idempotency_key":"","outbox_id":"","error_code":"","logger":"o.a.s.a.d.i.g.i.ManagedChannelImpl","message":"[Channel<1>: (skywalking-oap:11800)] Failed to resolve name. status=Status{code=UNAVAILABLE, description=Unable to resolve host skywalking-oap, cause=java.lang.RuntimeException: java.net.UnknownHostException: skywalking-oap: Temporary failure in name resolution
	at org.apache.skywalking.apm.dependencies.io.grpc.internal.DnsNameResolver.resolveAddresses(DnsNameResolver.java:224)
	at org.apache.skywalking.apm.dependencies.io.grpc.internal.DnsNameResolver.doResolve(DnsNameResolver.java:283)
	at org.apache.skywalking.apm.dependencies.io.grpc.internal.DnsNameResolver$Resolve.run(DnsNameResolver.java:320)
	at java.base/java.util.concurrent.ThreadPoolExecutor.runWorker(Unknown Source)
	at java.base/java.util.concurrent.ThreadPoolExecutor$Worker.run(Unknown Source)
	at java.base/java.lang.Thread.run(Unknown Source)
Caused by: java.net.UnknownHostException: skywalking-oap: Temporary failure in name resolution
	at java.base/java.net.Inet6AddressImpl.lookupAllHostAddr(Native Method)
	at java.base/java.net.Inet6AddressImpl.lookupAllHostAddr(Unknown Source)
	at java.base/java.net.InetAddress$PlatformResolver.lookupByName(Unknown Source)
	at java.base/java.net.InetAddress.getAddressesFromNameService(Unknown Source)
	at java.base/java.net.InetAddress$NameServiceAddresses.get(Unknown Source)
	at java.base/java.net.InetAddress.getAllByName0(Unknown Source)
	at java.base/java.net.InetAddress.getAllByName(Unknown Source)
	at org.apache.skywalking.apm.dependencies.io.grpc.internal.DnsNameResolver$JdkAddressResolver.resolveAddress(DnsNameResolver.java:644)
	at org.apache.skywalking.apm.dependencies.io.grpc.internal.DnsNameResolver.resolveAddresses(DnsNameResolver.java:220)
	... 5 more
}"}
{"timestamp":"2026-09-26T09:10:37.281Z","level":"WARN","service":"flashsale-order","trace_id":"","span_id":"","user_id":"","order_id":"","event_id":"","idempotency_key":"","outbox_id":"","error_code":"","logger":"o.a.s.a.d.i.g.i.ManagedChannelImpl","message":"[Channel<1>: (skywalking-oap:11800)] Failed to resolve name. status=Status{code=UNAVAILABLE, description=Unable to resolve host skywalking-oap, cause=java.lang.RuntimeException: java.net.UnknownHostException: skywalking-oap: Temporary failure in name resolution
	at org.apache.skywalking.apm.dependencies.io.grpc.internal.DnsNameResolver.resolveAddresses(DnsNameResolver.java:224)
	at org.apache.skywalking.apm.dependencies.io.grpc.internal.DnsNameResolver.doResolve(DnsNameResolver.java:283)
	at org.apache.skywalking.apm.dependencies.io.grpc.internal.DnsNameResolver$Resolve.run(DnsNameResolver.java:320)
	at java.base/java.util.concurrent.ThreadPoolExecutor.runWorker(Unknown Source)
	at java.base/java.util.concurrent.ThreadPoolExecutor$Worker.run(Unknown Source)
	at java.base/java.lang.Thread.run(Unknown Source)
Caused by: java.net.UnknownHostException: skywalking-oap: Temporary failure in name resolution
	at java.base/java.net.Inet6AddressImpl.lookupAllHostAddr(Native Method)
	at java.base/java.net.Inet6AddressImpl.lookupAllHostAddr(Unknown Source)
	at java.base/java.net.InetAddress$PlatformResolver.lookupByName(Unknown Source)
	at java.base/java.net.InetAddress.getAddressesFromNameService(Unknown Source)
	at java.base/java.net.InetAddress$NameServiceAddresses.get(Unknown Source)
	at java.base/java.net.InetAddress.getAllByName0(Unknown Source)
	at java.base/java.net.InetAddress.getAllByName(Unknown Source)
	at org.apache.skywalking.apm.dependencies.io.grpc.internal.DnsNameResolver$JdkAddressResolver.resolveAddress(DnsNameResolver.java:644)
	at org.apache.skywalking.apm.dependencies.io.grpc.internal.DnsNameResolver.resolveAddresses(DnsNameResolver.java:220)
	... 5 more
}"}
{"timestamp":"2026-09-26T09:12:33.302Z","level":"WARN","service":"flashsale-order","trace_id":"","span_id":"","user_id":"","order_id":"","event_id":"","idempotency_key":"","outbox_id":"","error_code":"","logger":"o.a.s.a.d.i.g.i.ManagedChannelImpl","message":"[Channel<1>: (skywalking-oap:11800)] Failed to resolve name. status=Status{code=UNAVAILABLE, description=Unable to resolve host skywalking-oap, cause=java.lang.RuntimeException: java.net.UnknownHostException: skywalking-oap: Temporary failure in name resolution
	at org.apache.skywalking.apm.dependencies.io.grpc.internal.DnsNameResolver.resolveAddresses(DnsNameResolver.java:224)
	at org.apache.skywalking.apm.dependencies.io.grpc.internal.DnsNameResolver.doResolve(DnsNameResolver.java:283)
	at org.apache.skywalking.apm.dependencies.io.grpc.internal.DnsNameResolver$Resolve.run(DnsNameResolver.java:320)
	at java.base/java.util.concurrent.ThreadPoolExecutor.runWorker(Unknown Source)
	at java.base/java.util.concurrent.ThreadPoolExecutor$Worker.run(Unknown Source)
	at java.base/java.lang.Thread.run(Unknown Source)
Caused by: java.net.UnknownHostException: skywalking-oap: Temporary failure in name resolution
	at java.base/java.net.Inet6AddressImpl.lookupAllHostAddr(Native Method)
	at java.base/java.net.Inet6AddressImpl.lookupAllHostAddr(Unknown Source)
	at java.base/java.net.InetAddress$PlatformResolver.lookupByName(Unknown Source)
	at java.base/java.net.InetAddress.getAddressesFromNameService(Unknown Source)
	at java.base/java.net.InetAddress$NameServiceAddresses.get(Unknown Source)
	at java.base/java.net.InetAddress.getAllByName0(Unknown Source)
	at java.base/java.net.InetAddress.getAllByName(Unknown Source)
	at org.apache.skywalking.apm.dependencies.io.grpc.internal.DnsNameResolver$JdkAddressResolver.resolveAddress(DnsNameResolver.java:644)
	at org.apache.skywalking.apm.dependencies.io.grpc.internal.DnsNameResolver.resolveAddresses(DnsNameResolver.java:220)
	... 5 more
}"}
{"timestamp":"2026-09-26T09:14:10.175Z","level":"WARN","service":"flashsale-order","trace_id":"","span_id":"","user_id":"","order_id":"","event_id":"","idempotency_key":"","outbox_id":"","error_code":"","logger":"o.a.s.a.d.i.g.i.ManagedChannelImpl","message":"[Channel<1>: (skywalking-oap:11800)] Failed to resolve name. status=Status{code=UNAVAILABLE, description=Unable to resolve host skywalking-oap, cause=java.lang.RuntimeException: java.net.UnknownHostException: skywalking-oap: Temporary failure in name resolution
	at org.apache.skywalking.apm.dependencies.io.grpc.internal.DnsNameResolver.resolveAddresses(DnsNameResolver.java:224)
	at org.apache.skywalking.apm.dependencies.io.grpc.internal.DnsNameResolver.doResolve(DnsNameResolver.java:283)
	at org.apache.skywalking.apm.dependencies.io.grpc.internal.DnsNameResolver$Resolve.run(DnsNameResolver.java:320)
	at java.base/java.util.concurrent.ThreadPoolExecutor.runWorker(Unknown Source)
	at java.base/java.util.concurrent.ThreadPoolExecutor$Worker.run(Unknown Source)
	at java.base/java.lang.Thread.run(Unknown Source)
Caused by: java.net.UnknownHostException: skywalking-oap: Temporary failure in name resolution
	at java.base/java.net.Inet6AddressImpl.lookupAllHostAddr(Native Method)
	at java.base/java.net.Inet6AddressImpl.lookupAllHostAddr(Unknown Source)
	at java.base/java.net.InetAddress$PlatformResolver.lookupByName(Unknown Source)
	at java.base/java.net.InetAddress.getAddressesFromNameService(Unknown Source)
	at java.base/java.net.InetAddress$NameServiceAddresses.get(Unknown Source)
	at java.base/java.net.InetAddress.getAllByName0(Unknown Source)
	at java.base/java.net.InetAddress.getAllByName(Unknown Source)
	at org.apache.skywalking.apm.dependencies.io.grpc.internal.DnsNameResolver$JdkAddressResolver.resolveAddress(DnsNameResolver.java:644)
	at org.apache.skywalking.apm.dependencies.io.grpc.internal.DnsNameResolver.resolveAddresses(DnsNameResolver.java:220)
	... 5 more
}"}
{"timestamp":"2026-09-26T09:14:11.166Z","level":"WARN","service":"flashsale-order","trace_id":"","span_id":"","user_id":"","order_id":"","event_id":"","idempotency_key":"","outbox_id":"","error_code":"","logger":"o.a.s.a.d.i.g.i.ManagedChannelImpl","message":"[Channel<1>: (skywalking-oap:11800)] Failed to resolve name. status=Status{code=UNAVAILABLE, description=Unable to resolve host skywalking-oap, cause=java.lang.RuntimeException: java.net.UnknownHostException: skywalking-oap
	at org.apache.skywalking.apm.dependencies.io.grpc.internal.DnsNameResolver.resolveAddresses(DnsNameResolver.java:224)
	at org.apache.skywalking.apm.dependencies.io.grpc.internal.DnsNameResolver.doResolve(DnsNameResolver.java:283)
	at org.apache.skywalking.apm.dependencies.io.grpc.internal.DnsNameResolver$Resolve.run(DnsNameResolver.java:320)
	at java.base/java.util.concurrent.ThreadPoolExecutor.runWorker(Unknown Source)
	at java.base/java.util.concurrent.ThreadPoolExecutor$Worker.run(Unknown Source)
	at java.base/java.lang.Thread.run(Unknown Source)
Caused by: java.net.UnknownHostException: skywalking-oap
	at java.base/java.net.InetAddress$CachedLookup.get(Unknown Source)
	at java.base/java.net.InetAddress.getAllByName0(Unknown Source)
	at java.base/java.net.InetAddress.getAllByName(Unknown Source)
	at org.apache.skywalking.apm.dependencies.io.grpc.internal.DnsNameResolver$JdkAddressResolver.resolveAddress(DnsNameResolver.java:644)
	at org.apache.skywalking.apm.dependencies.io.grpc.internal.DnsNameResolver.resolveAddresses(DnsNameResolver.java:220)
	... 5 more
}"}
{"timestamp":"2026-09-26T09:14:12.622Z","level":"WARN","service":"flashsale-order","trace_id":"","span_id":"","user_id":"","order_id":"","event_id":"","idempotency_key":"","outbox_id":"","error_code":"","logger":"o.a.s.a.d.i.g.i.ManagedChannelImpl","message":"[Channel<1>: (skywalking-oap:11800)] Failed to resolve name. status=Status{code=UNAVAILABLE, description=Unable to resolve host skywalking-oap, cause=java.lang.RuntimeException: java.net.UnknownHostException: skywalking-oap
	at org.apache.skywalking.apm.dependencies.io.grpc.internal.DnsNameResolver.resolveAddresses(DnsNameResolver.java:224)
	at org.apache.skywalking.apm.dependencies.io.grpc.internal.DnsNameResolver.doResolve(DnsNameResolver.java:283)
	at org.apache.skywalking.apm.dependencies.io.grpc.internal.DnsNameResolver$Resolve.run(DnsNameResolver.java:320)
	at java.base/java.util.concurrent.ThreadPoolExecutor.runWorker(Unknown Source)
	at java.base/java.util.concurrent.ThreadPoolExecutor$Worker.run(Unknown Source)
	at java.base/java.lang.Thread.run(Unknown Source)
Caused by: java.net.UnknownHostException: skywalking-oap
	at java.base/java.net.InetAddress$CachedLookup.get(Unknown Source)
	at java.base/java.net.InetAddress.getAllByName0(Unknown Source)
	at java.base/java.net.InetAddress.getAllByName(Unknown Source)
	at org.apache.skywalking.apm.dependencies.io.grpc.internal.DnsNameResolver$JdkAddressResolver.resolveAddress(DnsNameResolver.java:644)
	at org.apache.skywalking.apm.dependencies.io.grpc.internal.DnsNameResolver.resolveAddresses(DnsNameResolver.java:220)
	... 5 more
}"}
{"timestamp":"2026-09-26T09:14:14.685Z","level":"WARN","service":"flashsale-order","trace_id":"","span_id":"","user_id":"","order_id":"","event_id":"","idempotency_key":"","outbox_id":"","error_code":"","logger":"o.a.s.a.d.i.g.i.ManagedChannelImpl","message":"[Channel<1>: (skywalking-oap:11800)] Failed to resolve name. status=Status{code=UNAVAILABLE, description=Unable to resolve host skywalking-oap, cause=java.lang.RuntimeException: java.net.UnknownHostException: skywalking-oap
	at org.apache.skywalking.apm.dependencies.io.grpc.internal.DnsNameResolver.resolveAddresses(DnsNameResolver.java:224)
	at org.apache.skywalking.apm.dependencies.io.grpc.internal.DnsNameResolver.doResolve(DnsNameResolver.java:283)
	at org.apache.skywalking.apm.dependencies.io.grpc.internal.DnsNameResolver$Resolve.run(DnsNameResolver.java:320)
	at java.base/java.util.concurrent.ThreadPoolExecutor.runWorker(Unknown Source)
	at java.base/java.util.concurrent.ThreadPoolExecutor$Worker.run(Unknown Source)
	at java.base/java.lang.Thread.run(Unknown Source)
Caused by: java.net.UnknownHostException: skywalking-oap
	at java.base/java.net.InetAddress$CachedLookup.get(Unknown Source)
	at java.base/java.net.InetAddress.getAllByName0(Unknown Source)
	at java.base/java.net.InetAddress.getAllByName(Unknown Source)
	at org.apache.skywalking.apm.dependencies.io.grpc.internal.DnsNameResolver$JdkAddressResolver.resolveAddress(DnsNameResolver.java:644)
	at org.apache.skywalking.apm.dependencies.io.grpc.internal.DnsNameResolver.resolveAddresses(DnsNameResolver.java:220)
	... 5 more
}"}
{"timestamp":"2026-09-26T09:14:18.740Z","level":"WARN","service":"flashsale-order","trace_id":"","span_id":"","user_id":"","order_id":"","event_id":"","idempotency_key":"","outbox_id":"","error_code":"","logger":"o.a.s.a.d.i.g.i.ManagedChannelImpl","message":"[Channel<1>: (skywalking-oap:11800)] Failed to resolve name. status=Status{code=UNAVAILABLE, description=Unable to resolve host skywalking-oap, cause=java.lang.RuntimeException: java.net.UnknownHostException: skywalking-oap
	at org.apache.skywalking.apm.dependencies.io.grpc.internal.DnsNameResolver.resolveAddresses(DnsNameResolver.java:224)
	at org.apache.skywalking.apm.dependencies.io.grpc.internal.DnsNameResolver.doResolve(DnsNameResolver.java:283)
	at org.apache.skywalking.apm.dependencies.io.grpc.internal.DnsNameResolver$Resolve.run(DnsNameResolver.java:320)
	at java.base/java.util.concurrent.ThreadPoolExecutor.runWorker(Unknown Source)
	at java.base/java.util.concurrent.ThreadPoolExecutor$Worker.run(Unknown Source)
	at java.base/java.lang.Thread.run(Unknown Source)
Caused by: java.net.UnknownHostException: skywalking-oap
	at java.base/java.net.InetAddress$CachedLookup.get(Unknown Source)
	at java.base/java.net.InetAddress.getAllByName0(Unknown Source)
	at java.base/java.net.InetAddress.getAllByName(Unknown Source)
	at org.apache.skywalking.apm.dependencies.io.grpc.internal.DnsNameResolver$JdkAddressResolver.resolveAddress(DnsNameResolver.java:644)
	at org.apache.skywalking.apm.dependencies.io.grpc.internal.DnsNameResolver.resolveAddresses(DnsNameResolver.java:220)
	... 5 more
}"}
{"timestamp":"2026-09-26T09:14:25.228Z","level":"WARN","service":"flashsale-order","trace_id":"","span_id":"","user_id":"","order_id":"","event_id":"","idempotency_key":"","outbox_id":"","error_code":"","logger":"o.a.s.a.d.i.g.i.ManagedChannelImpl","message":"[Channel<1>: (skywalking-oap:11800)] Failed to resolve name. status=Status{code=UNAVAILABLE, description=Unable to resolve host skywalking-oap, cause=java.lang.RuntimeException: java.net.UnknownHostException: skywalking-oap: Temporary failure in name resolution
	at org.apache.skywalking.apm.dependencies.io.grpc.internal.DnsNameResolver.resolveAddresses(DnsNameResolver.java:224)
	at org.apache.skywalking.apm.dependencies.io.grpc.internal.DnsNameResolver.doResolve(DnsNameResolver.java:283)
	at org.apache.skywalking.apm.dependencies.io.grpc.internal.DnsNameResolver$Resolve.run(DnsNameResolver.java:320)
	at java.base/java.util.concurrent.ThreadPoolExecutor.runWorker(Unknown Source)
	at java.base/java.util.concurrent.ThreadPoolExecutor$Worker.run(Unknown Source)
	at java.base/java.lang.Thread.run(Unknown Source)
Caused by: java.net.UnknownHostException: skywalking-oap: Temporary failure in name resolution
	at java.base/java.net.Inet6AddressImpl.lookupAllHostAddr(Native Method)
	at java.base/java.net.Inet6AddressImpl.lookupAllHostAddr(Unknown Source)
	at java.base/java.net.InetAddress$PlatformResolver.lookupByName(Unknown Source)
	at java.base/java.net.InetAddress.getAddressesFromNameService(Unknown Source)
	at java.base/java.net.InetAddress$NameServiceAddresses.get(Unknown Source)
	at java.base/java.net.InetAddress.getAllByName0(Unknown Source)
	at java.base/java.net.InetAddress.getAllByName(Unknown Source)
	at org.apache.skywalking.apm.dependencies.io.grpc.internal.DnsNameResolver$JdkAddressResolver.resolveAddress(DnsNameResolver.java:644)
	at org.apache.skywalking.apm.dependencies.io.grpc.internal.DnsNameResolver.resolveAddresses(DnsNameResolver.java:220)
	... 5 more
}"}
{"timestamp":"2026-09-26T09:14:35.117Z","level":"WARN","service":"flashsale-order","trace_id":"","span_id":"","user_id":"","order_id":"","event_id":"","idempotency_key":"","outbox_id":"","error_code":"","logger":"o.a.s.a.d.i.g.i.ManagedChannelImpl","message":"[Channel<1>: (skywalking-oap:11800)] Failed to resolve name. status=Status{code=UNAVAILABLE, description=Unable to resolve host skywalking-oap, cause=java.lang.RuntimeException: java.net.UnknownHostException: skywalking-oap
	at org.apache.skywalking.apm.dependencies.io.grpc.internal.DnsNameResolver.resolveAddresses(DnsNameResolver.java:224)
	at org.apache.skywalking.apm.dependencies.io.grpc.internal.DnsNameResolver.doResolve(DnsNameResolver.java:283)
	at org.apache.skywalking.apm.dependencies.io.grpc.internal.DnsNameResolver$Resolve.run(DnsNameResolver.java:320)
	at java.base/java.util.concurrent.ThreadPoolExecutor.runWorker(Unknown Source)
	at java.base/java.util.concurrent.ThreadPoolExecutor$Worker.run(Unknown Source)
	at java.base/java.lang.Thread.run(Unknown Source)
Caused by: java.net.UnknownHostException: skywalking-oap
	at java.base/java.net.InetAddress$CachedLookup.get(Unknown Source)
	at java.base/java.net.InetAddress.getAllByName0(Unknown Source)
	at java.base/java.net.InetAddress.getAllByName(Unknown Source)
	at org.apache.skywalking.apm.dependencies.io.grpc.internal.DnsNameResolver$JdkAddressResolver.resolveAddress(DnsNameResolver.java:644)
	at org.apache.skywalking.apm.dependencies.io.grpc.internal.DnsNameResolver.resolveAddresses(DnsNameResolver.java:220)
	... 5 more
}"}
{"timestamp":"2026-09-26T09:14:52.159Z","level":"WARN","service":"flashsale-order","trace_id":"","span_id":"","user_id":"","order_id":"","event_id":"","idempotency_key":"","outbox_id":"","error_code":"","logger":"o.a.s.a.d.i.g.i.ManagedChannelImpl","message":"[Channel<1>: (skywalking-oap:11800)] Failed to resolve name. status=Status{code=UNAVAILABLE, description=Unable to resolve host skywalking-oap, cause=java.lang.RuntimeException: java.net.UnknownHostException: skywalking-oap: Temporary failure in name resolution
	at org.apache.skywalking.apm.dependencies.io.grpc.internal.DnsNameResolver.resolveAddresses(DnsNameResolver.java:224)
	at org.apache.skywalking.apm.dependencies.io.grpc.internal.DnsNameResolver.doResolve(DnsNameResolver.java:283)
	at org.apache.skywalking.apm.dependencies.io.grpc.internal.DnsNameResolver$Resolve.run(DnsNameResolver.java:320)
	at java.base/java.util.concurrent.ThreadPoolExecutor.runWorker(Unknown Source)
	at java.base/java.util.concurrent.ThreadPoolExecutor$Worker.run(Unknown Source)
	at java.base/java.lang.Thread.run(Unknown Source)
Caused by: java.net.UnknownHostException: skywalking-oap: Temporary failure in name resolution
	at java.base/java.net.Inet6AddressImpl.lookupAllHostAddr(Native Method)
	at java.base/java.net.Inet6AddressImpl.lookupAllHostAddr(Unknown Source)
	at java.base/java.net.InetAddress$PlatformResolver.lookupByName(Unknown Source)
	at java.base/java.net.InetAddress.getAddressesFromNameService(Unknown Source)
	at java.base/java.net.InetAddress$NameServiceAddresses.get(Unknown Source)
	at java.base/java.net.InetAddress.getAllByName0(Unknown Source)
	at java.base/java.net.InetAddress.getAllByName(Unknown Source)
	at org.apache.skywalking.apm.dependencies.io.grpc.internal.DnsNameResolver$JdkAddressResolver.resolveAddress(DnsNameResolver.java:644)
	at org.apache.skywalking.apm.dependencies.io.grpc.internal.DnsNameResolver.resolveAddresses(DnsNameResolver.java:220)
	... 5 more
}"}
{"timestamp":"2026-09-26T09:15:24.103Z","level":"WARN","service":"flashsale-order","trace_id":"","span_id":"","user_id":"","order_id":"","event_id":"","idempotency_key":"","outbox_id":"","error_code":"","logger":"o.a.s.a.d.i.g.i.ManagedChannelImpl","message":"[Channel<1>: (skywalking-oap:11800)] Failed to resolve name. status=Status{code=UNAVAILABLE, description=Unable to resolve host skywalking-oap, cause=java.lang.RuntimeException: java.net.UnknownHostException: skywalking-oap: Temporary failure in name resolution
	at org.apache.skywalking.apm.dependencies.io.grpc.internal.DnsNameResolver.resolveAddresses(DnsNameResolver.java:224)
	at org.apache.skywalking.apm.dependencies.io.grpc.internal.DnsNameResolver.doResolve(DnsNameResolver.java:283)
	at org.apache.skywalking.apm.dependencies.io.grpc.internal.DnsNameResolver$Resolve.run(DnsNameResolver.java:320)
	at java.base/java.util.concurrent.ThreadPoolExecutor.runWorker(Unknown Source)
	at java.base/java.util.concurrent.ThreadPoolExecutor$Worker.run(Unknown Source)
	at java.base/java.lang.Thread.run(Unknown Source)
Caused by: java.net.UnknownHostException: skywalking-oap: Temporary failure in name resolution
	at java.base/java.net.Inet6AddressImpl.lookupAllHostAddr(Native Method)
	at java.base/java.net.Inet6AddressImpl.lookupAllHostAddr(Unknown Source)
	at java.base/java.net.InetAddress$PlatformResolver.lookupByName(Unknown Source)
	at java.base/java.net.InetAddress.getAddressesFromNameService(Unknown Source)
	at java.base/java.net.InetAddress$NameServiceAddresses.get(Unknown Source)
	at java.base/java.net.InetAddress.getAllByName0(Unknown Source)
	at java.base/java.net.InetAddress.getAllByName(Unknown Source)
	at org.apache.skywalking.apm.dependencies.io.grpc.internal.DnsNameResolver$JdkAddressResolver.resolveAddress(DnsNameResolver.java:644)
	at org.apache.skywalking.apm.dependencies.io.grpc.internal.DnsNameResolver.resolveAddresses(DnsNameResolver.java:220)
	... 5 more
}"}
{"timestamp":"2026-09-26T09:16:11.235Z","level":"WARN","service":"flashsale-order","trace_id":"","span_id":"","user_id":"","order_id":"","event_id":"","idempotency_key":"","outbox_id":"","error_code":"","logger":"o.a.s.a.d.i.g.i.ManagedChannelImpl","message":"[Channel<1>: (skywalking-oap:11800)] Failed to resolve name. status=Status{code=UNAVAILABLE, description=Unable to resolve host skywalking-oap, cause=java.lang.RuntimeException: java.net.UnknownHostException: skywalking-oap: Temporary failure in name resolution
	at org.apache.skywalking.apm.dependencies.io.grpc.internal.DnsNameResolver.resolveAddresses(DnsNameResolver.java:224)
	at org.apache.skywalking.apm.dependencies.io.grpc.internal.DnsNameResolver.doResolve(DnsNameResolver.java:283)
	at org.apache.skywalking.apm.dependencies.io.grpc.internal.DnsNameResolver$Resolve.run(DnsNameResolver.java:320)
	at java.base/java.util.concurrent.ThreadPoolExecutor.runWorker(Unknown Source)
	at java.base/java.util.concurrent.ThreadPoolExecutor$Worker.run(Unknown Source)
	at java.base/java.lang.Thread.run(Unknown Source)
Caused by: java.net.UnknownHostException: skywalking-oap: Temporary failure in name resolution
	at java.base/java.net.Inet6AddressImpl.lookupAllHostAddr(Native Method)
	at java.base/java.net.Inet6AddressImpl.lookupAllHostAddr(Unknown Source)
	at java.base/java.net.InetAddress$PlatformResolver.lookupByName(Unknown Source)
	at java.base/java.net.InetAddress.getAddressesFromNameService(Unknown Source)
	at java.base/java.net.InetAddress$NameServiceAddresses.get(Unknown Source)
	at java.base/java.net.InetAddress.getAllByName0(Unknown Source)
	at java.base/java.net.InetAddress.getAllByName(Unknown Source)
	at org.apache.skywalking.apm.dependencies.io.grpc.internal.DnsNameResolver$JdkAddressResolver.resolveAddress(DnsNameResolver.java:644)
	at org.apache.skywalking.apm.dependencies.io.grpc.internal.DnsNameResolver.resolveAddresses(DnsNameResolver.java:220)
	... 5 more
}"}
{"timestamp":"2026-09-26T09:17:30.987Z","level":"WARN","service":"flashsale-order","trace_id":"","span_id":"","user_id":"","order_id":"","event_id":"","idempotency_key":"","outbox_id":"","error_code":"","logger":"o.a.s.a.d.i.g.i.ManagedChannelImpl","message":"[Channel<1>: (skywalking-oap:11800)] Failed to resolve name. status=Status{code=UNAVAILABLE, description=Unable to resolve host skywalking-oap, cause=java.lang.RuntimeException: java.net.UnknownHostException: skywalking-oap: Temporary failure in name resolution
	at org.apache.skywalking.apm.dependencies.io.grpc.internal.DnsNameResolver.resolveAddresses(DnsNameResolver.java:224)
	at org.apache.skywalking.apm.dependencies.io.grpc.internal.DnsNameResolver.doResolve(DnsNameResolver.java:283)
	at org.apache.skywalking.apm.dependencies.io.grpc.internal.DnsNameResolver$Resolve.run(DnsNameResolver.java:320)
	at java.base/java.util.concurrent.ThreadPoolExecutor.runWorker(Unknown Source)
	at java.base/java.util.concurrent.ThreadPoolExecutor$Worker.run(Unknown Source)
	at java.base/java.lang.Thread.run(Unknown Source)
Caused by: java.net.UnknownHostException: skywalking-oap: Temporary failure in name resolution
	at java.base/java.net.Inet6AddressImpl.lookupAllHostAddr(Native Method)
	at java.base/java.net.Inet6AddressImpl.lookupAllHostAddr(Unknown Source)
	at java.base/java.net.InetAddress$PlatformResolver.lookupByName(Unknown Source)
	at java.base/java.net.InetAddress.getAddressesFromNameService(Unknown Source)
	at java.base/java.net.InetAddress$NameServiceAddresses.get(Unknown Source)
	at java.base/java.net.InetAddress.getAllByName0(Unknown Source)
	at java.base/java.net.InetAddress.getAllByName(Unknown Source)
	at org.apache.skywalking.apm.dependencies.io.grpc.internal.DnsNameResolver$JdkAddressResolver.resolveAddress(DnsNameResolver.java:644)
	at org.apache.skywalking.apm.dependencies.io.grpc.internal.DnsNameResolver.resolveAddresses(DnsNameResolver.java:220)
	... 5 more
}"}
{"timestamp":"2026-09-26T09:19:22.979Z","level":"WARN","service":"flashsale-order","trace_id":"","span_id":"","user_id":"","order_id":"","event_id":"","idempotency_key":"","outbox_id":"","error_code":"","logger":"o.a.s.a.d.i.g.i.ManagedChannelImpl","message":"[Channel<1>: (skywalking-oap:11800)] Failed to resolve name. status=Status{code=UNAVAILABLE, description=Unable to resolve host skywalking-oap, cause=java.lang.RuntimeException: java.net.UnknownHostException: skywalking-oap: Temporary failure in name resolution
	at org.apache.skywalking.apm.dependencies.io.grpc.internal.DnsNameResolver.resolveAddresses(DnsNameResolver.java:224)
	at org.apache.skywalking.apm.dependencies.io.grpc.internal.DnsNameResolver.doResolve(DnsNameResolver.java:283)
	at org.apache.skywalking.apm.dependencies.io.grpc.internal.DnsNameResolver$Resolve.run(DnsNameResolver.java:320)
	at java.base/java.util.concurrent.ThreadPoolExecutor.runWorker(Unknown Source)
	at java.base/java.util.concurrent.ThreadPoolExecutor$Worker.run(Unknown Source)
	at java.base/java.lang.Thread.run(Unknown Source)
Caused by: java.net.UnknownHostException: skywalking-oap: Temporary failure in name resolution
	at java.base/java.net.Inet6AddressImpl.lookupAllHostAddr(Native Method)
	at java.base/java.net.Inet6AddressImpl.lookupAllHostAddr(Unknown Source)
	at java.base/java.net.InetAddress$PlatformResolver.lookupByName(Unknown Source)
	at java.base/java.net.InetAddress.getAddressesFromNameService(Unknown Source)
	at java.base/java.net.InetAddress$NameServiceAddresses.get(Unknown Source)
	at java.base/java.net.InetAddress.getAllByName0(Unknown Source)
	at java.base/java.net.InetAddress.getAllByName(Unknown Source)
	at org.apache.skywalking.apm.dependencies.io.grpc.internal.DnsNameResolver$JdkAddressResolver.resolveAddress(DnsNameResolver.java:644)
	at org.apache.skywalking.apm.dependencies.io.grpc.internal.DnsNameResolver.resolveAddresses(DnsNameResolver.java:220)
	... 5 more
}"}
{"timestamp":"2026-09-26T09:21:12.069Z","level":"WARN","service":"flashsale-order","trace_id":"","span_id":"","user_id":"","order_id":"","event_id":"","idempotency_key":"","outbox_id":"","error_code":"","logger":"o.a.s.a.d.i.g.i.ManagedChannelImpl","message":"[Channel<1>: (skywalking-oap:11800)] Failed to resolve name. status=Status{code=UNAVAILABLE, description=Unable to resolve host skywalking-oap, cause=java.lang.RuntimeException: java.net.UnknownHostException: skywalking-oap: Temporary failure in name resolution
	at org.apache.skywalking.apm.dependencies.io.grpc.internal.DnsNameResolver.resolveAddresses(DnsNameResolver.java:224)
	at org.apache.skywalking.apm.dependencies.io.grpc.internal.DnsNameResolver.doResolve(DnsNameResolver.java:283)
	at org.apache.skywalking.apm.dependencies.io.grpc.internal.DnsNameResolver$Resolve.run(DnsNameResolver.java:320)
	at java.base/java.util.concurrent.ThreadPoolExecutor.runWorker(Unknown Source)
	at java.base/java.util.concurrent.ThreadPoolExecutor$Worker.run(Unknown Source)
	at java.base/java.lang.Thread.run(Unknown Source)
Caused by: java.net.UnknownHostException: skywalking-oap: Temporary failure in name resolution
	at java.base/java.net.Inet6AddressImpl.lookupAllHostAddr(Native Method)
	at java.base/java.net.Inet6AddressImpl.lookupAllHostAddr(Unknown Source)
	at java.base/java.net.InetAddress$PlatformResolver.lookupByName(Unknown Source)
	at java.base/java.net.InetAddress.getAddressesFromNameService(Unknown Source)
	at java.base/java.net.InetAddress$NameServiceAddresses.get(Unknown Source)
	at java.base/java.net.InetAddress.getAllByName0(Unknown Source)
	at java.base/java.net.InetAddress.getAllByName(Unknown Source)
	at org.apache.skywalking.apm.dependencies.io.grpc.internal.DnsNameResolver$JdkAddressResolver.resolveAddress(DnsNameResolver.java:644)
	at org.apache.skywalking.apm.dependencies.io.grpc.internal.DnsNameResolver.resolveAddresses(DnsNameResolver.java:220)
	... 5 more
}"}
{"timestamp":"2026-09-26T09:23:28.775Z","level":"WARN","service":"flashsale-order","trace_id":"","span_id":"","user_id":"","order_id":"","event_id":"","idempotency_key":"","outbox_id":"","error_code":"","logger":"o.a.s.a.d.i.g.i.ManagedChannelImpl","message":"[Channel<1>: (skywalking-oap:11800)] Failed to resolve name. status=Status{code=UNAVAILABLE, description=Unable to resolve host skywalking-oap, cause=java.lang.RuntimeException: java.net.UnknownHostException: skywalking-oap: Temporary failure in name resolution
	at org.apache.skywalking.apm.dependencies.io.grpc.internal.DnsNameResolver.resolveAddresses(DnsNameResolver.java:224)
	at org.apache.skywalking.apm.dependencies.io.grpc.internal.DnsNameResolver.doResolve(DnsNameResolver.java:283)
	at org.apache.skywalking.apm.dependencies.io.grpc.internal.DnsNameResolver$Resolve.run(DnsNameResolver.java:320)
	at java.base/java.util.concurrent.ThreadPoolExecutor.runWorker(Unknown Source)
	at java.base/java.util.concurrent.ThreadPoolExecutor$Worker.run(Unknown Source)
	at java.base/java.lang.Thread.run(Unknown Source)
Caused by: java.net.UnknownHostException: skywalking-oap: Temporary failure in name resolution
	at java.base/java.net.Inet6AddressImpl.lookupAllHostAddr(Native Method)
	at java.base/java.net.Inet6AddressImpl.lookupAllHostAddr(Unknown Source)
	at java.base/java.net.InetAddress$PlatformResolver.lookupByName(Unknown Source)
	at java.base/java.net.InetAddress.getAddressesFromNameService(Unknown Source)
	at java.base/java.net.InetAddress$NameServiceAddresses.get(Unknown Source)
	at java.base/java.net.InetAddress.getAllByName0(Unknown Source)
	at java.base/java.net.InetAddress.getAllByName(Unknown Source)
	at org.apache.skywalking.apm.dependencies.io.grpc.internal.DnsNameResolver$JdkAddressResolver.resolveAddress(DnsNameResolver.java:644)
	at org.apache.skywalking.apm.dependencies.io.grpc.internal.DnsNameResolver.resolveAddresses(DnsNameResolver.java:220)
	... 5 more
}"}
{"timestamp":"2026-09-26T09:25:45.888Z","level":"WARN","service":"flashsale-order","trace_id":"","span_id":"","user_id":"","order_id":"","event_id":"","idempotency_key":"","outbox_id":"","error_code":"","logger":"o.a.s.a.d.i.g.i.ManagedChannelImpl","message":"[Channel<1>: (skywalking-oap:11800)] Failed to resolve name. status=Status{code=UNAVAILABLE, description=Unable to resolve host skywalking-oap, cause=java.lang.RuntimeException: java.net.UnknownHostException: skywalking-oap: Temporary failure in name resolution
	at org.apache.skywalking.apm.dependencies.io.grpc.internal.DnsNameResolver.resolveAddresses(DnsNameResolver.java:224)
	at org.apache.skywalking.apm.dependencies.io.grpc.internal.DnsNameResolver.doResolve(DnsNameResolver.java:283)
	at org.apache.skywalking.apm.dependencies.io.grpc.internal.DnsNameResolver$Resolve.run(DnsNameResolver.java:320)
	at java.base/java.util.concurrent.ThreadPoolExecutor.runWorker(Unknown Source)
	at java.base/java.util.concurrent.ThreadPoolExecutor$Worker.run(Unknown Source)
	at java.base/java.lang.Thread.run(Unknown Source)
Caused by: java.net.UnknownHostException: skywalking-oap: Temporary failure in name resolution
	at java.base/java.net.Inet6AddressImpl.lookupAllHostAddr(Native Method)
	at java.base/java.net.Inet6AddressImpl.lookupAllHostAddr(Unknown Source)
	at java.base/java.net.InetAddress$PlatformResolver.lookupByName(Unknown Source)
	at java.base/java.net.InetAddress.getAddressesFromNameService(Unknown Source)
	at java.base/java.net.InetAddress$NameServiceAddresses.get(Unknown Source)
	at java.base/java.net.InetAddress.getAllByName0(Unknown Source)
	at java.base/java.net.InetAddress.getAllByName(Unknown Source)
	at org.apache.skywalking.apm.dependencies.io.grpc.internal.DnsNameResolver$JdkAddressResolver.resolveAddress(DnsNameResolver.java:644)
	at org.apache.skywalking.apm.dependencies.io.grpc.internal.DnsNameResolver.resolveAddresses(DnsNameResolver.java:220)
	... 5 more
}"}
{"timestamp":"2026-09-26T09:27:31.766Z","level":"WARN","service":"flashsale-order","trace_id":"","span_id":"","user_id":"","order_id":"","event_id":"","idempotency_key":"","outbox_id":"","error_code":"","logger":"o.a.s.a.d.i.g.i.ManagedChannelImpl","message":"[Channel<1>: (skywalking-oap:11800)] Failed to resolve name. status=Status{code=UNAVAILABLE, description=Unable to resolve host skywalking-oap, cause=java.lang.RuntimeException: java.net.UnknownHostException: skywalking-oap: Temporary failure in name resolution
	at org.apache.skywalking.apm.dependencies.io.grpc.internal.DnsNameResolver.resolveAddresses(DnsNameResolver.java:224)
	at org.apache.skywalking.apm.dependencies.io.grpc.internal.DnsNameResolver.doResolve(DnsNameResolver.java:283)
	at org.apache.skywalking.apm.dependencies.io.grpc.internal.DnsNameResolver$Resolve.run(DnsNameResolver.java:320)
	at java.base/java.util.concurrent.ThreadPoolExecutor.runWorker(Unknown Source)
	at java.base/java.util.concurrent.ThreadPoolExecutor$Worker.run(Unknown Source)
	at java.base/java.lang.Thread.run(Unknown Source)
Caused by: java.net.UnknownHostException: skywalking-oap: Temporary failure in name resolution
	at java.base/java.net.Inet6AddressImpl.lookupAllHostAddr(Native Method)
	at java.base/java.net.Inet6AddressImpl.lookupAllHostAddr(Unknown Source)
	at java.base/java.net.InetAddress$PlatformResolver.lookupByName(Unknown Source)
	at java.base/java.net.InetAddress.getAddressesFromNameService(Unknown Source)
	at java.base/java.net.InetAddress$NameServiceAddresses.get(Unknown Source)
	at java.base/java.net.InetAddress.getAllByName0(Unknown Source)
	at java.base/java.net.InetAddress.getAllByName(Unknown Source)
	at org.apache.skywalking.apm.dependencies.io.grpc.internal.DnsNameResolver$JdkAddressResolver.resolveAddress(DnsNameResolver.java:644)
	at org.apache.skywalking.apm.dependencies.io.grpc.internal.DnsNameResolver.resolveAddresses(DnsNameResolver.java:220)
	... 5 more
}"}
{"timestamp":"2026-09-26T09:29:38.943Z","level":"WARN","service":"flashsale-order","trace_id":"","span_id":"","user_id":"","order_id":"","event_id":"","idempotency_key":"","outbox_id":"","error_code":"","logger":"o.a.s.a.d.i.g.i.ManagedChannelImpl","message":"[Channel<1>: (skywalking-oap:11800)] Failed to resolve name. status=Status{code=UNAVAILABLE, description=Unable to resolve host skywalking-oap, cause=java.lang.RuntimeException: java.net.UnknownHostException: skywalking-oap: Temporary failure in name resolution
	at org.apache.skywalking.apm.dependencies.io.grpc.internal.DnsNameResolver.resolveAddresses(DnsNameResolver.java:224)
	at org.apache.skywalking.apm.dependencies.io.grpc.internal.DnsNameResolver.doResolve(DnsNameResolver.java:283)
	at org.apache.skywalking.apm.dependencies.io.grpc.internal.DnsNameResolver$Resolve.run(DnsNameResolver.java:320)
	at java.base/java.util.concurrent.ThreadPoolExecutor.runWorker(Unknown Source)
	at java.base/java.util.concurrent.ThreadPoolExecutor$Worker.run(Unknown Source)
	at java.base/java.lang.Thread.run(Unknown Source)
Caused by: java.net.UnknownHostException: skywalking-oap: Temporary failure in name resolution
	at java.base/java.net.Inet6AddressImpl.lookupAllHostAddr(Native Method)
	at java.base/java.net.Inet6AddressImpl.lookupAllHostAddr(Unknown Source)
	at java.base/java.net.InetAddress$PlatformResolver.lookupByName(Unknown Source)
	at java.base/java.net.InetAddress.getAddressesFromNameService(Unknown Source)
	at java.base/java.net.InetAddress$NameServiceAddresses.get(Unknown Source)
	at java.base/java.net.InetAddress.getAllByName0(Unknown Source)
	at java.base/java.net.InetAddress.getAllByName(Unknown Source)
	at org.apache.skywalking.apm.dependencies.io.grpc.internal.DnsNameResolver$JdkAddressResolver.resolveAddress(DnsNameResolver.java:644)
	at org.apache.skywalking.apm.dependencies.io.grpc.internal.DnsNameResolver.resolveAddresses(DnsNameResolver.java:220)
	... 5 more
}"}
{"timestamp":"2026-09-26T09:31:34.653Z","level":"WARN","service":"flashsale-order","trace_id":"","span_id":"","user_id":"","order_id":"","event_id":"","idempotency_key":"","outbox_id":"","error_code":"","logger":"o.a.s.a.d.i.g.i.ManagedChannelImpl","message":"[Channel<1>: (skywalking-oap:11800)] Failed to resolve name. status=Status{code=UNAVAILABLE, description=Unable to resolve host skywalking-oap, cause=java.lang.RuntimeException: java.net.UnknownHostException: skywalking-oap: Temporary failure in name resolution
	at org.apache.skywalking.apm.dependencies.io.grpc.internal.DnsNameResolver.resolveAddresses(DnsNameResolver.java:224)
	at org.apache.skywalking.apm.dependencies.io.grpc.internal.DnsNameResolver.doResolve(DnsNameResolver.java:283)
	at org.apache.skywalking.apm.dependencies.io.grpc.internal.DnsNameResolver$Resolve.run(DnsNameResolver.java:320)
	at java.base/java.util.concurrent.ThreadPoolExecutor.runWorker(Unknown Source)
	at java.base/java.util.concurrent.ThreadPoolExecutor$Worker.run(Unknown Source)
	at java.base/java.lang.Thread.run(Unknown Source)
Caused by: java.net.UnknownHostException: skywalking-oap: Temporary failure in name resolution
	at java.base/java.net.Inet6AddressImpl.lookupAllHostAddr(Native Method)
	at java.base/java.net.Inet6AddressImpl.lookupAllHostAddr(Unknown Source)
	at java.base/java.net.InetAddress$PlatformResolver.lookupByName(Unknown Source)
	at java.base/java.net.InetAddress.getAddressesFromNameService(Unknown Source)
	at java.base/java.net.InetAddress$NameServiceAddresses.get(Unknown Source)
	at java.base/java.net.InetAddress.getAllByName0(Unknown Source)
	at java.base/java.net.InetAddress.getAllByName(Unknown Source)
	at org.apache.skywalking.apm.dependencies.io.grpc.internal.DnsNameResolver$JdkAddressResolver.resolveAddress(DnsNameResolver.java:644)
	at org.apache.skywalking.apm.dependencies.io.grpc.internal.DnsNameResolver.resolveAddresses(DnsNameResolver.java:220)
	... 5 more
}"}
{"timestamp":"2026-09-26T09:33:22.503Z","level":"WARN","service":"flashsale-order","trace_id":"","span_id":"","user_id":"","order_id":"","event_id":"","idempotency_key":"","outbox_id":"","error_code":"","logger":"o.a.s.a.d.i.g.i.ManagedChannelImpl","message":"[Channel<1>: (skywalking-oap:11800)] Failed to resolve name. status=Status{code=UNAVAILABLE, description=Unable to resolve host skywalking-oap, cause=java.lang.RuntimeException: java.net.UnknownHostException: skywalking-oap: Temporary failure in name resolution
	at org.apache.skywalking.apm.dependencies.io.grpc.internal.DnsNameResolver.resolveAddresses(DnsNameResolver.java:224)
	at org.apache.skywalking.apm.dependencies.io.grpc.internal.DnsNameResolver.doResolve(DnsNameResolver.java:283)
	at org.apache.skywalking.apm.dependencies.io.grpc.internal.DnsNameResolver$Resolve.run(DnsNameResolver.java:320)
	at java.base/java.util.concurrent.ThreadPoolExecutor.runWorker(Unknown Source)
	at java.base/java.util.concurrent.ThreadPoolExecutor$Worker.run(Unknown Source)
	at java.base/java.lang.Thread.run(Unknown Source)
Caused by: java.net.UnknownHostException: skywalking-oap: Temporary failure in name resolution
	at java.base/java.net.Inet6AddressImpl.lookupAllHostAddr(Native Method)
	at java.base/java.net.Inet6AddressImpl.lookupAllHostAddr(Unknown Source)
	at java.base/java.net.InetAddress$PlatformResolver.lookupByName(Unknown Source)
	at java.base/java.net.InetAddress.getAddressesFromNameService(Unknown Source)
	at java.base/java.net.InetAddress$NameServiceAddresses.get(Unknown Source)
	at java.base/java.net.InetAddress.getAllByName0(Unknown Source)
	at java.base/java.net.InetAddress.getAllByName(Unknown Source)
	at org.apache.skywalking.apm.dependencies.io.grpc.internal.DnsNameResolver$JdkAddressResolver.resolveAddress(DnsNameResolver.java:644)
	at org.apache.skywalking.apm.dependencies.io.grpc.internal.DnsNameResolver.resolveAddresses(DnsNameResolver.java:220)
	... 5 more
}"}
{"timestamp":"2026-09-26T09:35:27.920Z","level":"WARN","service":"flashsale-order","trace_id":"","span_id":"","user_id":"","order_id":"","event_id":"","idempotency_key":"","outbox_id":"","error_code":"","logger":"o.a.s.a.d.i.g.i.ManagedChannelImpl","message":"[Channel<1>: (skywalking-oap:11800)] Failed to resolve name. status=Status{code=UNAVAILABLE, description=Unable to resolve host skywalking-oap, cause=java.lang.RuntimeException: java.net.UnknownHostException: skywalking-oap: Temporary failure in name resolution
	at org.apache.skywalking.apm.dependencies.io.grpc.internal.DnsNameResolver.resolveAddresses(DnsNameResolver.java:224)
	at org.apache.skywalking.apm.dependencies.io.grpc.internal.DnsNameResolver.doResolve(DnsNameResolver.java:283)
	at org.apache.skywalking.apm.dependencies.io.grpc.internal.DnsNameResolver$Resolve.run(DnsNameResolver.java:320)
	at java.base/java.util.concurrent.ThreadPoolExecutor.runWorker(Unknown Source)
	at java.base/java.util.concurrent.ThreadPoolExecutor$Worker.run(Unknown Source)
	at java.base/java.lang.Thread.run(Unknown Source)
Caused by: java.net.UnknownHostException: skywalking-oap: Temporary failure in name resolution
	at java.base/java.net.Inet6AddressImpl.lookupAllHostAddr(Native Method)
	at java.base/java.net.Inet6AddressImpl.lookupAllHostAddr(Unknown Source)
	at java.base/java.net.InetAddress$PlatformResolver.lookupByName(Unknown Source)
	at java.base/java.net.InetAddress.getAddressesFromNameService(Unknown Source)
	at java.base/java.net.InetAddress$NameServiceAddresses.get(Unknown Source)
	at java.base/java.net.InetAddress.getAllByName0(Unknown Source)
	at java.base/java.net.InetAddress.getAllByName(Unknown Source)
	at org.apache.skywalking.apm.dependencies.io.grpc.internal.DnsNameResolver$JdkAddressResolver.resolveAddress(DnsNameResolver.java:644)
	at org.apache.skywalking.apm.dependencies.io.grpc.internal.DnsNameResolver.resolveAddresses(DnsNameResolver.java:220)
	... 5 more
}"}
{"timestamp":"2026-09-26T09:37:13.592Z","level":"WARN","service":"flashsale-order","trace_id":"","span_id":"","user_id":"","order_id":"","event_id":"","idempotency_key":"","outbox_id":"","error_code":"","logger":"o.a.s.a.d.i.g.i.ManagedChannelImpl","message":"[Channel<1>: (skywalking-oap:11800)] Failed to resolve name. status=Status{code=UNAVAILABLE, description=Unable to resolve host skywalking-oap, cause=java.lang.RuntimeException: java.net.UnknownHostException: skywalking-oap: Temporary failure in name resolution
	at org.apache.skywalking.apm.dependencies.io.grpc.internal.DnsNameResolver.resolveAddresses(DnsNameResolver.java:224)
	at org.apache.skywalking.apm.dependencies.io.grpc.internal.DnsNameResolver.doResolve(DnsNameResolver.java:283)
	at org.apache.skywalking.apm.dependencies.io.grpc.internal.DnsNameResolver$Resolve.run(DnsNameResolver.java:320)
	at java.base/java.util.concurrent.ThreadPoolExecutor.runWorker(Unknown Source)
	at java.base/java.util.concurrent.ThreadPoolExecutor$Worker.run(Unknown Source)
	at java.base/java.lang.Thread.run(Unknown Source)
Caused by: java.net.UnknownHostException: skywalking-oap: Temporary failure in name resolution
	at java.base/java.net.Inet6AddressImpl.lookupAllHostAddr(Native Method)
	at java.base/java.net.Inet6AddressImpl.lookupAllHostAddr(Unknown Source)
	at java.base/java.net.InetAddress$PlatformResolver.lookupByName(Unknown Source)
	at java.base/java.net.InetAddress.getAddressesFromNameService(Unknown Source)
	at java.base/java.net.InetAddress$NameServiceAddresses.get(Unknown Source)
	at java.base/java.net.InetAddress.getAllByName0(Unknown Source)
	at java.base/java.net.InetAddress.getAllByName(Unknown Source)
	at org.apache.skywalking.apm.dependencies.io.grpc.internal.DnsNameResolver$JdkAddressResolver.resolveAddress(DnsNameResolver.java:644)
	at org.apache.skywalking.apm.dependencies.io.grpc.internal.DnsNameResolver.resolveAddresses(DnsNameResolver.java:220)
	... 5 more
}"}
{"timestamp":"2026-09-26T09:39:04.492Z","level":"WARN","service":"flashsale-order","trace_id":"","span_id":"","user_id":"","order_id":"","event_id":"","idempotency_key":"","outbox_id":"","error_code":"","logger":"o.a.s.a.d.i.g.i.ManagedChannelImpl","message":"[Channel<1>: (skywalking-oap:11800)] Failed to resolve name. status=Status{code=UNAVAILABLE, description=Unable to resolve host skywalking-oap, cause=java.lang.RuntimeException: java.net.UnknownHostException: skywalking-oap: Temporary failure in name resolution
	at org.apache.skywalking.apm.dependencies.io.grpc.internal.DnsNameResolver.resolveAddresses(DnsNameResolver.java:224)
	at org.apache.skywalking.apm.dependencies.io.grpc.internal.DnsNameResolver.doResolve(DnsNameResolver.java:283)
	at org.apache.skywalking.apm.dependencies.io.grpc.internal.DnsNameResolver$Resolve.run(DnsNameResolver.java:320)
	at java.base/java.util.concurrent.ThreadPoolExecutor.runWorker(Unknown Source)
	at java.base/java.util.concurrent.ThreadPoolExecutor$Worker.run(Unknown Source)
	at java.base/java.lang.Thread.run(Unknown Source)
Caused by: java.net.UnknownHostException: skywalking-oap: Temporary failure in name resolution
	at java.base/java.net.Inet6AddressImpl.lookupAllHostAddr(Native Method)
	at java.base/java.net.Inet6AddressImpl.lookupAllHostAddr(Unknown Source)
	at java.base/java.net.InetAddress$PlatformResolver.lookupByName(Unknown Source)
	at java.base/java.net.InetAddress.getAddressesFromNameService(Unknown Source)
	at java.base/java.net.InetAddress$NameServiceAddresses.get(Unknown Source)
	at java.base/java.net.InetAddress.getAllByName0(Unknown Source)
	at java.base/java.net.InetAddress.getAllByName(Unknown Source)
	at org.apache.skywalking.apm.dependencies.io.grpc.internal.DnsNameResolver$JdkAddressResolver.resolveAddress(DnsNameResolver.java:644)
	at org.apache.skywalking.apm.dependencies.io.grpc.internal.DnsNameResolver.resolveAddresses(DnsNameResolver.java:220)
	... 5 more
}"}
{"timestamp":"2026-09-26T09:40:51.294Z","level":"WARN","service":"flashsale-order","trace_id":"","span_id":"","user_id":"","order_id":"","event_id":"","idempotency_key":"","outbox_id":"","error_code":"","logger":"o.a.s.a.d.i.g.i.ManagedChannelImpl","message":"[Channel<1>: (skywalking-oap:11800)] Failed to resolve name. status=Status{code=UNAVAILABLE, description=Unable to resolve host skywalking-oap, cause=java.lang.RuntimeException: java.net.UnknownHostException: skywalking-oap: Temporary failure in name resolution
	at org.apache.skywalking.apm.dependencies.io.grpc.internal.DnsNameResolver.resolveAddresses(DnsNameResolver.java:224)
	at org.apache.skywalking.apm.dependencies.io.grpc.internal.DnsNameResolver.doResolve(DnsNameResolver.java:283)
	at org.apache.skywalking.apm.dependencies.io.grpc.internal.DnsNameResolver$Resolve.run(DnsNameResolver.java:320)
	at java.base/java.util.concurrent.ThreadPoolExecutor.runWorker(Unknown Source)
	at java.base/java.util.concurrent.ThreadPoolExecutor$Worker.run(Unknown Source)
	at java.base/java.lang.Thread.run(Unknown Source)
Caused by: java.net.UnknownHostException: skywalking-oap: Temporary failure in name resolution
	at java.base/java.net.Inet6AddressImpl.lookupAllHostAddr(Native Method)
	at java.base/java.net.Inet6AddressImpl.lookupAllHostAddr(Unknown Source)
	at java.base/java.net.InetAddress$PlatformResolver.lookupByName(Unknown Source)
	at java.base/java.net.InetAddress.getAddressesFromNameService(Unknown Source)
	at java.base/java.net.InetAddress$NameServiceAddresses.get(Unknown Source)
	at java.base/java.net.InetAddress.getAllByName0(Unknown Source)
	at java.base/java.net.InetAddress.getAllByName(Unknown Source)
	at org.apache.skywalking.apm.dependencies.io.grpc.internal.DnsNameResolver$JdkAddressResolver.resolveAddress(DnsNameResolver.java:644)
	at org.apache.skywalking.apm.dependencies.io.grpc.internal.DnsNameResolver.resolveAddresses(DnsNameResolver.java:220)
	... 5 more
}"}
{"timestamp":"2026-09-26T09:42:48.439Z","level":"WARN","service":"flashsale-order","trace_id":"","span_id":"","user_id":"","order_id":"","event_id":"","idempotency_key":"","outbox_id":"","error_code":"","logger":"o.a.s.a.d.i.g.i.ManagedChannelImpl","message":"[Channel<1>: (skywalking-oap:11800)] Failed to resolve name. status=Status{code=UNAVAILABLE, description=Unable to resolve host skywalking-oap, cause=java.lang.RuntimeException: java.net.UnknownHostException: skywalking-oap: Temporary failure in name resolution
	at org.apache.skywalking.apm.dependencies.io.grpc.internal.DnsNameResolver.resolveAddresses(DnsNameResolver.java:224)
	at org.apache.skywalking.apm.dependencies.io.grpc.internal.DnsNameResolver.doResolve(DnsNameResolver.java:283)
	at org.apache.skywalking.apm.dependencies.io.grpc.internal.DnsNameResolver$Resolve.run(DnsNameResolver.java:320)
	at java.base/java.util.concurrent.ThreadPoolExecutor.runWorker(Unknown Source)
	at java.base/java.util.concurrent.ThreadPoolExecutor$Worker.run(Unknown Source)
	at java.base/java.lang.Thread.run(Unknown Source)
Caused by: java.net.UnknownHostException: skywalking-oap: Temporary failure in name resolution
	at java.base/java.net.Inet6AddressImpl.lookupAllHostAddr(Native Method)
	at java.base/java.net.Inet6AddressImpl.lookupAllHostAddr(Unknown Source)
	at java.base/java.net.InetAddress$PlatformResolver.lookupByName(Unknown Source)
	at java.base/java.net.InetAddress.getAddressesFromNameService(Unknown Source)
	at java.base/java.net.InetAddress$NameServiceAddresses.get(Unknown Source)
	at java.base/java.net.InetAddress.getAllByName0(Unknown Source)
	at java.base/java.net.InetAddress.getAllByName(Unknown Source)
	at org.apache.skywalking.apm.dependencies.io.grpc.internal.DnsNameResolver$JdkAddressResolver.resolveAddress(DnsNameResolver.java:644)
	at org.apache.skywalking.apm.dependencies.io.grpc.internal.DnsNameResolver.resolveAddresses(DnsNameResolver.java:220)
	... 5 more
}"}
{"timestamp":"2026-09-26T09:44:40.159Z","level":"WARN","service":"flashsale-order","trace_id":"","span_id":"","user_id":"","order_id":"","event_id":"","idempotency_key":"","outbox_id":"","error_code":"","logger":"o.a.s.a.d.i.g.i.ManagedChannelImpl","message":"[Channel<1>: (skywalking-oap:11800)] Failed to resolve name. status=Status{code=UNAVAILABLE, description=Unable to resolve host skywalking-oap, cause=java.lang.RuntimeException: java.net.UnknownHostException: skywalking-oap: Temporary failure in name resolution
	at org.apache.skywalking.apm.dependencies.io.grpc.internal.DnsNameResolver.resolveAddresses(DnsNameResolver.java:224)
	at org.apache.skywalking.apm.dependencies.io.grpc.internal.DnsNameResolver.doResolve(DnsNameResolver.java:283)
	at org.apache.skywalking.apm.dependencies.io.grpc.internal.DnsNameResolver$Resolve.run(DnsNameResolver.java:320)
	at java.base/java.util.concurrent.ThreadPoolExecutor.runWorker(Unknown Source)
	at java.base/java.util.concurrent.ThreadPoolExecutor$Worker.run(Unknown Source)
	at java.base/java.lang.Thread.run(Unknown Source)
Caused by: java.net.UnknownHostException: skywalking-oap: Temporary failure in name resolution
	at java.base/java.net.Inet6AddressImpl.lookupAllHostAddr(Native Method)
	at java.base/java.net.Inet6AddressImpl.lookupAllHostAddr(Unknown Source)
	at java.base/java.net.InetAddress$PlatformResolver.lookupByName(Unknown Source)
	at java.base/java.net.InetAddress.getAddressesFromNameService(Unknown Source)
	at java.base/java.net.InetAddress$NameServiceAddresses.get(Unknown Source)
	at java.base/java.net.InetAddress.getAllByName0(Unknown Source)
	at java.base/java.net.InetAddress.getAllByName(Unknown Source)
	at org.apache.skywalking.apm.dependencies.io.grpc.internal.DnsNameResolver$JdkAddressResolver.resolveAddress(DnsNameResolver.java:644)
	at org.apache.skywalking.apm.dependencies.io.grpc.internal.DnsNameResolver.resolveAddresses(DnsNameResolver.java:220)
	... 5 more
}"}
{"timestamp":"2026-09-26T09:44:41.181Z","level":"WARN","service":"flashsale-order","trace_id":"","span_id":"","user_id":"","order_id":"","event_id":"","idempotency_key":"","outbox_id":"","error_code":"","logger":"o.a.s.a.d.i.g.i.ManagedChannelImpl","message":"[Channel<1>: (skywalking-oap:11800)] Failed to resolve name. status=Status{code=UNAVAILABLE, description=Unable to resolve host skywalking-oap, cause=java.lang.RuntimeException: java.net.UnknownHostException: skywalking-oap
	at org.apache.skywalking.apm.dependencies.io.grpc.internal.DnsNameResolver.resolveAddresses(DnsNameResolver.java:224)
	at org.apache.skywalking.apm.dependencies.io.grpc.internal.DnsNameResolver.doResolve(DnsNameResolver.java:283)
	at org.apache.skywalking.apm.dependencies.io.grpc.internal.DnsNameResolver$Resolve.run(DnsNameResolver.java:320)
	at java.base/java.util.concurrent.ThreadPoolExecutor.runWorker(Unknown Source)
	at java.base/java.util.concurrent.ThreadPoolExecutor$Worker.run(Unknown Source)
	at java.base/java.lang.Thread.run(Unknown Source)
Caused by: java.net.UnknownHostException: skywalking-oap
	at java.base/java.net.InetAddress$CachedLookup.get(Unknown Source)
	at java.base/java.net.InetAddress.getAllByName0(Unknown Source)
	at java.base/java.net.InetAddress.getAllByName(Unknown Source)
	at org.apache.skywalking.apm.dependencies.io.grpc.internal.DnsNameResolver$JdkAddressResolver.resolveAddress(DnsNameResolver.java:644)
	at org.apache.skywalking.apm.dependencies.io.grpc.internal.DnsNameResolver.resolveAddresses(DnsNameResolver.java:220)
	... 5 more
}"}
{"timestamp":"2026-09-26T09:44:42.526Z","level":"WARN","service":"flashsale-order","trace_id":"","span_id":"","user_id":"","order_id":"","event_id":"","idempotency_key":"","outbox_id":"","error_code":"","logger":"o.a.s.a.d.i.g.i.ManagedChannelImpl","message":"[Channel<1>: (skywalking-oap:11800)] Failed to resolve name. status=Status{code=UNAVAILABLE, description=Unable to resolve host skywalking-oap, cause=java.lang.RuntimeException: java.net.UnknownHostException: skywalking-oap
	at org.apache.skywalking.apm.dependencies.io.grpc.internal.DnsNameResolver.resolveAddresses(DnsNameResolver.java:224)
	at org.apache.skywalking.apm.dependencies.io.grpc.internal.DnsNameResolver.doResolve(DnsNameResolver.java:283)
	at org.apache.skywalking.apm.dependencies.io.grpc.internal.DnsNameResolver$Resolve.run(DnsNameResolver.java:320)
	at java.base/java.util.concurrent.ThreadPoolExecutor.runWorker(Unknown Source)
	at java.base/java.util.concurrent.ThreadPoolExecutor$Worker.run(Unknown Source)
	at java.base/java.lang.Thread.run(Unknown Source)
Caused by: java.net.UnknownHostException: skywalking-oap
	at java.base/java.net.InetAddress$CachedLookup.get(Unknown Source)
	at java.base/java.net.InetAddress.getAllByName0(Unknown Source)
	at java.base/java.net.InetAddress.getAllByName(Unknown Source)
	at org.apache.skywalking.apm.dependencies.io.grpc.internal.DnsNameResolver$JdkAddressResolver.resolveAddress(DnsNameResolver.java:644)
	at org.apache.skywalking.apm.dependencies.io.grpc.internal.DnsNameResolver.resolveAddresses(DnsNameResolver.java:220)
	... 5 more
}"}
{"timestamp":"2026-09-26T09:44:45.404Z","level":"WARN","service":"flashsale-order","trace_id":"","span_id":"","user_id":"","order_id":"","event_id":"","idempotency_key":"","outbox_id":"","error_code":"","logger":"o.a.s.a.d.i.g.i.ManagedChannelImpl","message":"[Channel<1>: (skywalking-oap:11800)] Failed to resolve name. status=Status{code=UNAVAILABLE, description=Unable to resolve host skywalking-oap, cause=java.lang.RuntimeException: java.net.UnknownHostException: skywalking-oap
	at org.apache.skywalking.apm.dependencies.io.grpc.internal.DnsNameResolver.resolveAddresses(DnsNameResolver.java:224)
	at org.apache.skywalking.apm.dependencies.io.grpc.internal.DnsNameResolver.doResolve(DnsNameResolver.java:283)
	at org.apache.skywalking.apm.dependencies.io.grpc.internal.DnsNameResolver$Resolve.run(DnsNameResolver.java:320)
	at java.base/java.util.concurrent.ThreadPoolExecutor.runWorker(Unknown Source)
	at java.base/java.util.concurrent.ThreadPoolExecutor$Worker.run(Unknown Source)
	at java.base/java.lang.Thread.run(Unknown Source)
Caused by: java.net.UnknownHostException: skywalking-oap
	at java.base/java.net.InetAddress$CachedLookup.get(Unknown Source)
	at java.base/java.net.InetAddress.getAllByName0(Unknown Source)
	at java.base/java.net.InetAddress.getAllByName(Unknown Source)
	at org.apache.skywalking.apm.dependencies.io.grpc.internal.DnsNameResolver$JdkAddressResolver.resolveAddress(DnsNameResolver.java:644)
	at org.apache.skywalking.apm.dependencies.io.grpc.internal.DnsNameResolver.resolveAddresses(DnsNameResolver.java:220)
	... 5 more
}"}
{"timestamp":"2026-09-26T09:44:49.449Z","level":"WARN","service":"flashsale-order","trace_id":"","span_id":"","user_id":"","order_id":"","event_id":"","idempotency_key":"","outbox_id":"","error_code":"","logger":"o.a.s.a.d.i.g.i.ManagedChannelImpl","message":"[Channel<1>: (skywalking-oap:11800)] Failed to resolve name. status=Status{code=UNAVAILABLE, description=Unable to resolve host skywalking-oap, cause=java.lang.RuntimeException: java.net.UnknownHostException: skywalking-oap
	at org.apache.skywalking.apm.dependencies.io.grpc.internal.DnsNameResolver.resolveAddresses(DnsNameResolver.java:224)
	at org.apache.skywalking.apm.dependencies.io.grpc.internal.DnsNameResolver.doResolve(DnsNameResolver.java:283)
	at org.apache.skywalking.apm.dependencies.io.grpc.internal.DnsNameResolver$Resolve.run(DnsNameResolver.java:320)
	at java.base/java.util.concurrent.ThreadPoolExecutor.runWorker(Unknown Source)
	at java.base/java.util.concurrent.ThreadPoolExecutor$Worker.run(Unknown Source)
	at java.base/java.lang.Thread.run(Unknown Source)
Caused by: java.net.UnknownHostException: skywalking-oap
	at java.base/java.net.InetAddress$CachedLookup.get(Unknown Source)
	at java.base/java.net.InetAddress.getAllByName0(Unknown Source)
	at java.base/java.net.InetAddress.getAllByName(Unknown Source)
	at org.apache.skywalking.apm.dependencies.io.grpc.internal.DnsNameResolver$JdkAddressResolver.resolveAddress(DnsNameResolver.java:644)
	at org.apache.skywalking.apm.dependencies.io.grpc.internal.DnsNameResolver.resolveAddresses(DnsNameResolver.java:220)
	... 5 more
}"}
{"timestamp":"2026-09-26T09:44:54.936Z","level":"WARN","service":"flashsale-order","trace_id":"","span_id":"","user_id":"","order_id":"","event_id":"","idempotency_key":"","outbox_id":"","error_code":"","logger":"o.a.s.a.d.i.g.i.ManagedChannelImpl","message":"[Channel<1>: (skywalking-oap:11800)] Failed to resolve name. status=Status{code=UNAVAILABLE, description=Unable to resolve host skywalking-oap, cause=java.lang.RuntimeException: java.net.UnknownHostException: skywalking-oap: Temporary failure in name resolution
	at org.apache.skywalking.apm.dependencies.io.grpc.internal.DnsNameResolver.resolveAddresses(DnsNameResolver.java:224)
	at org.apache.skywalking.apm.dependencies.io.grpc.internal.DnsNameResolver.doResolve(DnsNameResolver.java:283)
	at org.apache.skywalking.apm.dependencies.io.grpc.internal.DnsNameResolver$Resolve.run(DnsNameResolver.java:320)
	at java.base/java.util.concurrent.ThreadPoolExecutor.runWorker(Unknown Source)
	at java.base/java.util.concurrent.ThreadPoolExecutor$Worker.run(Unknown Source)
	at java.base/java.lang.Thread.run(Unknown Source)
Caused by: java.net.UnknownHostException: skywalking-oap: Temporary failure in name resolution
	at java.base/java.net.Inet6AddressImpl.lookupAllHostAddr(Native Method)
	at java.base/java.net.Inet6AddressImpl.lookupAllHostAddr(Unknown Source)
	at java.base/java.net.InetAddress$PlatformResolver.lookupByName(Unknown Source)
	at java.base/java.net.InetAddress.getAddressesFromNameService(Unknown Source)
	at java.base/java.net.InetAddress$NameServiceAddresses.get(Unknown Source)
	at java.base/java.net.InetAddress.getAllByName0(Unknown Source)
	at java.base/java.net.InetAddress.getAllByName(Unknown Source)
	at org.apache.skywalking.apm.dependencies.io.grpc.internal.DnsNameResolver$JdkAddressResolver.resolveAddress(DnsNameResolver.java:644)
	at org.apache.skywalking.apm.dependencies.io.grpc.internal.DnsNameResolver.resolveAddresses(DnsNameResolver.java:220)
	... 5 more
}"}
{"timestamp":"2026-09-26T09:45:07.293Z","level":"WARN","service":"flashsale-order","trace_id":"","span_id":"","user_id":"","order_id":"","event_id":"","idempotency_key":"","outbox_id":"","error_code":"","logger":"o.a.s.a.d.i.g.i.ManagedChannelImpl","message":"[Channel<1>: (skywalking-oap:11800)] Failed to resolve name. status=Status{code=UNAVAILABLE, description=Unable to resolve host skywalking-oap, cause=java.lang.RuntimeException: java.net.UnknownHostException: skywalking-oap: Temporary failure in name resolution
	at org.apache.skywalking.apm.dependencies.io.grpc.internal.DnsNameResolver.resolveAddresses(DnsNameResolver.java:224)
	at org.apache.skywalking.apm.dependencies.io.grpc.internal.DnsNameResolver.doResolve(DnsNameResolver.java:283)
	at org.apache.skywalking.apm.dependencies.io.grpc.internal.DnsNameResolver$Resolve.run(DnsNameResolver.java:320)
	at java.base/java.util.concurrent.ThreadPoolExecutor.runWorker(Unknown Source)
	at java.base/java.util.concurrent.ThreadPoolExecutor$Worker.run(Unknown Source)
	at java.base/java.lang.Thread.run(Unknown Source)
Caused by: java.net.UnknownHostException: skywalking-oap: Temporary failure in name resolution
	at java.base/java.net.Inet6AddressImpl.lookupAllHostAddr(Native Method)
	at java.base/java.net.Inet6AddressImpl.lookupAllHostAddr(Unknown Source)
	at java.base/java.net.InetAddress$PlatformResolver.lookupByName(Unknown Source)
	at java.base/java.net.InetAddress.getAddressesFromNameService(Unknown Source)
	at java.base/java.net.InetAddress$NameServiceAddresses.get(Unknown Source)
	at java.base/java.net.InetAddress.getAllByName0(Unknown Source)
	at java.base/java.net.InetAddress.getAllByName(Unknown Source)
	at org.apache.skywalking.apm.dependencies.io.grpc.internal.DnsNameResolver$JdkAddressResolver.resolveAddress(DnsNameResolver.java:644)
	at org.apache.skywalking.apm.dependencies.io.grpc.internal.DnsNameResolver.resolveAddresses(DnsNameResolver.java:220)
	... 5 more
}"}
{"timestamp":"2026-09-26T09:45:23.269Z","level":"WARN","service":"flashsale-order","trace_id":"","span_id":"","user_id":"","order_id":"","event_id":"","idempotency_key":"","outbox_id":"","error_code":"","logger":"o.a.s.a.d.i.g.i.ManagedChannelImpl","message":"[Channel<1>: (skywalking-oap:11800)] Failed to resolve name. status=Status{code=UNAVAILABLE, description=Unable to resolve host skywalking-oap, cause=java.lang.RuntimeException: java.net.UnknownHostException: skywalking-oap: Temporary failure in name resolution
	at org.apache.skywalking.apm.dependencies.io.grpc.internal.DnsNameResolver.resolveAddresses(DnsNameResolver.java:224)
	at org.apache.skywalking.apm.dependencies.io.grpc.internal.DnsNameResolver.doResolve(DnsNameResolver.java:283)
	at org.apache.skywalking.apm.dependencies.io.grpc.internal.DnsNameResolver$Resolve.run(DnsNameResolver.java:320)
	at java.base/java.util.concurrent.ThreadPoolExecutor.runWorker(Unknown Source)
	at java.base/java.util.concurrent.ThreadPoolExecutor$Worker.run(Unknown Source)
	at java.base/java.lang.Thread.run(Unknown Source)
Caused by: java.net.UnknownHostException: skywalking-oap: Temporary failure in name resolution
	at java.base/java.net.Inet6AddressImpl.lookupAllHostAddr(Native Method)
	at java.base/java.net.Inet6AddressImpl.lookupAllHostAddr(Unknown Source)
	at java.base/java.net.InetAddress$PlatformResolver.lookupByName(Unknown Source)
	at java.base/java.net.InetAddress.getAddressesFromNameService(Unknown Source)
	at java.base/java.net.InetAddress$NameServiceAddresses.get(Unknown Source)
	at java.base/java.net.InetAddress.getAllByName0(Unknown Source)
	at java.base/java.net.InetAddress.getAllByName(Unknown Source)
	at org.apache.skywalking.apm.dependencies.io.grpc.internal.DnsNameResolver$JdkAddressResolver.resolveAddress(DnsNameResolver.java:644)
	at org.apache.skywalking.apm.dependencies.io.grpc.internal.DnsNameResolver.resolveAddresses(DnsNameResolver.java:220)
	... 5 more
}"}
{"timestamp":"2026-09-26T09:45:47.230Z","level":"WARN","service":"flashsale-order","trace_id":"","span_id":"","user_id":"","order_id":"","event_id":"","idempotency_key":"","outbox_id":"","error_code":"","logger":"o.a.s.a.d.i.g.i.ManagedChannelImpl","message":"[Channel<1>: (skywalking-oap:11800)] Failed to resolve name. status=Status{code=UNAVAILABLE, description=Unable to resolve host skywalking-oap, cause=java.lang.RuntimeException: java.net.UnknownHostException: skywalking-oap: Temporary failure in name resolution
	at org.apache.skywalking.apm.dependencies.io.grpc.internal.DnsNameResolver.resolveAddresses(DnsNameResolver.java:224)
	at org.apache.skywalking.apm.dependencies.io.grpc.internal.DnsNameResolver.doResolve(DnsNameResolver.java:283)
	at org.apache.skywalking.apm.dependencies.io.grpc.internal.DnsNameResolver$Resolve.run(DnsNameResolver.java:320)
	at java.base/java.util.concurrent.ThreadPoolExecutor.runWorker(Unknown Source)
	at java.base/java.util.concurrent.ThreadPoolExecutor$Worker.run(Unknown Source)
	at java.base/java.lang.Thread.run(Unknown Source)
Caused by: java.net.UnknownHostException: skywalking-oap: Temporary failure in name resolution
	at java.base/java.net.Inet6AddressImpl.lookupAllHostAddr(Native Method)
	at java.base/java.net.Inet6AddressImpl.lookupAllHostAddr(Unknown Source)
	at java.base/java.net.InetAddress$PlatformResolver.lookupByName(Unknown Source)
	at java.base/java.net.InetAddress.getAddressesFromNameService(Unknown Source)
	at java.base/java.net.InetAddress$NameServiceAddresses.get(Unknown Source)
	at java.base/java.net.InetAddress.getAllByName0(Unknown Source)
	at java.base/java.net.InetAddress.getAllByName(Unknown Source)
	at org.apache.skywalking.apm.dependencies.io.grpc.internal.DnsNameResolver$JdkAddressResolver.resolveAddress(DnsNameResolver.java:644)
	at org.apache.skywalking.apm.dependencies.io.grpc.internal.DnsNameResolver.resolveAddresses(DnsNameResolver.java:220)
	... 5 more
}"}
{"timestamp":"2026-09-26T09:46:36.381Z","level":"WARN","service":"flashsale-order","trace_id":"","span_id":"","user_id":"","order_id":"","event_id":"","idempotency_key":"","outbox_id":"","error_code":"","logger":"o.a.s.a.d.i.g.i.ManagedChannelImpl","message":"[Channel<1>: (skywalking-oap:11800)] Failed to resolve name. status=Status{code=UNAVAILABLE, description=Unable to resolve host skywalking-oap, cause=java.lang.RuntimeException: java.net.UnknownHostException: skywalking-oap: Temporary failure in name resolution
	at org.apache.skywalking.apm.dependencies.io.grpc.internal.DnsNameResolver.resolveAddresses(DnsNameResolver.java:224)
	at org.apache.skywalking.apm.dependencies.io.grpc.internal.DnsNameResolver.doResolve(DnsNameResolver.java:283)
	at org.apache.skywalking.apm.dependencies.io.grpc.internal.DnsNameResolver$Resolve.run(DnsNameResolver.java:320)
	at java.base/java.util.concurrent.ThreadPoolExecutor.runWorker(Unknown Source)
	at java.base/java.util.concurrent.ThreadPoolExecutor$Worker.run(Unknown Source)
	at java.base/java.lang.Thread.run(Unknown Source)
Caused by: java.net.UnknownHostException: skywalking-oap: Temporary failure in name resolution
	at java.base/java.net.Inet6AddressImpl.lookupAllHostAddr(Native Method)
	at java.base/java.net.Inet6AddressImpl.lookupAllHostAddr(Unknown Source)
	at java.base/java.net.InetAddress$PlatformResolver.lookupByName(Unknown Source)
	at java.base/java.net.InetAddress.getAddressesFromNameService(Unknown Source)
	at java.base/java.net.InetAddress$NameServiceAddresses.get(Unknown Source)
	at java.base/java.net.InetAddress.getAllByName0(Unknown Source)
	at java.base/java.net.InetAddress.getAllByName(Unknown Source)
	at org.apache.skywalking.apm.dependencies.io.grpc.internal.DnsNameResolver$JdkAddressResolver.resolveAddress(DnsNameResolver.java:644)
	at org.apache.skywalking.apm.dependencies.io.grpc.internal.DnsNameResolver.resolveAddresses(DnsNameResolver.java:220)
	... 5 more
}"}
{"timestamp":"2026-09-26T09:47:39.767Z","level":"WARN","service":"flashsale-order","trace_id":"","span_id":"","user_id":"","order_id":"","event_id":"","idempotency_key":"","outbox_id":"","error_code":"","logger":"o.a.s.a.d.i.g.i.ManagedChannelImpl","message":"[Channel<1>: (skywalking-oap:11800)] Failed to resolve name. status=Status{code=UNAVAILABLE, description=Unable to resolve host skywalking-oap, cause=java.lang.RuntimeException: java.net.UnknownHostException: skywalking-oap: Temporary failure in name resolution
	at org.apache.skywalking.apm.dependencies.io.grpc.internal.DnsNameResolver.resolveAddresses(DnsNameResolver.java:224)
	at org.apache.skywalking.apm.dependencies.io.grpc.internal.DnsNameResolver.doResolve(DnsNameResolver.java:283)
	at org.apache.skywalking.apm.dependencies.io.grpc.internal.DnsNameResolver$Resolve.run(DnsNameResolver.java:320)
	at java.base/java.util.concurrent.ThreadPoolExecutor.runWorker(Unknown Source)
	at java.base/java.util.concurrent.ThreadPoolExecutor$Worker.run(Unknown Source)
	at java.base/java.lang.Thread.run(Unknown Source)
Caused by: java.net.UnknownHostException: skywalking-oap: Temporary failure in name resolution
	at java.base/java.net.Inet6AddressImpl.lookupAllHostAddr(Native Method)
	at java.base/java.net.Inet6AddressImpl.lookupAllHostAddr(Unknown Source)
	at java.base/java.net.InetAddress$PlatformResolver.lookupByName(Unknown Source)
	at java.base/java.net.InetAddress.getAddressesFromNameService(Unknown Source)
	at java.base/java.net.InetAddress$NameServiceAddresses.get(Unknown Source)
	at java.base/java.net.InetAddress.getAllByName0(Unknown Source)
	at java.base/java.net.InetAddress.getAllByName(Unknown Source)
	at org.apache.skywalking.apm.dependencies.io.grpc.internal.DnsNameResolver$JdkAddressResolver.resolveAddress(DnsNameResolver.java:644)
	at org.apache.skywalking.apm.dependencies.io.grpc.internal.DnsNameResolver.resolveAddresses(DnsNameResolver.java:220)
	... 5 more
}"}
{"timestamp":"2026-09-26T09:49:28.033Z","level":"WARN","service":"flashsale-order","trace_id":"","span_id":"","user_id":"","order_id":"","event_id":"","idempotency_key":"","outbox_id":"","error_code":"","logger":"o.a.s.a.d.i.g.i.ManagedChannelImpl","message":"[Channel<1>: (skywalking-oap:11800)] Failed to resolve name. status=Status{code=UNAVAILABLE, description=Unable to resolve host skywalking-oap, cause=java.lang.RuntimeException: java.net.UnknownHostException: skywalking-oap: Temporary failure in name resolution
	at org.apache.skywalking.apm.dependencies.io.grpc.internal.DnsNameResolver.resolveAddresses(DnsNameResolver.java:224)
	at org.apache.skywalking.apm.dependencies.io.grpc.internal.DnsNameResolver.doResolve(DnsNameResolver.java:283)
	at org.apache.skywalking.apm.dependencies.io.grpc.internal.DnsNameResolver$Resolve.run(DnsNameResolver.java:320)
	at java.base/java.util.concurrent.ThreadPoolExecutor.runWorker(Unknown Source)
	at java.base/java.util.concurrent.ThreadPoolExecutor$Worker.run(Unknown Source)
	at java.base/java.lang.Thread.run(Unknown Source)
Caused by: java.net.UnknownHostException: skywalking-oap: Temporary failure in name resolution
	at java.base/java.net.Inet6AddressImpl.lookupAllHostAddr(Native Method)
	at java.base/java.net.Inet6AddressImpl.lookupAllHostAddr(Unknown Source)
	at java.base/java.net.InetAddress$PlatformResolver.lookupByName(Unknown Source)
	at java.base/java.net.InetAddress.getAddressesFromNameService(Unknown Source)
	at java.base/java.net.InetAddress$NameServiceAddresses.get(Unknown Source)
	at java.base/java.net.InetAddress.getAllByName0(Unknown Source)
	at java.base/java.net.InetAddress.getAllByName(Unknown Source)
	at org.apache.skywalking.apm.dependencies.io.grpc.internal.DnsNameResolver$JdkAddressResolver.resolveAddress(DnsNameResolver.java:644)
	at org.apache.skywalking.apm.dependencies.io.grpc.internal.DnsNameResolver.resolveAddresses(DnsNameResolver.java:220)
	... 5 more
}"}
{"timestamp":"2026-09-26T09:51:45.629Z","level":"WARN","service":"flashsale-order","trace_id":"","span_id":"","user_id":"","order_id":"","event_id":"","idempotency_key":"","outbox_id":"","error_code":"","logger":"o.a.s.a.d.i.g.i.ManagedChannelImpl","message":"[Channel<1>: (skywalking-oap:11800)] Failed to resolve name. status=Status{code=UNAVAILABLE, description=Unable to resolve host skywalking-oap, cause=java.lang.RuntimeException: java.net.UnknownHostException: skywalking-oap: Temporary failure in name resolution
	at org.apache.skywalking.apm.dependencies.io.grpc.internal.DnsNameResolver.resolveAddresses(DnsNameResolver.java:224)
	at org.apache.skywalking.apm.dependencies.io.grpc.internal.DnsNameResolver.doResolve(DnsNameResolver.java:283)
	at org.apache.skywalking.apm.dependencies.io.grpc.internal.DnsNameResolver$Resolve.run(DnsNameResolver.java:320)
	at java.base/java.util.concurrent.ThreadPoolExecutor.runWorker(Unknown Source)
	at java.base/java.util.concurrent.ThreadPoolExecutor$Worker.run(Unknown Source)
	at java.base/java.lang.Thread.run(Unknown Source)
Caused by: java.net.UnknownHostException: skywalking-oap: Temporary failure in name resolution
	at java.base/java.net.Inet6AddressImpl.lookupAllHostAddr(Native Method)
	at java.base/java.net.Inet6AddressImpl.lookupAllHostAddr(Unknown Source)
	at java.base/java.net.InetAddress$PlatformResolver.lookupByName(Unknown Source)
	at java.base/java.net.InetAddress.getAddressesFromNameService(Unknown Source)
	at java.base/java.net.InetAddress$NameServiceAddresses.get(Unknown Source)
	at java.base/java.net.InetAddress.getAllByName0(Unknown Source)
	at java.base/java.net.InetAddress.getAllByName(Unknown Source)
	at org.apache.skywalking.apm.dependencies.io.grpc.internal.DnsNameResolver$JdkAddressResolver.resolveAddress(DnsNameResolver.java:644)
	at org.apache.skywalking.apm.dependencies.io.grpc.internal.DnsNameResolver.resolveAddresses(DnsNameResolver.java:220)
	... 5 more
}"}
{"timestamp":"2026-09-26T09:53:50.455Z","level":"WARN","service":"flashsale-order","trace_id":"","span_id":"","user_id":"","order_id":"","event_id":"","idempotency_key":"","outbox_id":"","error_code":"","logger":"o.a.s.a.d.i.g.i.ManagedChannelImpl","message":"[Channel<1>: (skywalking-oap:11800)] Failed to resolve name. status=Status{code=UNAVAILABLE, description=Unable to resolve host skywalking-oap, cause=java.lang.RuntimeException: java.net.UnknownHostException: skywalking-oap: Temporary failure in name resolution
	at org.apache.skywalking.apm.dependencies.io.grpc.internal.DnsNameResolver.resolveAddresses(DnsNameResolver.java:224)
	at org.apache.skywalking.apm.dependencies.io.grpc.internal.DnsNameResolver.doResolve(DnsNameResolver.java:283)
	at org.apache.skywalking.apm.dependencies.io.grpc.internal.DnsNameResolver$Resolve.run(DnsNameResolver.java:320)
	at java.base/java.util.concurrent.ThreadPoolExecutor.runWorker(Unknown Source)
	at java.base/java.util.concurrent.ThreadPoolExecutor$Worker.run(Unknown Source)
	at java.base/java.lang.Thread.run(Unknown Source)
Caused by: java.net.UnknownHostException: skywalking-oap: Temporary failure in name resolution
	at java.base/java.net.Inet6AddressImpl.lookupAllHostAddr(Native Method)
	at java.base/java.net.Inet6AddressImpl.lookupAllHostAddr(Unknown Source)
	at java.base/java.net.InetAddress$PlatformResolver.lookupByName(Unknown Source)
	at java.base/java.net.InetAddress.getAddressesFromNameService(Unknown Source)
	at java.base/java.net.InetAddress$NameServiceAddresses.get(Unknown Source)
	at java.base/java.net.InetAddress.getAllByName0(Unknown Source)
	at java.base/java.net.InetAddress.getAllByName(Unknown Source)
	at org.apache.skywalking.apm.dependencies.io.grpc.internal.DnsNameResolver$JdkAddressResolver.resolveAddress(DnsNameResolver.java:644)
	at org.apache.skywalking.apm.dependencies.io.grpc.internal.DnsNameResolver.resolveAddresses(DnsNameResolver.java:220)
	... 5 more
}"}
{"timestamp":"2026-09-26T09:55:38.896Z","level":"WARN","service":"flashsale-order","trace_id":"","span_id":"","user_id":"","order_id":"","event_id":"","idempotency_key":"","outbox_id":"","error_code":"","logger":"o.a.s.a.d.i.g.i.ManagedChannelImpl","message":"[Channel<1>: (skywalking-oap:11800)] Failed to resolve name. status=Status{code=UNAVAILABLE, description=Unable to resolve host skywalking-oap, cause=java.lang.RuntimeException: java.net.UnknownHostException: skywalking-oap: Temporary failure in name resolution
	at org.apache.skywalking.apm.dependencies.io.grpc.internal.DnsNameResolver.resolveAddresses(DnsNameResolver.java:224)
	at org.apache.skywalking.apm.dependencies.io.grpc.internal.DnsNameResolver.doResolve(DnsNameResolver.java:283)
	at org.apache.skywalking.apm.dependencies.io.grpc.internal.DnsNameResolver$Resolve.run(DnsNameResolver.java:320)
	at java.base/java.util.concurrent.ThreadPoolExecutor.runWorker(Unknown Source)
	at java.base/java.util.concurrent.ThreadPoolExecutor$Worker.run(Unknown Source)
	at java.base/java.lang.Thread.run(Unknown Source)
Caused by: java.net.UnknownHostException: skywalking-oap: Temporary failure in name resolution
	at java.base/java.net.Inet6AddressImpl.lookupAllHostAddr(Native Method)
	at java.base/java.net.Inet6AddressImpl.lookupAllHostAddr(Unknown Source)
	at java.base/java.net.InetAddress$PlatformResolver.lookupByName(Unknown Source)
	at java.base/java.net.InetAddress.getAddressesFromNameService(Unknown Source)
	at java.base/java.net.InetAddress$NameServiceAddresses.get(Unknown Source)
	at java.base/java.net.InetAddress.getAllByName0(Unknown Source)
	at java.base/java.net.InetAddress.getAllByName(Unknown Source)
	at org.apache.skywalking.apm.dependencies.io.grpc.internal.DnsNameResolver$JdkAddressResolver.resolveAddress(DnsNameResolver.java:644)
	at org.apache.skywalking.apm.dependencies.io.grpc.internal.DnsNameResolver.resolveAddresses(DnsNameResolver.java:220)
	... 5 more
}"}
{"timestamp":"2026-09-26T09:57:24.676Z","level":"WARN","service":"flashsale-order","trace_id":"","span_id":"","user_id":"","order_id":"","event_id":"","idempotency_key":"","outbox_id":"","error_code":"","logger":"o.a.s.a.d.i.g.i.ManagedChannelImpl","message":"[Channel<1>: (skywalking-oap:11800)] Failed to resolve name. status=Status{code=UNAVAILABLE, description=Unable to resolve host skywalking-oap, cause=java.lang.RuntimeException: java.net.UnknownHostException: skywalking-oap: Temporary failure in name resolution
	at org.apache.skywalking.apm.dependencies.io.grpc.internal.DnsNameResolver.resolveAddresses(DnsNameResolver.java:224)
	at org.apache.skywalking.apm.dependencies.io.grpc.internal.DnsNameResolver.doResolve(DnsNameResolver.java:283)
	at org.apache.skywalking.apm.dependencies.io.grpc.internal.DnsNameResolver$Resolve.run(DnsNameResolver.java:320)
	at java.base/java.util.concurrent.ThreadPoolExecutor.runWorker(Unknown Source)
	at java.base/java.util.concurrent.ThreadPoolExecutor$Worker.run(Unknown Source)
	at java.base/java.lang.Thread.run(Unknown Source)
Caused by: java.net.UnknownHostException: skywalking-oap: Temporary failure in name resolution
	at java.base/java.net.Inet6AddressImpl.lookupAllHostAddr(Native Method)
	at java.base/java.net.Inet6AddressImpl.lookupAllHostAddr(Unknown Source)
	at java.base/java.net.InetAddress$PlatformResolver.lookupByName(Unknown Source)
	at java.base/java.net.InetAddress.getAddressesFromNameService(Unknown Source)
	at java.base/java.net.InetAddress$NameServiceAddresses.get(Unknown Source)
	at java.base/java.net.InetAddress.getAllByName0(Unknown Source)
	at java.base/java.net.InetAddress.getAllByName(Unknown Source)
	at org.apache.skywalking.apm.dependencies.io.grpc.internal.DnsNameResolver$JdkAddressResolver.resolveAddress(DnsNameResolver.java:644)
	at org.apache.skywalking.apm.dependencies.io.grpc.internal.DnsNameResolver.resolveAddresses(DnsNameResolver.java:220)
	... 5 more
}"}
{"timestamp":"2026-09-26T09:59:26.942Z","level":"WARN","service":"flashsale-order","trace_id":"","span_id":"","user_id":"","order_id":"","event_id":"","idempotency_key":"","outbox_id":"","error_code":"","logger":"o.a.s.a.d.i.g.i.ManagedChannelImpl","message":"[Channel<1>: (skywalking-oap:11800)] Failed to resolve name. status=Status{code=UNAVAILABLE, description=Unable to resolve host skywalking-oap, cause=java.lang.RuntimeException: java.net.UnknownHostException: skywalking-oap: Temporary failure in name resolution
	at org.apache.skywalking.apm.dependencies.io.grpc.internal.DnsNameResolver.resolveAddresses(DnsNameResolver.java:224)
	at org.apache.skywalking.apm.dependencies.io.grpc.internal.DnsNameResolver.doResolve(DnsNameResolver.java:283)
	at org.apache.skywalking.apm.dependencies.io.grpc.internal.DnsNameResolver$Resolve.run(DnsNameResolver.java:320)
	at java.base/java.util.concurrent.ThreadPoolExecutor.runWorker(Unknown Source)
	at java.base/java.util.concurrent.ThreadPoolExecutor$Worker.run(Unknown Source)
	at java.base/java.lang.Thread.run(Unknown Source)
Caused by: java.net.UnknownHostException: skywalking-oap: Temporary failure in name resolution
	at java.base/java.net.Inet6AddressImpl.lookupAllHostAddr(Native Method)
	at java.base/java.net.Inet6AddressImpl.lookupAllHostAddr(Unknown Source)
	at java.base/java.net.InetAddress$PlatformResolver.lookupByName(Unknown Source)
	at java.base/java.net.InetAddress.getAddressesFromNameService(Unknown Source)
	at java.base/java.net.InetAddress$NameServiceAddresses.get(Unknown Source)
	at java.base/java.net.InetAddress.getAllByName0(Unknown Source)
	at java.base/java.net.InetAddress.getAllByName(Unknown Source)
	at org.apache.skywalking.apm.dependencies.io.grpc.internal.DnsNameResolver$JdkAddressResolver.resolveAddress(DnsNameResolver.java:644)
	at org.apache.skywalking.apm.dependencies.io.grpc.internal.DnsNameResolver.resolveAddresses(DnsNameResolver.java:220)
	... 5 more
}"}
{"timestamp":"2026-09-26T10:01:10.776Z","level":"WARN","service":"flashsale-order","trace_id":"","span_id":"","user_id":"","order_id":"","event_id":"","idempotency_key":"","outbox_id":"","error_code":"","logger":"o.a.s.a.d.i.g.i.ManagedChannelImpl","message":"[Channel<1>: (skywalking-oap:11800)] Failed to resolve name. status=Status{code=UNAVAILABLE, description=Unable to resolve host skywalking-oap, cause=java.lang.RuntimeException: java.net.UnknownHostException: skywalking-oap: Temporary failure in name resolution
	at org.apache.skywalking.apm.dependencies.io.grpc.internal.DnsNameResolver.resolveAddresses(DnsNameResolver.java:224)
	at org.apache.skywalking.apm.dependencies.io.grpc.internal.DnsNameResolver.doResolve(DnsNameResolver.java:283)
	at org.apache.skywalking.apm.dependencies.io.grpc.internal.DnsNameResolver$Resolve.run(DnsNameResolver.java:320)
	at java.base/java.util.concurrent.ThreadPoolExecutor.runWorker(Unknown Source)
	at java.base/java.util.concurrent.ThreadPoolExecutor$Worker.run(Unknown Source)
	at java.base/java.lang.Thread.run(Unknown Source)
Caused by: java.net.UnknownHostException: skywalking-oap: Temporary failure in name resolution
	at java.base/java.net.Inet6AddressImpl.lookupAllHostAddr(Native Method)
	at java.base/java.net.Inet6AddressImpl.lookupAllHostAddr(Unknown Source)
	at java.base/java.net.InetAddress$PlatformResolver.lookupByName(Unknown Source)
	at java.base/java.net.InetAddress.getAddressesFromNameService(Unknown Source)
	at java.base/java.net.InetAddress$NameServiceAddresses.get(Unknown Source)
	at java.base/java.net.InetAddress.getAllByName0(Unknown Source)
	at java.base/java.net.InetAddress.getAllByName(Unknown Source)
	at org.apache.skywalking.apm.dependencies.io.grpc.internal.DnsNameResolver$JdkAddressResolver.resolveAddress(DnsNameResolver.java:644)
	at org.apache.skywalking.apm.dependencies.io.grpc.internal.DnsNameResolver.resolveAddresses(DnsNameResolver.java:220)
	... 5 more
}"}
