Picked up JAVA_TOOL_OPTIONS: -Xms64m -Xmx256m
DEBUG 2026-09-26 08:43:35.074 main AgentPackagePath : The beacon class location is jar:file:/opt/skywalking/agent/skywalking-agent.jar!/org/apache/skywalking/apm/agent/core/boot/AgentPackagePath.class. 
INFO 2026-09-26 08:43:35.076 main SnifferConfigInitializer : Config file found in /opt/skywalking/agent/config/agent.config. 
INFO 2026-09-26 08:43:35.166 main SnifferConfigInitializer : SnifferConfigInitializer url:jar:file:/app/app.jar!/META-INF/MANIFEST.MF 
INFO 2026-09-26 08:43:35.169 main SnifferConfigInitializer : SnifferConfigInitializer url:jar:file:/opt/skywalking/agent/skywalking-agent.jar!/META-INF/MANIFEST.MF 
INFO 2026-09-26 08:43:35.179 main AgentClassLoader : /opt/skywalking/agent/plugins/motan-plugin-9.4.0.jar loaded. 
INFO 2026-09-26 08:43:35.179 main AgentClassLoader : /opt/skywalking/agent/plugins/sofa-rpc-plugin-9.4.0.jar loaded. 
INFO 2026-09-26 08:43:35.180 main AgentClassLoader : /opt/skywalking/agent/plugins/baidu-brpc-plugin-9.4.0.jar loaded. 
INFO 2026-09-26 08:43:35.181 main AgentClassLoader : /opt/skywalking/agent/plugins/baidu-brpc-3.x-plugin-9.4.0.jar loaded. 
INFO 2026-09-26 08:43:35.181 main AgentClassLoader : /opt/skywalking/agent/plugins/apm-httpasyncclient-4.x-plugin-9.4.0.jar loaded. 
INFO 2026-09-26 08:43:35.182 main AgentClassLoader : /opt/skywalking/agent/plugins/solon-2.x-plugin-9.4.0.jar loaded. 
INFO 2026-09-26 08:43:35.183 main AgentClassLoader : /opt/skywalking/agent/plugins/apm-undertow-2.x-plugin-9.4.0.jar loaded. 
INFO 2026-09-26 08:43:35.184 main AgentClassLoader : /opt/skywalking/agent/plugins/apm-postgresql-8.x-plugin-9.4.0.jar loaded. 
INFO 2026-09-26 08:43:35.185 main AgentClassLoader : /opt/skywalking/agent/plugins/apm-xxl-job-2.x-plugin-9.4.0.jar loaded. 
INFO 2026-09-26 08:43:35.188 main AgentClassLoader : /opt/skywalking/agent/plugins/apm-okhttp-3.x-plugin-9.4.0.jar loaded. 
INFO 2026-09-26 08:43:35.191 main AgentClassLoader : /opt/skywalking/agent/plugins/apm-springmvc-annotation-3.x-plugin-9.4.0.jar loaded. 
INFO 2026-09-26 08:43:35.192 main AgentClassLoader : /opt/skywalking/agent/plugins/apm-light4j-plugin-9.4.0.jar loaded. 
INFO 2026-09-26 08:43:35.193 main AgentClassLoader : /opt/skywalking/agent/plugins/apm-vertx-core-4.x-plugin-9.4.0.jar loaded. 
INFO 2026-09-26 08:43:35.200 main AgentClassLoader : /opt/skywalking/agent/plugins/resteasy-server-6.x-plugin-9.4.0.jar loaded. 
INFO 2026-09-26 08:43:35.201 main AgentClassLoader : /opt/skywalking/agent/plugins/apm-undertow-worker-thread-pool-plugin-9.4.0.jar loaded. 
INFO 2026-09-26 08:43:35.203 main AgentClassLoader : /opt/skywalking/agent/plugins/apm-spring-cloud-feign-2.x-plugin-9.4.0.jar loaded. 
INFO 2026-09-26 08:43:35.205 main AgentClassLoader : /opt/skywalking/agent/plugins/apm-sharding-sphere-3.x-plugin-9.4.0.jar loaded. 
INFO 2026-09-26 08:43:35.206 main AgentClassLoader : /opt/skywalking/agent/plugins/apm-okhttp-common-9.4.0.jar loaded. 
INFO 2026-09-26 08:43:35.207 main AgentClassLoader : /opt/skywalking/agent/plugins/apm-kylin-jdbc-2.6.x-3.x-4.x-plugin-9.4.0.jar loaded. 
INFO 2026-09-26 08:43:35.208 main AgentClassLoader : /opt/skywalking/agent/plugins/apm-spring-concurrent-util-4.x-plugin-9.4.0.jar loaded. 
INFO 2026-09-26 08:43:35.209 main AgentClassLoader : /opt/skywalking/agent/plugins/apm-redisson-3.x-plugin-9.4.0.jar loaded. 
INFO 2026-09-26 08:43:35.210 main AgentClassLoader : /opt/skywalking/agent/plugins/apm-h2-1.x-plugin-9.4.0.jar loaded. 
INFO 2026-09-26 08:43:35.211 main AgentClassLoader : /opt/skywalking/agent/plugins/apm-activemq-5.x-plugin-9.4.0.jar loaded. 
INFO 2026-09-26 08:43:35.212 main AgentClassLoader : /opt/skywalking/agent/plugins/apm-hutool-http-5.x-plugin-9.4.0.jar loaded. 
INFO 2026-09-26 08:43:35.214 main AgentClassLoader : /opt/skywalking/agent/plugins/apm-pulsar-2.8.x-plugin-9.4.0.jar loaded. 
INFO 2026-09-26 08:43:35.215 main AgentClassLoader : /opt/skywalking/agent/plugins/spring-commons-9.4.0.jar loaded. 
INFO 2026-09-26 08:43:35.215 main AgentClassLoader : /opt/skywalking/agent/plugins/apm-nutz-mvc-annotation-1.x-plugin-9.4.0.jar loaded. 
INFO 2026-09-26 08:43:35.219 main AgentClassLoader : /opt/skywalking/agent/plugins/apm-mongodb-3.x-plugin-9.4.0.jar loaded. 
INFO 2026-09-26 08:43:35.220 main AgentClassLoader : /opt/skywalking/agent/plugins/spring-webflux-5.x-webclient-plugin-9.4.0.jar loaded. 
INFO 2026-09-26 08:43:35.221 main AgentClassLoader : /opt/skywalking/agent/plugins/apm-vertx-core-3.x-plugin-9.4.0.jar loaded. 
INFO 2026-09-26 08:43:35.222 main AgentClassLoader : /opt/skywalking/agent/plugins/dubbo-3.x-conflict-patch-9.4.0.jar loaded. 
INFO 2026-09-26 08:43:35.223 main AgentClassLoader : /opt/skywalking/agent/plugins/apm-kafka-commons-9.4.0.jar loaded. 
INFO 2026-09-26 08:43:35.224 main AgentClassLoader : /opt/skywalking/agent/plugins/apm-shardingsphere-4.0.x-plugin-9.4.0.jar loaded. 
INFO 2026-09-26 08:43:35.226 main AgentClassLoader : /opt/skywalking/agent/plugins/apm-grizzly-2.x-plugin-9.4.0.jar loaded. 
INFO 2026-09-26 08:43:35.227 main AgentClassLoader : /opt/skywalking/agent/plugins/apm-rocketMQ-5.x-plugin-9.4.0.jar loaded. 
INFO 2026-09-26 08:43:35.232 main AgentClassLoader : /opt/skywalking/agent/plugins/apm-jetty-client-11.x-plugin-9.4.0.jar loaded. 
INFO 2026-09-26 08:43:35.233 main AgentClassLoader : /opt/skywalking/agent/plugins/apm-play-2.x-plugin-9.4.0.jar loaded. 
INFO 2026-09-26 08:43:35.233 main AgentClassLoader : /opt/skywalking/agent/plugins/apm-springmvc-annotation-4.x-plugin-9.4.0.jar loaded. 
INFO 2026-09-26 08:43:35.234 main AgentClassLoader : /opt/skywalking/agent/plugins/apm-shardingsphere-5.0.0-plugin-9.4.0.jar loaded. 
INFO 2026-09-26 08:43:35.234 main AgentClassLoader : /opt/skywalking/agent/plugins/apm-cassandra-java-driver-3.x-plugin-9.4.0.jar loaded. 
INFO 2026-09-26 08:43:35.235 main AgentClassLoader : /opt/skywalking/agent/plugins/apm-rabbitmq-plugin-9.4.0.jar loaded. 
INFO 2026-09-26 08:43:35.235 main AgentClassLoader : /opt/skywalking/agent/plugins/apm-grizzly-2.x-4.x-work-threadpool-plugin-9.4.0.jar loaded. 
INFO 2026-09-26 08:43:35.235 main AgentClassLoader : /opt/skywalking/agent/plugins/apm-jetty-thread-pool-plugin-9.4.0.jar loaded. 
INFO 2026-09-26 08:43:35.236 main AgentClassLoader : /opt/skywalking/agent/plugins/micronaut-http-client-plugin-9.4.0.jar loaded. 
INFO 2026-09-26 08:43:35.236 main AgentClassLoader : /opt/skywalking/agent/plugins/okhttp-2.x-plugin-9.4.0.jar loaded. 
INFO 2026-09-26 08:43:35.236 main AgentClassLoader : /opt/skywalking/agent/plugins/graphql-9.x-plugin-9.4.0.jar loaded. 
INFO 2026-09-26 08:43:35.237 main AgentClassLoader : /opt/skywalking/agent/plugins/apm-servicecomb-java-chassis-2.x-plugin-9.4.0.jar loaded. 
INFO 2026-09-26 08:43:35.238 main AgentClassLoader : /opt/skywalking/agent/plugins/apm-httpClient-4.x-plugin-9.4.0.jar loaded. 
INFO 2026-09-26 08:43:35.240 main AgentClassLoader : /opt/skywalking/agent/plugins/apm-sharding-sphere-4.1.0-plugin-9.4.0.jar loaded. 
INFO 2026-09-26 08:43:35.241 main AgentClassLoader : /opt/skywalking/agent/plugins/apm-influxdb-2.x-plugin-9.4.0.jar loaded. 
INFO 2026-09-26 08:43:35.242 main AgentClassLoader : /opt/skywalking/agent/plugins/apm-okhttp-4.x-plugin-9.4.0.jar loaded. 
INFO 2026-09-26 08:43:35.243 main AgentClassLoader : /opt/skywalking/agent/plugins/apm-armeria-0.84.x-plugin-9.4.0.jar loaded. 
INFO 2026-09-26 08:43:35.244 main AgentClassLoader : /opt/skywalking/agent/plugins/nats-2.14.x-2.16.5-plugin-9.4.0.jar loaded. 
INFO 2026-09-26 08:43:35.244 main AgentClassLoader : /opt/skywalking/agent/plugins/apm-mysql-commons-9.4.0.jar loaded. 
INFO 2026-09-26 08:43:35.245 main AgentClassLoader : /opt/skywalking/agent/plugins/apm-feign-default-http-9.x-plugin-9.4.0.jar loaded. 
INFO 2026-09-26 08:43:35.245 main AgentClassLoader : /opt/skywalking/agent/plugins/micronaut-http-server-plugin-9.4.0.jar loaded. 
INFO 2026-09-26 08:43:35.246 main AgentClassLoader : /opt/skywalking/agent/plugins/apm-elasticsearch-6.x-plugin-9.4.0.jar loaded. 
INFO 2026-09-26 08:43:35.246 main AgentClassLoader : /opt/skywalking/agent/plugins/graphql-12.x-15.x-plugin-9.4.0.jar loaded. 
INFO 2026-09-26 08:43:35.255 main AgentClassLoader : /opt/skywalking/agent/plugins/apm-spring-kafka-1.x-plugin-9.4.0.jar loaded. 
INFO 2026-09-26 08:43:35.258 main AgentClassLoader : /opt/skywalking/agent/plugins/apm-dubbo-2.7.x-plugin-9.4.0.jar loaded. 
INFO 2026-09-26 08:43:35.261 main AgentClassLoader : /opt/skywalking/agent/plugins/tomcat-7.x-8.x-plugin-9.4.0.jar loaded. 
INFO 2026-09-26 08:43:35.262 main AgentClassLoader : /opt/skywalking/agent/plugins/apm-activemq-artemis-jakarta-client-2.x-plugin-9.4.0.jar loaded. 
INFO 2026-09-26 08:43:35.265 main AgentClassLoader : /opt/skywalking/agent/plugins/apm-httpclient-3.x-plugin-9.4.0.jar loaded. 
INFO 2026-09-26 08:43:35.266 main AgentClassLoader : /opt/skywalking/agent/plugins/apm-quasar-plugin-9.4.0.jar loaded. 
INFO 2026-09-26 08:43:35.267 main AgentClassLoader : /opt/skywalking/agent/plugins/apm-spring-kafka-2.x-plugin-9.4.0.jar loaded. 
INFO 2026-09-26 08:43:35.268 main AgentClassLoader : /opt/skywalking/agent/plugins/apm-pulsar-2.2-2.7-plugin-9.4.0.jar loaded. 
INFO 2026-09-26 08:43:35.269 main AgentClassLoader : /opt/skywalking/agent/plugins/apm-spring-core-patch-9.4.0.jar loaded. 
INFO 2026-09-26 08:43:35.270 main AgentClassLoader : /opt/skywalking/agent/plugins/apm-mysql-6.x-plugin-9.4.0.jar loaded. 
INFO 2026-09-26 08:43:35.270 main AgentClassLoader : /opt/skywalking/agent/plugins/druid-1.x-plugin-9.4.0.jar loaded. 
INFO 2026-09-26 08:43:35.272 main AgentClassLoader : /opt/skywalking/agent/plugins/apm-jdbc-commons-9.4.0.jar loaded. 
INFO 2026-09-26 08:43:35.272 main AgentClassLoader : /opt/skywalking/agent/plugins/apm-mssql-jdbc-plugin-9.4.0.jar loaded. 
INFO 2026-09-26 08:43:35.273 main AgentClassLoader : /opt/skywalking/agent/plugins/resteasy-server-4.x-plugin-9.4.0.jar loaded. 
INFO 2026-09-26 08:43:35.276 main AgentClassLoader : /opt/skywalking/agent/plugins/apm-grpc-1.x-plugin-9.4.0.jar loaded. 
INFO 2026-09-26 08:43:35.277 main AgentClassLoader : /opt/skywalking/agent/plugins/apm-pulsar-common-9.4.0.jar loaded. 
INFO 2026-09-26 08:43:35.277 main AgentClassLoader : /opt/skywalking/agent/plugins/apm-jetty-server-11.x-plugin-9.4.0.jar loaded. 
INFO 2026-09-26 08:43:35.278 main AgentClassLoader : /opt/skywalking/agent/plugins/apm-c3p0-0.9.x-plugin-9.4.0.jar loaded. 
INFO 2026-09-26 08:43:35.279 main AgentClassLoader : /opt/skywalking/agent/plugins/apm-spymemcached-2.x-plugin-9.4.0.jar loaded. 
INFO 2026-09-26 08:43:35.281 main AgentClassLoader : /opt/skywalking/agent/plugins/apm-dubbo-3.x-plugin-9.4.0.jar loaded. 
INFO 2026-09-26 08:43:35.282 main AgentClassLoader : /opt/skywalking/agent/plugins/dbcp-2.x-plugin-9.4.0.jar loaded. 
INFO 2026-09-26 08:43:35.288 main AgentClassLoader : /opt/skywalking/agent/plugins/apm-finagle-6.25.x-plugin-9.4.0.jar loaded. 
INFO 2026-09-26 08:43:35.289 main AgentClassLoader : /opt/skywalking/agent/plugins/apm-mssql-jtds-1.x-plugin-9.4.0.jar loaded. 
INFO 2026-09-26 08:43:35.291 main AgentClassLoader : /opt/skywalking/agent/plugins/thrift-plugin-9.4.0.jar loaded. 
INFO 2026-09-26 08:43:35.292 main AgentClassLoader : /opt/skywalking/agent/plugins/apm-nutz-http-1.x-plugin-9.4.0.jar loaded. 
INFO 2026-09-26 08:43:35.293 main AgentClassLoader : /opt/skywalking/agent/plugins/apm-asynchttpclient-2.x-plugin-9.4.0.jar loaded. 
INFO 2026-09-26 08:43:35.295 main AgentClassLoader : /opt/skywalking/agent/plugins/apm-spring-scheduled-annotation-plugin-9.4.0.jar loaded. 
INFO 2026-09-26 08:43:35.296 main AgentClassLoader : /opt/skywalking/agent/plugins/apm-jetty-client-9.0-plugin-9.4.0.jar loaded. 
INFO 2026-09-26 08:43:35.321 main AgentClassLoader : /opt/skywalking/agent/plugins/apm-canal-1.x-plugin-9.4.0.jar loaded. 
INFO 2026-09-26 08:43:35.324 main AgentClassLoader : /opt/skywalking/agent/plugins/apm-rocketmq-client-java-5.x-plugin-9.4.0.jar loaded. 
INFO 2026-09-26 08:43:35.326 main AgentClassLoader : /opt/skywalking/agent/plugins/apm-armeria-1.0.x-plugin-9.4.0.jar loaded. 
INFO 2026-09-26 08:43:35.335 main AgentClassLoader : /opt/skywalking/agent/plugins/apm-rocketmq-4.x-plugin-9.4.0.jar loaded. 
INFO 2026-09-26 08:43:35.336 main AgentClassLoader : /opt/skywalking/agent/plugins/apm-elasticsearch-7.x-plugin-9.4.0.jar loaded. 
INFO 2026-09-26 08:43:35.336 main AgentClassLoader : /opt/skywalking/agent/plugins/dubbo-conflict-patch-9.4.0.jar loaded. 
INFO 2026-09-26 08:43:35.337 main AgentClassLoader : /opt/skywalking/agent/plugins/apm-resttemplate-4.3.x-plugin-9.4.0.jar loaded. 
INFO 2026-09-26 08:43:35.338 main AgentClassLoader : /opt/skywalking/agent/plugins/apm-clickhouse-0.3.2.x-plugin-9.4.0.jar loaded. 
INFO 2026-09-26 08:43:35.338 main AgentClassLoader : /opt/skywalking/agent/plugins/apm-jetty-client-9.x-plugin-9.4.0.jar loaded. 
INFO 2026-09-26 08:43:35.339 main AgentClassLoader : /opt/skywalking/agent/plugins/apm-hikaricp-3.x-4.x-plugin-9.4.0.jar loaded. 
INFO 2026-09-26 08:43:35.339 main AgentClassLoader : /opt/skywalking/agent/plugins/apm-solrj-7.x-plugin-9.4.0.jar loaded. 
INFO 2026-09-26 08:43:35.340 main AgentClassLoader : /opt/skywalking/agent/plugins/apm-struts2-2.x-plugin-9.4.0.jar loaded. 
INFO 2026-09-26 08:43:35.341 main AgentClassLoader : /opt/skywalking/agent/plugins/jedis-4.x-plugin-9.4.0.jar loaded. 
INFO 2026-09-26 08:43:35.341 main AgentClassLoader : /opt/skywalking/agent/plugins/apm-springmvc-annotation-commons-9.4.0.jar loaded. 
INFO 2026-09-26 08:43:35.342 main AgentClassLoader : /opt/skywalking/agent/plugins/spring-webflux-6.x-webclient-plugin-9.4.0.jar loaded. 
INFO 2026-09-26 08:43:35.342 main AgentClassLoader : /opt/skywalking/agent/plugins/apm-jersey-2.x-plugin-9.4.0.jar loaded. 
INFO 2026-09-26 08:43:35.342 main AgentClassLoader : /opt/skywalking/agent/plugins/graphql-16plus-plugin-9.4.0.jar loaded. 
INFO 2026-09-26 08:43:35.343 main AgentClassLoader : /opt/skywalking/agent/plugins/apm-netty-socketio-plugin-9.4.0.jar loaded. 
INFO 2026-09-26 08:43:35.343 main AgentClassLoader : /opt/skywalking/agent/plugins/elasticsearch-common-9.4.0.jar loaded. 
INFO 2026-09-26 08:43:35.344 main AgentClassLoader : /opt/skywalking/agent/plugins/apm-mssql-commons-9.4.0.jar loaded. 
INFO 2026-09-26 08:43:35.344 main AgentClassLoader : /opt/skywalking/agent/plugins/apm-httpclient-5.x-plugin-9.4.0.jar loaded. 
INFO 2026-09-26 08:43:35.344 main AgentClassLoader : /opt/skywalking/agent/plugins/apm-elastic-job-2.x-plugin-9.4.0.jar loaded. 
INFO 2026-09-26 08:43:35.344 main AgentClassLoader : /opt/skywalking/agent/plugins/apm-mysql-8.x-plugin-9.4.0.jar loaded. 
INFO 2026-09-26 08:43:35.345 main AgentClassLoader : /opt/skywalking/agent/plugins/apm-jersey-3.x-plugin-9.4.0.jar loaded. 
INFO 2026-09-26 08:43:35.345 main AgentClassLoader : /opt/skywalking/agent/plugins/apm-guava-eventbus-plugin-9.4.0.jar loaded. 
INFO 2026-09-26 08:43:35.345 main AgentClassLoader : /opt/skywalking/agent/plugins/apm-spring-async-annotation-plugin-9.4.0.jar loaded. 
INFO 2026-09-26 08:43:35.346 main AgentClassLoader : /opt/skywalking/agent/plugins/apm-elasticsearch-5.x-plugin-9.4.0.jar loaded. 
INFO 2026-09-26 08:43:35.347 main AgentClassLoader : /opt/skywalking/agent/plugins/jsonrpc4j-1.x-plugin-9.4.0.jar loaded. 
INFO 2026-09-26 08:43:35.349 main AgentClassLoader : /opt/skywalking/agent/plugins/apm-httpclient-commons-9.4.0.jar loaded. 
INFO 2026-09-26 08:43:35.351 main AgentClassLoader : /opt/skywalking/agent/plugins/graphql-8.x-plugin-9.4.0.jar loaded. 
INFO 2026-09-26 08:43:35.353 main AgentClassLoader : /opt/skywalking/agent/plugins/apm-mysql-5.x-plugin-9.4.0.jar loaded. 
INFO 2026-09-26 08:43:35.355 main AgentClassLoader : /opt/skywalking/agent/plugins/apm-jetty-server-9.x-plugin-9.4.0.jar loaded. 
INFO 2026-09-26 08:43:35.356 main AgentClassLoader : /opt/skywalking/agent/plugins/apm-lettuce-5.x-plugin-9.4.0.jar loaded. 
INFO 2026-09-26 08:43:35.359 main AgentClassLoader : /opt/skywalking/agent/plugins/resttemplate-commons-9.4.0.jar loaded. 
INFO 2026-09-26 08:43:35.362 main AgentClassLoader : /opt/skywalking/agent/plugins/apm-armeria-0.85.x-plugin-9.4.0.jar loaded. 
INFO 2026-09-26 08:43:35.362 main AgentClassLoader : /opt/skywalking/agent/plugins/apm-tomcat-thread-pool-plugin-9.4.0.jar loaded. 
INFO 2026-09-26 08:43:35.373 main AgentClassLoader : /opt/skywalking/agent/plugins/apm-resttemplate-3.x-plugin-9.4.0.jar loaded. 
INFO 2026-09-26 08:43:35.379 main AgentClassLoader : /opt/skywalking/agent/plugins/apm-avro-plugin-9.4.0.jar loaded. 
INFO 2026-09-26 08:43:35.384 main AgentClassLoader : /opt/skywalking/agent/plugins/resteasy-server-3.x-plugin-9.4.0.jar loaded. 
INFO 2026-09-26 08:43:35.389 main AgentClassLoader : /opt/skywalking/agent/plugins/tomcat-10x-plugin-9.4.0.jar loaded. 
INFO 2026-09-26 08:43:35.391 main AgentClassLoader : /opt/skywalking/agent/plugins/apm-elasticjob-3.x-plugin-9.4.0.jar loaded. 
INFO 2026-09-26 08:43:35.393 main AgentClassLoader : /opt/skywalking/agent/plugins/apm-kafka-plugin-9.4.0.jar loaded. 
INFO 2026-09-26 08:43:35.393 main AgentClassLoader : /opt/skywalking/agent/plugins/apm-hbase-1.x-2.x-plugin-9.4.0.jar loaded. 
INFO 2026-09-26 08:43:35.394 main AgentClassLoader : /opt/skywalking/agent/plugins/apm-aerospike-plugin-9.4.0.jar loaded. 
INFO 2026-09-26 08:43:35.395 main AgentClassLoader : /opt/skywalking/agent/plugins/apm-clickhouse-0.3.1-plugin-9.4.0.jar loaded. 
INFO 2026-09-26 08:43:35.395 main AgentClassLoader : /opt/skywalking/agent/plugins/apm-neo4j-4.x-plugin-9.4.0.jar loaded. 
INFO 2026-09-26 08:43:35.396 main AgentClassLoader : /opt/skywalking/agent/plugins/apm-mongodb-2.x-plugin-9.4.0.jar loaded. 
INFO 2026-09-26 08:43:35.396 main AgentClassLoader : /opt/skywalking/agent/plugins/apm-mariadb-2.x-plugin-9.4.0.jar loaded. 
INFO 2026-09-26 08:43:35.397 main AgentClassLoader : /opt/skywalking/agent/plugins/apm-cxf-3.x-plugin-9.4.0.jar loaded. 
INFO 2026-09-26 08:43:35.397 main AgentClassLoader : /opt/skywalking/agent/plugins/apm-rocketmq-3.x-plugin-9.4.0.jar loaded. 
INFO 2026-09-26 08:43:35.397 main AgentClassLoader : /opt/skywalking/agent/plugins/apm-mongodb-4.x-plugin-9.4.0.jar loaded. 
INFO 2026-09-26 08:43:35.398 main AgentClassLoader : /opt/skywalking/agent/plugins/apm-spring-cloud-feign-1.x-plugin-9.4.0.jar loaded. 
INFO 2026-09-26 08:43:35.398 main AgentClassLoader : /opt/skywalking/agent/plugins/apm-springmvc-annotation-5.x-plugin-9.4.0.jar loaded. 
INFO 2026-09-26 08:43:35.398 main AgentClassLoader : /opt/skywalking/agent/plugins/dubbo-2.7.x-conflict-patch-9.4.0.jar loaded. 
INFO 2026-09-26 08:43:35.398 main AgentClassLoader : /opt/skywalking/agent/plugins/websphere-liberty-23.x-plugin-9.4.0.jar loaded. 
INFO 2026-09-26 08:43:35.399 main AgentClassLoader : /opt/skywalking/agent/plugins/apm-hystrix-1.x-plugin-9.4.0.jar loaded. 
INFO 2026-09-26 08:43:35.399 main AgentClassLoader : /opt/skywalking/agent/plugins/jedis-2.x-3.x-plugin-9.4.0.jar loaded. 
INFO 2026-09-26 08:43:35.400 main AgentClassLoader : /opt/skywalking/agent/plugins/apm-dubbo-plugin-9.4.0.jar loaded. 
INFO 2026-09-26 08:43:35.400 main AgentClassLoader : /opt/skywalking/agent/plugins/apm-xmemcached-2.x-plugin-9.4.0.jar loaded. 
INFO 2026-09-26 08:43:35.401 main AgentClassLoader : /opt/skywalking/agent/plugins/apm-spring-webflux-6.x-plugin-9.4.0.jar loaded. 
INFO 2026-09-26 08:43:35.401 main AgentClassLoader : /opt/skywalking/agent/plugins/apm-spring-cloud-gateway-4.x-plugin-9.4.0.jar loaded. 
INFO 2026-09-26 08:43:35.402 main AgentClassLoader : /opt/skywalking/agent/activations/apm-toolkit-micrometer-activation-9.4.0.jar loaded. 
INFO 2026-09-26 08:43:35.402 main AgentClassLoader : /opt/skywalking/agent/activations/apm-toolkit-trace-activation-9.4.0.jar loaded. 
INFO 2026-09-26 08:43:35.402 main AgentClassLoader : /opt/skywalking/agent/activations/apm-toolkit-kafka-activation-9.4.0.jar loaded. 
INFO 2026-09-26 08:43:35.402 main AgentClassLoader : /opt/skywalking/agent/activations/apm-toolkit-webflux-activation-9.4.0.jar loaded. 
INFO 2026-09-26 08:43:35.403 main AgentClassLoader : /opt/skywalking/agent/activations/apm-toolkit-logging-common-9.4.0.jar loaded. 
INFO 2026-09-26 08:43:35.403 main AgentClassLoader : /opt/skywalking/agent/activations/apm-toolkit-meter-activation-9.4.0.jar loaded. 
INFO 2026-09-26 08:43:35.403 main AgentClassLoader : /opt/skywalking/agent/activations/apm-toolkit-log4j-2.x-activation-9.4.0.jar loaded. 
INFO 2026-09-26 08:43:35.405 main AgentClassLoader : /opt/skywalking/agent/activations/apm-toolkit-log4j-1.x-activation-9.4.0.jar loaded. 
INFO 2026-09-26 08:43:35.405 main AgentClassLoader : /opt/skywalking/agent/activations/apm-toolkit-opentracing-activation-9.4.0.jar loaded. 
INFO 2026-09-26 08:43:35.406 main AgentClassLoader : /opt/skywalking/agent/activations/apm-toolkit-logback-1.x-activation-9.4.0.jar loaded. 
INFO 2026-09-26 08:43:35.459 main PluginResourcesResolver : find skywalking plugin define in jar:file:/opt/skywalking/agent/plugins/motan-plugin-9.4.0.jar!/skywalking-plugin.def 
INFO 2026-09-26 08:43:35.461 main PluginResourcesResolver : find skywalking plugin define in jar:file:/opt/skywalking/agent/plugins/sofa-rpc-plugin-9.4.0.jar!/skywalking-plugin.def 
INFO 2026-09-26 08:43:35.461 main PluginResourcesResolver : find skywalking plugin define in jar:file:/opt/skywalking/agent/plugins/baidu-brpc-plugin-9.4.0.jar!/skywalking-plugin.def 
INFO 2026-09-26 08:43:35.461 main PluginResourcesResolver : find skywalking plugin define in jar:file:/opt/skywalking/agent/plugins/baidu-brpc-3.x-plugin-9.4.0.jar!/skywalking-plugin.def 
INFO 2026-09-26 08:43:35.463 main PluginResourcesResolver : find skywalking plugin define in jar:file:/opt/skywalking/agent/plugins/apm-httpasyncclient-4.x-plugin-9.4.0.jar!/skywalking-plugin.def 
INFO 2026-09-26 08:43:35.463 main PluginResourcesResolver : find skywalking plugin define in jar:file:/opt/skywalking/agent/plugins/solon-2.x-plugin-9.4.0.jar!/skywalking-plugin.def 
INFO 2026-09-26 08:43:35.464 main PluginResourcesResolver : find skywalking plugin define in jar:file:/opt/skywalking/agent/plugins/apm-undertow-2.x-plugin-9.4.0.jar!/skywalking-plugin.def 
INFO 2026-09-26 08:43:35.464 main PluginResourcesResolver : find skywalking plugin define in jar:file:/opt/skywalking/agent/plugins/apm-postgresql-8.x-plugin-9.4.0.jar!/skywalking-plugin.def 
INFO 2026-09-26 08:43:35.464 main PluginResourcesResolver : find skywalking plugin define in jar:file:/opt/skywalking/agent/plugins/apm-xxl-job-2.x-plugin-9.4.0.jar!/skywalking-plugin.def 
INFO 2026-09-26 08:43:35.464 main PluginResourcesResolver : find skywalking plugin define in jar:file:/opt/skywalking/agent/plugins/apm-okhttp-3.x-plugin-9.4.0.jar!/skywalking-plugin.def 
INFO 2026-09-26 08:43:35.465 main PluginResourcesResolver : find skywalking plugin define in jar:file:/opt/skywalking/agent/plugins/apm-springmvc-annotation-3.x-plugin-9.4.0.jar!/skywalking-plugin.def 
INFO 2026-09-26 08:43:35.465 main PluginResourcesResolver : find skywalking plugin define in jar:file:/opt/skywalking/agent/plugins/apm-light4j-plugin-9.4.0.jar!/skywalking-plugin.def 
INFO 2026-09-26 08:43:35.465 main PluginResourcesResolver : find skywalking plugin define in jar:file:/opt/skywalking/agent/plugins/apm-vertx-core-4.x-plugin-9.4.0.jar!/skywalking-plugin.def 
INFO 2026-09-26 08:43:35.465 main PluginResourcesResolver : find skywalking plugin define in jar:file:/opt/skywalking/agent/plugins/resteasy-server-6.x-plugin-9.4.0.jar!/skywalking-plugin.def 
INFO 2026-09-26 08:43:35.465 main PluginResourcesResolver : find skywalking plugin define in jar:file:/opt/skywalking/agent/plugins/apm-undertow-worker-thread-pool-plugin-9.4.0.jar!/skywalking-plugin.def 
INFO 2026-09-26 08:43:35.465 main PluginResourcesResolver : find skywalking plugin define in jar:file:/opt/skywalking/agent/plugins/apm-spring-cloud-feign-2.x-plugin-9.4.0.jar!/skywalking-plugin.def 
INFO 2026-09-26 08:43:35.467 main PluginResourcesResolver : find skywalking plugin define in jar:file:/opt/skywalking/agent/plugins/apm-sharding-sphere-3.x-plugin-9.4.0.jar!/skywalking-plugin.def 
INFO 2026-09-26 08:43:35.467 main PluginResourcesResolver : find skywalking plugin define in jar:file:/opt/skywalking/agent/plugins/apm-kylin-jdbc-2.6.x-3.x-4.x-plugin-9.4.0.jar!/skywalking-plugin.def 
INFO 2026-09-26 08:43:35.467 main PluginResourcesResolver : find skywalking plugin define in jar:file:/opt/skywalking/agent/plugins/apm-spring-concurrent-util-4.x-plugin-9.4.0.jar!/skywalking-plugin.def 
INFO 2026-09-26 08:43:35.469 main PluginResourcesResolver : find skywalking plugin define in jar:file:/opt/skywalking/agent/plugins/apm-redisson-3.x-plugin-9.4.0.jar!/skywalking-plugin.def 
INFO 2026-09-26 08:43:35.469 main PluginResourcesResolver : find skywalking plugin define in jar:file:/opt/skywalking/agent/plugins/apm-h2-1.x-plugin-9.4.0.jar!/skywalking-plugin.def 
INFO 2026-09-26 08:43:35.469 main PluginResourcesResolver : find skywalking plugin define in jar:file:/opt/skywalking/agent/plugins/apm-activemq-5.x-plugin-9.4.0.jar!/skywalking-plugin.def 
INFO 2026-09-26 08:43:35.469 main PluginResourcesResolver : find skywalking plugin define in jar:file:/opt/skywalking/agent/plugins/apm-hutool-http-5.x-plugin-9.4.0.jar!/skywalking-plugin.def 
INFO 2026-09-26 08:43:35.472 main PluginResourcesResolver : find skywalking plugin define in jar:file:/opt/skywalking/agent/plugins/apm-pulsar-2.8.x-plugin-9.4.0.jar!/skywalking-plugin.def 
INFO 2026-09-26 08:43:35.472 main PluginResourcesResolver : find skywalking plugin define in jar:file:/opt/skywalking/agent/plugins/apm-nutz-mvc-annotation-1.x-plugin-9.4.0.jar!/skywalking-plugin.def 
INFO 2026-09-26 08:43:35.472 main PluginResourcesResolver : find skywalking plugin define in jar:file:/opt/skywalking/agent/plugins/apm-mongodb-3.x-plugin-9.4.0.jar!/skywalking-plugin.def 
INFO 2026-09-26 08:43:35.474 main PluginResourcesResolver : find skywalking plugin define in jar:file:/opt/skywalking/agent/plugins/spring-webflux-5.x-webclient-plugin-9.4.0.jar!/skywalking-plugin.def 
INFO 2026-09-26 08:43:35.474 main PluginResourcesResolver : find skywalking plugin define in jar:file:/opt/skywalking/agent/plugins/apm-vertx-core-3.x-plugin-9.4.0.jar!/skywalking-plugin.def 
INFO 2026-09-26 08:43:35.474 main PluginResourcesResolver : find skywalking plugin define in jar:file:/opt/skywalking/agent/plugins/dubbo-3.x-conflict-patch-9.4.0.jar!/skywalking-plugin.def 
INFO 2026-09-26 08:43:35.474 main PluginResourcesResolver : find skywalking plugin define in jar:file:/opt/skywalking/agent/plugins/apm-shardingsphere-4.0.x-plugin-9.4.0.jar!/skywalking-plugin.def 
INFO 2026-09-26 08:43:35.476 main PluginResourcesResolver : find skywalking plugin define in jar:file:/opt/skywalking/agent/plugins/apm-grizzly-2.x-plugin-9.4.0.jar!/skywalking-plugin.def 
INFO 2026-09-26 08:43:35.476 main PluginResourcesResolver : find skywalking plugin define in jar:file:/opt/skywalking/agent/plugins/apm-rocketMQ-5.x-plugin-9.4.0.jar!/skywalking-plugin.def 
INFO 2026-09-26 08:43:35.476 main PluginResourcesResolver : find skywalking plugin define in jar:file:/opt/skywalking/agent/plugins/apm-jetty-client-11.x-plugin-9.4.0.jar!/skywalking-plugin.def 
INFO 2026-09-26 08:43:35.476 main PluginResourcesResolver : find skywalking plugin define in jar:file:/opt/skywalking/agent/plugins/apm-play-2.x-plugin-9.4.0.jar!/skywalking-plugin.def 
INFO 2026-09-26 08:43:35.476 main PluginResourcesResolver : find skywalking plugin define in jar:file:/opt/skywalking/agent/plugins/apm-springmvc-annotation-4.x-plugin-9.4.0.jar!/skywalking-plugin.def 
INFO 2026-09-26 08:43:35.476 main PluginResourcesResolver : find skywalking plugin define in jar:file:/opt/skywalking/agent/plugins/apm-shardingsphere-5.0.0-plugin-9.4.0.jar!/skywalking-plugin.def 
INFO 2026-09-26 08:43:35.476 main PluginResourcesResolver : find skywalking plugin define in jar:file:/opt/skywalking/agent/plugins/apm-cassandra-java-driver-3.x-plugin-9.4.0.jar!/skywalking-plugin.def 
INFO 2026-09-26 08:43:35.476 main PluginResourcesResolver : find skywalking plugin define in jar:file:/opt/skywalking/agent/plugins/apm-rabbitmq-plugin-9.4.0.jar!/skywalking-plugin.def 
INFO 2026-09-26 08:43:35.481 main PluginResourcesResolver : find skywalking plugin define in jar:file:/opt/skywalking/agent/plugins/apm-grizzly-2.x-4.x-work-threadpool-plugin-9.4.0.jar!/skywalking-plugin.def 
INFO 2026-09-26 08:43:35.482 main PluginResourcesResolver : find skywalking plugin define in jar:file:/opt/skywalking/agent/plugins/apm-jetty-thread-pool-plugin-9.4.0.jar!/skywalking-plugin.def 
INFO 2026-09-26 08:43:35.482 main PluginResourcesResolver : find skywalking plugin define in jar:file:/opt/skywalking/agent/plugins/micronaut-http-client-plugin-9.4.0.jar!/skywalking-plugin.def 
INFO 2026-09-26 08:43:35.482 main PluginResourcesResolver : find skywalking plugin define in jar:file:/opt/skywalking/agent/plugins/okhttp-2.x-plugin-9.4.0.jar!/skywalking-plugin.def 
INFO 2026-09-26 08:43:35.484 main PluginResourcesResolver : find skywalking plugin define in jar:file:/opt/skywalking/agent/plugins/graphql-9.x-plugin-9.4.0.jar!/skywalking-plugin.def 
INFO 2026-09-26 08:43:35.484 main PluginResourcesResolver : find skywalking plugin define in jar:file:/opt/skywalking/agent/plugins/apm-servicecomb-java-chassis-2.x-plugin-9.4.0.jar!/skywalking-plugin.def 
INFO 2026-09-26 08:43:35.484 main PluginResourcesResolver : find skywalking plugin define in jar:file:/opt/skywalking/agent/plugins/apm-httpClient-4.x-plugin-9.4.0.jar!/skywalking-plugin.def 
INFO 2026-09-26 08:43:35.484 main PluginResourcesResolver : find skywalking plugin define in jar:file:/opt/skywalking/agent/plugins/apm-sharding-sphere-4.1.0-plugin-9.4.0.jar!/skywalking-plugin.def 
INFO 2026-09-26 08:43:35.486 main PluginResourcesResolver : find skywalking plugin define in jar:file:/opt/skywalking/agent/plugins/apm-influxdb-2.x-plugin-9.4.0.jar!/skywalking-plugin.def 
INFO 2026-09-26 08:43:35.486 main PluginResourcesResolver : find skywalking plugin define in jar:file:/opt/skywalking/agent/plugins/apm-okhttp-4.x-plugin-9.4.0.jar!/skywalking-plugin.def 
INFO 2026-09-26 08:43:35.486 main PluginResourcesResolver : find skywalking plugin define in jar:file:/opt/skywalking/agent/plugins/apm-armeria-0.84.x-plugin-9.4.0.jar!/skywalking-plugin.def 
INFO 2026-09-26 08:43:35.486 main PluginResourcesResolver : find skywalking plugin define in jar:file:/opt/skywalking/agent/plugins/nats-2.14.x-2.16.5-plugin-9.4.0.jar!/skywalking-plugin.def 
INFO 2026-09-26 08:43:35.486 main PluginResourcesResolver : find skywalking plugin define in jar:file:/opt/skywalking/agent/plugins/apm-feign-default-http-9.x-plugin-9.4.0.jar!/skywalking-plugin.def 
INFO 2026-09-26 08:43:35.486 main PluginResourcesResolver : find skywalking plugin define in jar:file:/opt/skywalking/agent/plugins/micronaut-http-server-plugin-9.4.0.jar!/skywalking-plugin.def 
INFO 2026-09-26 08:43:35.488 main PluginResourcesResolver : find skywalking plugin define in jar:file:/opt/skywalking/agent/plugins/apm-elasticsearch-6.x-plugin-9.4.0.jar!/skywalking-plugin.def 
INFO 2026-09-26 08:43:35.488 main PluginResourcesResolver : find skywalking plugin define in jar:file:/opt/skywalking/agent/plugins/graphql-12.x-15.x-plugin-9.4.0.jar!/skywalking-plugin.def 
INFO 2026-09-26 08:43:35.489 main PluginResourcesResolver : find skywalking plugin define in jar:file:/opt/skywalking/agent/plugins/apm-spring-kafka-1.x-plugin-9.4.0.jar!/skywalking-plugin.def 
INFO 2026-09-26 08:43:35.489 main PluginResourcesResolver : find skywalking plugin define in jar:file:/opt/skywalking/agent/plugins/apm-dubbo-2.7.x-plugin-9.4.0.jar!/skywalking-plugin.def 
INFO 2026-09-26 08:43:35.491 main PluginResourcesResolver : find skywalking plugin define in jar:file:/opt/skywalking/agent/plugins/tomcat-7.x-8.x-plugin-9.4.0.jar!/skywalking-plugin.def 
INFO 2026-09-26 08:43:35.491 main PluginResourcesResolver : find skywalking plugin define in jar:file:/opt/skywalking/agent/plugins/apm-activemq-artemis-jakarta-client-2.x-plugin-9.4.0.jar!/skywalking-plugin.def 
INFO 2026-09-26 08:43:35.491 main PluginResourcesResolver : find skywalking plugin define in jar:file:/opt/skywalking/agent/plugins/apm-httpclient-3.x-plugin-9.4.0.jar!/skywalking-plugin.def 
INFO 2026-09-26 08:43:35.491 main PluginResourcesResolver : find skywalking plugin define in jar:file:/opt/skywalking/agent/plugins/apm-quasar-plugin-9.4.0.jar!/skywalking-plugin.def 
INFO 2026-09-26 08:43:35.491 main PluginResourcesResolver : find skywalking plugin define in jar:file:/opt/skywalking/agent/plugins/apm-spring-kafka-2.x-plugin-9.4.0.jar!/skywalking-plugin.def 
INFO 2026-09-26 08:43:35.491 main PluginResourcesResolver : find skywalking plugin define in jar:file:/opt/skywalking/agent/plugins/apm-pulsar-2.2-2.7-plugin-9.4.0.jar!/skywalking-plugin.def 
INFO 2026-09-26 08:43:35.496 main PluginResourcesResolver : find skywalking plugin define in jar:file:/opt/skywalking/agent/plugins/apm-spring-core-patch-9.4.0.jar!/skywalking-plugin.def 
INFO 2026-09-26 08:43:35.496 main PluginResourcesResolver : find skywalking plugin define in jar:file:/opt/skywalking/agent/plugins/apm-mysql-6.x-plugin-9.4.0.jar!/skywalking-plugin.def 
INFO 2026-09-26 08:43:35.499 main PluginResourcesResolver : find skywalking plugin define in jar:file:/opt/skywalking/agent/plugins/druid-1.x-plugin-9.4.0.jar!/skywalking-plugin.def 
INFO 2026-09-26 08:43:35.499 main PluginResourcesResolver : find skywalking plugin define in jar:file:/opt/skywalking/agent/plugins/apm-mssql-jdbc-plugin-9.4.0.jar!/skywalking-plugin.def 
INFO 2026-09-26 08:43:35.499 main PluginResourcesResolver : find skywalking plugin define in jar:file:/opt/skywalking/agent/plugins/resteasy-server-4.x-plugin-9.4.0.jar!/skywalking-plugin.def 
INFO 2026-09-26 08:43:35.500 main PluginResourcesResolver : find skywalking plugin define in jar:file:/opt/skywalking/agent/plugins/apm-grpc-1.x-plugin-9.4.0.jar!/skywalking-plugin.def 
INFO 2026-09-26 08:43:35.500 main PluginResourcesResolver : find skywalking plugin define in jar:file:/opt/skywalking/agent/plugins/apm-jetty-server-11.x-plugin-9.4.0.jar!/skywalking-plugin.def 
INFO 2026-09-26 08:43:35.500 main PluginResourcesResolver : find skywalking plugin define in jar:file:/opt/skywalking/agent/plugins/apm-c3p0-0.9.x-plugin-9.4.0.jar!/skywalking-plugin.def 
INFO 2026-09-26 08:43:35.500 main PluginResourcesResolver : find skywalking plugin define in jar:file:/opt/skywalking/agent/plugins/apm-spymemcached-2.x-plugin-9.4.0.jar!/skywalking-plugin.def 
INFO 2026-09-26 08:43:35.500 main PluginResourcesResolver : find skywalking plugin define in jar:file:/opt/skywalking/agent/plugins/apm-dubbo-3.x-plugin-9.4.0.jar!/skywalking-plugin.def 
INFO 2026-09-26 08:43:35.502 main PluginResourcesResolver : find skywalking plugin define in jar:file:/opt/skywalking/agent/plugins/dbcp-2.x-plugin-9.4.0.jar!/skywalking-plugin.def 
INFO 2026-09-26 08:43:35.502 main PluginResourcesResolver : find skywalking plugin define in jar:file:/opt/skywalking/agent/plugins/apm-finagle-6.25.x-plugin-9.4.0.jar!/skywalking-plugin.def 
INFO 2026-09-26 08:43:35.502 main PluginResourcesResolver : find skywalking plugin define in jar:file:/opt/skywalking/agent/plugins/apm-mssql-jtds-1.x-plugin-9.4.0.jar!/skywalking-plugin.def 
INFO 2026-09-26 08:43:35.504 main PluginResourcesResolver : find skywalking plugin define in jar:file:/opt/skywalking/agent/plugins/thrift-plugin-9.4.0.jar!/skywalking-plugin.def 
INFO 2026-09-26 08:43:35.504 main PluginResourcesResolver : find skywalking plugin define in jar:file:/opt/skywalking/agent/plugins/apm-nutz-http-1.x-plugin-9.4.0.jar!/skywalking-plugin.def 
INFO 2026-09-26 08:43:35.504 main PluginResourcesResolver : find skywalking plugin define in jar:file:/opt/skywalking/agent/plugins/apm-asynchttpclient-2.x-plugin-9.4.0.jar!/skywalking-plugin.def 
INFO 2026-09-26 08:43:35.506 main PluginResourcesResolver : find skywalking plugin define in jar:file:/opt/skywalking/agent/plugins/apm-spring-scheduled-annotation-plugin-9.4.0.jar!/skywalking-plugin.def 
INFO 2026-09-26 08:43:35.506 main PluginResourcesResolver : find skywalking plugin define in jar:file:/opt/skywalking/agent/plugins/apm-jetty-client-9.0-plugin-9.4.0.jar!/skywalking-plugin.def 
INFO 2026-09-26 08:43:35.506 main PluginResourcesResolver : find skywalking plugin define in jar:file:/opt/skywalking/agent/plugins/apm-canal-1.x-plugin-9.4.0.jar!/skywalking-plugin.def 
INFO 2026-09-26 08:43:35.508 main PluginResourcesResolver : find skywalking plugin define in jar:file:/opt/skywalking/agent/plugins/apm-rocketmq-client-java-5.x-plugin-9.4.0.jar!/skywalking-plugin.def 
INFO 2026-09-26 08:43:35.508 main PluginResourcesResolver : find skywalking plugin define in jar:file:/opt/skywalking/agent/plugins/apm-armeria-1.0.x-plugin-9.4.0.jar!/skywalking-plugin.def 
INFO 2026-09-26 08:43:35.508 main PluginResourcesResolver : find skywalking plugin define in jar:file:/opt/skywalking/agent/plugins/apm-rocketmq-4.x-plugin-9.4.0.jar!/skywalking-plugin.def 
INFO 2026-09-26 08:43:35.508 main PluginResourcesResolver : find skywalking plugin define in jar:file:/opt/skywalking/agent/plugins/apm-elasticsearch-7.x-plugin-9.4.0.jar!/skywalking-plugin.def 
INFO 2026-09-26 08:43:35.510 main PluginResourcesResolver : find skywalking plugin define in jar:file:/opt/skywalking/agent/plugins/dubbo-conflict-patch-9.4.0.jar!/skywalking-plugin.def 
INFO 2026-09-26 08:43:35.510 main PluginResourcesResolver : find skywalking plugin define in jar:file:/opt/skywalking/agent/plugins/apm-resttemplate-4.3.x-plugin-9.4.0.jar!/skywalking-plugin.def 
INFO 2026-09-26 08:43:35.510 main PluginResourcesResolver : find skywalking plugin define in jar:file:/opt/skywalking/agent/plugins/apm-clickhouse-0.3.2.x-plugin-9.4.0.jar!/skywalking-plugin.def 
INFO 2026-09-26 08:43:35.510 main PluginResourcesResolver : find skywalking plugin define in jar:file:/opt/skywalking/agent/plugins/apm-jetty-client-9.x-plugin-9.4.0.jar!/skywalking-plugin.def 
INFO 2026-09-26 08:43:35.510 main PluginResourcesResolver : find skywalking plugin define in jar:file:/opt/skywalking/agent/plugins/apm-hikaricp-3.x-4.x-plugin-9.4.0.jar!/skywalking-plugin.def 
INFO 2026-09-26 08:43:35.510 main PluginResourcesResolver : find skywalking plugin define in jar:file:/opt/skywalking/agent/plugins/apm-solrj-7.x-plugin-9.4.0.jar!/skywalking-plugin.def 
INFO 2026-09-26 08:43:35.511 main PluginResourcesResolver : find skywalking plugin define in jar:file:/opt/skywalking/agent/plugins/apm-struts2-2.x-plugin-9.4.0.jar!/skywalking-plugin.def 
INFO 2026-09-26 08:43:35.512 main PluginResourcesResolver : find skywalking plugin define in jar:file:/opt/skywalking/agent/plugins/jedis-4.x-plugin-9.4.0.jar!/skywalking-plugin.def 
INFO 2026-09-26 08:43:35.514 main PluginResourcesResolver : find skywalking plugin define in jar:file:/opt/skywalking/agent/plugins/apm-springmvc-annotation-commons-9.4.0.jar!/skywalking-plugin.def 
INFO 2026-09-26 08:43:35.514 main PluginResourcesResolver : find skywalking plugin define in jar:file:/opt/skywalking/agent/plugins/spring-webflux-6.x-webclient-plugin-9.4.0.jar!/skywalking-plugin.def 
INFO 2026-09-26 08:43:35.515 main PluginResourcesResolver : find skywalking plugin define in jar:file:/opt/skywalking/agent/plugins/apm-jersey-2.x-plugin-9.4.0.jar!/skywalking-plugin.def 
INFO 2026-09-26 08:43:35.516 main PluginResourcesResolver : find skywalking plugin define in jar:file:/opt/skywalking/agent/plugins/graphql-16plus-plugin-9.4.0.jar!/skywalking-plugin.def 
INFO 2026-09-26 08:43:35.516 main PluginResourcesResolver : find skywalking plugin define in jar:file:/opt/skywalking/agent/plugins/apm-netty-socketio-plugin-9.4.0.jar!/skywalking-plugin.def 
INFO 2026-09-26 08:43:35.516 main PluginResourcesResolver : find skywalking plugin define in jar:file:/opt/skywalking/agent/plugins/apm-httpclient-5.x-plugin-9.4.0.jar!/skywalking-plugin.def 
INFO 2026-09-26 08:43:35.516 main PluginResourcesResolver : find skywalking plugin define in jar:file:/opt/skywalking/agent/plugins/apm-elastic-job-2.x-plugin-9.4.0.jar!/skywalking-plugin.def 
INFO 2026-09-26 08:43:35.516 main PluginResourcesResolver : find skywalking plugin define in jar:file:/opt/skywalking/agent/plugins/apm-mysql-8.x-plugin-9.4.0.jar!/skywalking-plugin.def 
INFO 2026-09-26 08:43:35.518 main PluginResourcesResolver : find skywalking plugin define in jar:file:/opt/skywalking/agent/plugins/apm-jersey-3.x-plugin-9.4.0.jar!/skywalking-plugin.def 
INFO 2026-09-26 08:43:35.518 main PluginResourcesResolver : find skywalking plugin define in jar:file:/opt/skywalking/agent/plugins/apm-guava-eventbus-plugin-9.4.0.jar!/skywalking-plugin.def 
INFO 2026-09-26 08:43:35.518 main PluginResourcesResolver : find skywalking plugin define in jar:file:/opt/skywalking/agent/plugins/apm-spring-async-annotation-plugin-9.4.0.jar!/skywalking-plugin.def 
INFO 2026-09-26 08:43:35.518 main PluginResourcesResolver : find skywalking plugin define in jar:file:/opt/skywalking/agent/plugins/apm-elasticsearch-5.x-plugin-9.4.0.jar!/skywalking-plugin.def 
INFO 2026-09-26 08:43:35.518 main PluginResourcesResolver : find skywalking plugin define in jar:file:/opt/skywalking/agent/plugins/jsonrpc4j-1.x-plugin-9.4.0.jar!/skywalking-plugin.def 
INFO 2026-09-26 08:43:35.518 main PluginResourcesResolver : find skywalking plugin define in jar:file:/opt/skywalking/agent/plugins/graphql-8.x-plugin-9.4.0.jar!/skywalking-plugin.def 
INFO 2026-09-26 08:43:35.518 main PluginResourcesResolver : find skywalking plugin define in jar:file:/opt/skywalking/agent/plugins/apm-mysql-5.x-plugin-9.4.0.jar!/skywalking-plugin.def 
INFO 2026-09-26 08:43:35.518 main PluginResourcesResolver : find skywalking plugin define in jar:file:/opt/skywalking/agent/plugins/apm-jetty-server-9.x-plugin-9.4.0.jar!/skywalking-plugin.def 
INFO 2026-09-26 08:43:35.520 main PluginResourcesResolver : find skywalking plugin define in jar:file:/opt/skywalking/agent/plugins/apm-lettuce-5.x-plugin-9.4.0.jar!/skywalking-plugin.def 
INFO 2026-09-26 08:43:35.520 main PluginResourcesResolver : find skywalking plugin define in jar:file:/opt/skywalking/agent/plugins/apm-armeria-0.85.x-plugin-9.4.0.jar!/skywalking-plugin.def 
INFO 2026-09-26 08:43:35.520 main PluginResourcesResolver : find skywalking plugin define in jar:file:/opt/skywalking/agent/plugins/apm-tomcat-thread-pool-plugin-9.4.0.jar!/skywalking-plugin.def 
INFO 2026-09-26 08:43:35.520 main PluginResourcesResolver : find skywalking plugin define in jar:file:/opt/skywalking/agent/plugins/apm-resttemplate-3.x-plugin-9.4.0.jar!/skywalking-plugin.def 
INFO 2026-09-26 08:43:35.520 main PluginResourcesResolver : find skywalking plugin define in jar:file:/opt/skywalking/agent/plugins/apm-avro-plugin-9.4.0.jar!/skywalking-plugin.def 
INFO 2026-09-26 08:43:35.520 main PluginResourcesResolver : find skywalking plugin define in jar:file:/opt/skywalking/agent/plugins/resteasy-server-3.x-plugin-9.4.0.jar!/skywalking-plugin.def 
INFO 2026-09-26 08:43:35.520 main PluginResourcesResolver : find skywalking plugin define in jar:file:/opt/skywalking/agent/plugins/tomcat-10x-plugin-9.4.0.jar!/skywalking-plugin.def 
INFO 2026-09-26 08:43:35.520 main PluginResourcesResolver : find skywalking plugin define in jar:file:/opt/skywalking/agent/plugins/apm-elasticjob-3.x-plugin-9.4.0.jar!/skywalking-plugin.def 
INFO 2026-09-26 08:43:35.520 main PluginResourcesResolver : find skywalking plugin define in jar:file:/opt/skywalking/agent/plugins/apm-kafka-plugin-9.4.0.jar!/skywalking-plugin.def 
INFO 2026-09-26 08:43:35.522 main PluginResourcesResolver : find skywalking plugin define in jar:file:/opt/skywalking/agent/plugins/apm-hbase-1.x-2.x-plugin-9.4.0.jar!/skywalking-plugin.def 
INFO 2026-09-26 08:43:35.522 main PluginResourcesResolver : find skywalking plugin define in jar:file:/opt/skywalking/agent/plugins/apm-aerospike-plugin-9.4.0.jar!/skywalking-plugin.def 
INFO 2026-09-26 08:43:35.522 main PluginResourcesResolver : find skywalking plugin define in jar:file:/opt/skywalking/agent/plugins/apm-clickhouse-0.3.1-plugin-9.4.0.jar!/skywalking-plugin.def 
INFO 2026-09-26 08:43:35.522 main PluginResourcesResolver : find skywalking plugin define in jar:file:/opt/skywalking/agent/plugins/apm-neo4j-4.x-plugin-9.4.0.jar!/skywalking-plugin.def 
INFO 2026-09-26 08:43:35.522 main PluginResourcesResolver : find skywalking plugin define in jar:file:/opt/skywalking/agent/plugins/apm-mongodb-2.x-plugin-9.4.0.jar!/skywalking-plugin.def 
INFO 2026-09-26 08:43:35.522 main PluginResourcesResolver : find skywalking plugin define in jar:file:/opt/skywalking/agent/plugins/apm-mariadb-2.x-plugin-9.4.0.jar!/skywalking-plugin.def 
INFO 2026-09-26 08:43:35.522 main PluginResourcesResolver : find skywalking plugin define in jar:file:/opt/skywalking/agent/plugins/apm-cxf-3.x-plugin-9.4.0.jar!/skywalking-plugin.def 
INFO 2026-09-26 08:43:35.522 main PluginResourcesResolver : find skywalking plugin define in jar:file:/opt/skywalking/agent/plugins/apm-rocketmq-3.x-plugin-9.4.0.jar!/skywalking-plugin.def 
INFO 2026-09-26 08:43:35.522 main PluginResourcesResolver : find skywalking plugin define in jar:file:/opt/skywalking/agent/plugins/apm-mongodb-4.x-plugin-9.4.0.jar!/skywalking-plugin.def 
INFO 2026-09-26 08:43:35.522 main PluginResourcesResolver : find skywalking plugin define in jar:file:/opt/skywalking/agent/plugins/apm-spring-cloud-feign-1.x-plugin-9.4.0.jar!/skywalking-plugin.def 
INFO 2026-09-26 08:43:35.524 main PluginResourcesResolver : find skywalking plugin define in jar:file:/opt/skywalking/agent/plugins/apm-springmvc-annotation-5.x-plugin-9.4.0.jar!/skywalking-plugin.def 
INFO 2026-09-26 08:43:35.524 main PluginResourcesResolver : find skywalking plugin define in jar:file:/opt/skywalking/agent/plugins/dubbo-2.7.x-conflict-patch-9.4.0.jar!/skywalking-plugin.def 
INFO 2026-09-26 08:43:35.525 main PluginResourcesResolver : find skywalking plugin define in jar:file:/opt/skywalking/agent/plugins/websphere-liberty-23.x-plugin-9.4.0.jar!/skywalking-plugin.def 
INFO 2026-09-26 08:43:35.525 main PluginResourcesResolver : find skywalking plugin define in jar:file:/opt/skywalking/agent/plugins/apm-hystrix-1.x-plugin-9.4.0.jar!/skywalking-plugin.def 
INFO 2026-09-26 08:43:35.527 main PluginResourcesResolver : find skywalking plugin define in jar:file:/opt/skywalking/agent/plugins/jedis-2.x-3.x-plugin-9.4.0.jar!/skywalking-plugin.def 
INFO 2026-09-26 08:43:35.527 main PluginResourcesResolver : find skywalking plugin define in jar:file:/opt/skywalking/agent/plugins/apm-dubbo-plugin-9.4.0.jar!/skywalking-plugin.def 
INFO 2026-09-26 08:43:35.527 main PluginResourcesResolver : find skywalking plugin define in jar:file:/opt/skywalking/agent/plugins/apm-xmemcached-2.x-plugin-9.4.0.jar!/skywalking-plugin.def 
INFO 2026-09-26 08:43:35.528 main PluginResourcesResolver : find skywalking plugin define in jar:file:/opt/skywalking/agent/plugins/apm-spring-webflux-6.x-plugin-9.4.0.jar!/skywalking-plugin.def 
INFO 2026-09-26 08:43:35.528 main PluginResourcesResolver : find skywalking plugin define in jar:file:/opt/skywalking/agent/plugins/apm-spring-cloud-gateway-4.x-plugin-9.4.0.jar!/skywalking-plugin.def 
INFO 2026-09-26 08:43:35.528 main PluginResourcesResolver : find skywalking plugin define in jar:file:/opt/skywalking/agent/activations/apm-toolkit-micrometer-activation-9.4.0.jar!/skywalking-plugin.def 
INFO 2026-09-26 08:43:35.528 main PluginResourcesResolver : find skywalking plugin define in jar:file:/opt/skywalking/agent/activations/apm-toolkit-trace-activation-9.4.0.jar!/skywalking-plugin.def 
INFO 2026-09-26 08:43:35.528 main PluginResourcesResolver : find skywalking plugin define in jar:file:/opt/skywalking/agent/activations/apm-toolkit-kafka-activation-9.4.0.jar!/skywalking-plugin.def 
INFO 2026-09-26 08:43:35.528 main PluginResourcesResolver : find skywalking plugin define in jar:file:/opt/skywalking/agent/activations/apm-toolkit-webflux-activation-9.4.0.jar!/skywalking-plugin.def 
INFO 2026-09-26 08:43:35.528 main PluginResourcesResolver : find skywalking plugin define in jar:file:/opt/skywalking/agent/activations/apm-toolkit-meter-activation-9.4.0.jar!/skywalking-plugin.def 
INFO 2026-09-26 08:43:35.528 main PluginResourcesResolver : find skywalking plugin define in jar:file:/opt/skywalking/agent/activations/apm-toolkit-log4j-2.x-activation-9.4.0.jar!/skywalking-plugin.def 
INFO 2026-09-26 08:43:35.529 main PluginResourcesResolver : find skywalking plugin define in jar:file:/opt/skywalking/agent/activations/apm-toolkit-log4j-1.x-activation-9.4.0.jar!/skywalking-plugin.def 
INFO 2026-09-26 08:43:35.529 main PluginResourcesResolver : find skywalking plugin define in jar:file:/opt/skywalking/agent/activations/apm-toolkit-opentracing-activation-9.4.0.jar!/skywalking-plugin.def 
INFO 2026-09-26 08:43:35.529 main PluginResourcesResolver : find skywalking plugin define in jar:file:/opt/skywalking/agent/activations/apm-toolkit-logback-1.x-activation-9.4.0.jar!/skywalking-plugin.def 
INFO 2026-09-26 08:43:35.925 main SkyWalkingAgent : Skywalking agent begin to install transformer ... 
Sep 26, 2026 8:43:42 AM org.apache.skywalking.apm.dependencies.io.grpc.internal.ManagedChannelImpl$NameResolverListener handleErrorInSyncContext
WARNING: [Channel<1>: (skywalking-oap:11800)] Failed to resolve name. status=Status{code=UNAVAILABLE, description=Unable to resolve host skywalking-oap, cause=java.lang.RuntimeException: java.net.UnknownHostException: skywalking-oap: Temporary failure in name resolution
	at org.apache.skywalking.apm.dependencies.io.grpc.internal.DnsNameResolver.resolveAddresses(DnsNameResolver.java:224)
	at org.apache.skywalking.apm.dependencies.io.grpc.internal.DnsNameResolver.doResolve(DnsNameResolver.java:283)
	at org.apache.skywalking.apm.dependencies.io.grpc.internal.DnsNameResolver$Resolve.run(DnsNameResolver.java:320)
	at java.base/java.util.concurrent.ThreadPoolExecutor.runWorker(Unknown Source)
	at java.base/java.util.concurrent.ThreadPoolExecutor$Worker.run(Unknown Source)
	at java.base/java.lang.Thread.run(Unknown Source)
Caused by: java.net.UnknownHostException: skywalking-oap: Temporary failure in name resolution
	at java.base/java.net.Inet6AddressImpl.lookupAllHostAddr(Native Method)
	at java.base/java.net.Inet6AddressImpl.lookupAllHostAddr(Unknown Source)
	at java.base/java.net.InetAddress$PlatformResolver.lookupByName(Unknown Source)
	at java.base/java.net.InetAddress.getAddressesFromNameService(Unknown Source)
	at java.base/java.net.InetAddress$NameServiceAddresses.get(Unknown Source)
	at java.base/java.net.InetAddress.getAllByName0(Unknown Source)
	at java.base/java.net.InetAddress.getAllByName(Unknown Source)
	at org.apache.skywalking.apm.dependencies.io.grpc.internal.DnsNameResolver$JdkAddressResolver.resolveAddress(DnsNameResolver.java:644)
	at org.apache.skywalking.apm.dependencies.io.grpc.internal.DnsNameResolver.resolveAddresses(DnsNameResolver.java:220)
	... 5 more
}
Sep 26, 2026 8:43:43 AM org.apache.skywalking.apm.dependencies.io.grpc.internal.ManagedChannelImpl$NameResolverListener handleErrorInSyncContext
WARNING: [Channel<1>: (skywalking-oap:11800)] Failed to resolve name. status=Status{code=UNAVAILABLE, description=Unable to resolve host skywalking-oap, cause=java.lang.RuntimeException: java.net.UnknownHostException: skywalking-oap
	at org.apache.skywalking.apm.dependencies.io.grpc.internal.DnsNameResolver.resolveAddresses(DnsNameResolver.java:224)
	at org.apache.skywalking.apm.dependencies.io.grpc.internal.DnsNameResolver.doResolve(DnsNameResolver.java:283)
	at org.apache.skywalking.apm.dependencies.io.grpc.internal.DnsNameResolver$Resolve.run(DnsNameResolver.java:320)
	at java.base/java.util.concurrent.ThreadPoolExecutor.runWorker(Unknown Source)
	at java.base/java.util.concurrent.ThreadPoolExecutor$Worker.run(Unknown Source)
	at java.base/java.lang.Thread.run(Unknown Source)
Caused by: java.net.UnknownHostException: skywalking-oap
	at java.base/java.net.InetAddress$CachedLookup.get(Unknown Source)
	at java.base/java.net.InetAddress.getAllByName0(Unknown Source)
	at java.base/java.net.InetAddress.getAllByName(Unknown Source)
	at org.apache.skywalking.apm.dependencies.io.grpc.internal.DnsNameResolver$JdkAddressResolver.resolveAddress(DnsNameResolver.java:644)
	at org.apache.skywalking.apm.dependencies.io.grpc.internal.DnsNameResolver.resolveAddresses(DnsNameResolver.java:220)
	... 5 more
}
Standard Commons Logging discovery in action with spring-jcl: please remove commons-logging.jar from classpath in order to avoid potential conflicts
Sep 26, 2026 8:43:45 AM org.apache.skywalking.apm.dependencies.io.grpc.internal.ManagedChannelImpl$NameResolverListener handleErrorInSyncContext
WARNING: [Channel<1>: (skywalking-oap:11800)] Failed to resolve name. status=Status{code=UNAVAILABLE, description=Unable to resolve host skywalking-oap, cause=java.lang.RuntimeException: java.net.UnknownHostException: skywalking-oap
	at org.apache.skywalking.apm.dependencies.io.grpc.internal.DnsNameResolver.resolveAddresses(DnsNameResolver.java:224)
	at org.apache.skywalking.apm.dependencies.io.grpc.internal.DnsNameResolver.doResolve(DnsNameResolver.java:283)
	at org.apache.skywalking.apm.dependencies.io.grpc.internal.DnsNameResolver$Resolve.run(DnsNameResolver.java:320)
	at java.base/java.util.concurrent.ThreadPoolExecutor.runWorker(Unknown Source)
	at java.base/java.util.concurrent.ThreadPoolExecutor$Worker.run(Unknown Source)
	at java.base/java.lang.Thread.run(Unknown Source)
Caused by: java.net.UnknownHostException: skywalking-oap
	at java.base/java.net.InetAddress$CachedLookup.get(Unknown Source)
	at java.base/java.net.InetAddress.getAllByName0(Unknown Source)
	at java.base/java.net.InetAddress.getAllByName(Unknown Source)
	at org.apache.skywalking.apm.dependencies.io.grpc.internal.DnsNameResolver$JdkAddressResolver.resolveAddress(DnsNameResolver.java:644)
	at org.apache.skywalking.apm.dependencies.io.grpc.internal.DnsNameResolver.resolveAddresses(DnsNameResolver.java:220)
	... 5 more
}
08:43:50.422 [main] INFO com.alibaba.nacos.plugin.auth.spi.client.ClientAuthPluginManager -- [ClientAuthPluginManager] Load ClientAuthService com.alibaba.nacos.client.auth.impl.NacosClientAuthServiceImpl success.
08:43:50.424 [main] INFO com.alibaba.nacos.plugin.auth.spi.client.ClientAuthPluginManager -- [ClientAuthPluginManager] Load ClientAuthService com.alibaba.nacos.client.auth.ram.RamClientAuthServiceImpl success.
08:43:55.163 [main] INFO com.alibaba.nacos.common.ability.AbstractAbilityControlManager -- Ready to get current node abilities...
08:43:55.168 [main] INFO com.alibaba.nacos.common.ability.AbstractAbilityControlManager -- Ready to initialize current node abilities, support modes: [SDK_CLIENT]
08:43:55.170 [main] INFO com.alibaba.nacos.common.ability.AbstractAbilityControlManager -- Initialize current abilities finish...
08:43:55.172 [main] INFO com.alibaba.nacos.common.ability.discover.NacosAbilityManagerHolder -- [AbilityControlManager] Successfully initialize AbilityControlManager

  .   ____          _            __ _ _
 /\\ / ___'_ __ _ _(_)_ __  __ _ \ \ \ \
( ( )\___ | '_ | '_| | '_ \/ _` | \ \ \ \
 \\/  ___)| |_)| | | | | || (_| |  ) ) ) )
  '  |____| .__|_| |_|_| |_\__, | / / / /
 =========|_|==============|___/=/_/_/_/

 :: Spring Boot ::                (v3.4.5)

{"timestamp":"2026-09-26T08:43:55.883Z","level":"INFO","service":"flashsale-activity","trace_id":"","span_id":"","user_id":"","order_id":"","event_id":"","idempotency_key":"","outbox_id":"","error_code":"","logger":"o.h.validator.internal.util.Version","message":"HV000001: Hibernate Validator 8.0.2.Final"}
{"timestamp":"2026-09-26T08:43:56.960Z","level":"INFO","service":"flashsale-activity","trace_id":"","span_id":"","user_id":"","order_id":"","event_id":"","idempotency_key":"","outbox_id":"","error_code":"","logger":"c.f.activity.ActivityApplication","message":"Starting ActivityApplication v0.1.0-SNAPSHOT using Java 21.0.12 with PID 1 (/app/app.jar started by root in /)"}
{"timestamp":"2026-09-26T08:43:56.962Z","level":"INFO","service":"flashsale-activity","trace_id":"","span_id":"","user_id":"","order_id":"","event_id":"","idempotency_key":"","outbox_id":"","error_code":"","logger":"c.f.activity.ActivityApplication","message":"No active profile set, falling back to 1 default profile: \"default\""}
{"timestamp":"2026-09-26T08:43:58.489Z","level":"WARN","service":"flashsale-activity","trace_id":"","span_id":"","user_id":"","order_id":"","event_id":"","idempotency_key":"","outbox_id":"","error_code":"","logger":"c.a.c.n.c.NacosConfigDataLoader","message":"[Nacos Config] config[dataId=flashsale-activity.yaml, group=DEFAULT_GROUP] is empty"}
{"timestamp":"2026-09-26T08:44:00.064Z","level":"WARN","service":"flashsale-activity","trace_id":"","span_id":"","user_id":"","order_id":"","event_id":"","idempotency_key":"","outbox_id":"","error_code":"","logger":"o.a.s.a.d.i.g.i.ManagedChannelImpl","message":"[Channel<1>: (skywalking-oap:11800)] Failed to resolve name. status=Status{code=UNAVAILABLE, description=Unable to resolve host skywalking-oap, cause=java.lang.RuntimeException: java.net.UnknownHostException: skywalking-oap
	at org.apache.skywalking.apm.dependencies.io.grpc.internal.DnsNameResolver.resolveAddresses(DnsNameResolver.java:224)
	at org.apache.skywalking.apm.dependencies.io.grpc.internal.DnsNameResolver.doResolve(DnsNameResolver.java:283)
	at org.apache.skywalking.apm.dependencies.io.grpc.internal.DnsNameResolver$Resolve.run(DnsNameResolver.java:320)
	at java.base/java.util.concurrent.ThreadPoolExecutor.runWorker(Unknown Source)
	at java.base/java.util.concurrent.ThreadPoolExecutor$Worker.run(Unknown Source)
	at java.base/java.lang.Thread.run(Unknown Source)
Caused by: java.net.UnknownHostException: skywalking-oap
	at java.base/java.net.InetAddress$CachedLookup.get(Unknown Source)
	at java.base/java.net.InetAddress.getAllByName0(Unknown Source)
	at java.base/java.net.InetAddress.getAllByName(Unknown Source)
	at org.apache.skywalking.apm.dependencies.io.grpc.internal.DnsNameResolver$JdkAddressResolver.resolveAddress(DnsNameResolver.java:644)
	at org.apache.skywalking.apm.dependencies.io.grpc.internal.DnsNameResolver.resolveAddresses(DnsNameResolver.java:220)
	... 5 more
}"}
{"timestamp":"2026-09-26T08:44:04.318Z","level":"INFO","service":"flashsale-activity","trace_id":"","span_id":"","user_id":"","order_id":"","event_id":"","idempotency_key":"","outbox_id":"","error_code":"","logger":"o.s.d.r.c.RepositoryConfigurationDelegate","message":"Multiple Spring Data modules found, entering strict repository configuration mode"}
{"timestamp":"2026-09-26T08:44:04.330Z","level":"INFO","service":"flashsale-activity","trace_id":"","span_id":"","user_id":"","order_id":"","event_id":"","idempotency_key":"","outbox_id":"","error_code":"","logger":"o.s.d.r.c.RepositoryConfigurationDelegate","message":"Bootstrapping Spring Data Redis repositories in DEFAULT mode."}
{"timestamp":"2026-09-26T08:44:04.437Z","level":"INFO","service":"flashsale-activity","trace_id":"","span_id":"","user_id":"","order_id":"","event_id":"","idempotency_key":"","outbox_id":"","error_code":"","logger":"o.s.d.r.c.RepositoryConfigurationDelegate","message":"Finished Spring Data repository scanning in 44 ms. Found 0 Redis repository interfaces."}
{"timestamp":"2026-09-26T08:44:05.257Z","level":"INFO","service":"flashsale-activity","trace_id":"","span_id":"","user_id":"","order_id":"","event_id":"","idempotency_key":"","outbox_id":"","error_code":"","logger":"o.s.cloud.context.scope.GenericScope","message":"BeanFactory id=4976aac0-f142-3bc7-94ec-bc34dece4174"}
{"timestamp":"2026-09-26T08:44:05.613Z","level":"WARN","service":"flashsale-activity","trace_id":"","span_id":"","user_id":"","order_id":"","event_id":"","idempotency_key":"","outbox_id":"","error_code":"","logger":"o.s.c.s.PostProcessorRegistrationDelegate$BeanPostProcessorChecker","message":"Bean 'org.apache.rocketmq.spring.autoconfigure.ListenerContainerConfiguration' of type [org.apache.rocketmq.spring.autoconfigure.ListenerContainerConfiguration$$SpringCGLIB$$0] is not eligible for getting processed by all BeanPostProcessors (for example: not eligible for auto-proxying). Is this bean getting eagerly injected/applied to a currently created BeanPostProcessor [org.apache.rocketmq.spring.annotation.RocketMQMessageListenerBeanPostProcessor]? Check the corresponding BeanPostProcessor declaration and its dependencies/advisors. If this bean does not have to be post-processed, declare it with ROLE_INFRASTRUCTURE."}
{"timestamp":"2026-09-26T08:44:06.762Z","level":"WARN","service":"flashsale-activity","trace_id":"","span_id":"","user_id":"","order_id":"","event_id":"","idempotency_key":"","outbox_id":"","error_code":"","logger":"o.s.c.s.PostProcessorRegistrationDelegate$BeanPostProcessorChecker","message":"Bean 'org.apache.rocketmq.spring.autoconfigure.MessageConverterConfiguration' of type [org.apache.rocketmq.spring.autoconfigure.MessageConverterConfiguration$$SpringCGLIB$$0] is not eligible for getting processed by all BeanPostProcessors (for example: not eligible for auto-proxying). Is this bean getting eagerly injected/applied to a currently created BeanPostProcessor [org.apache.rocketmq.spring.annotation.RocketMQMessageListenerBeanPostProcessor]? Check the corresponding BeanPostProcessor declaration and its dependencies/advisors. If this bean does not have to be post-processed, declare it with ROLE_INFRASTRUCTURE."}
{"timestamp":"2026-09-26T08:44:06.997Z","level":"WARN","service":"flashsale-activity","trace_id":"","span_id":"","user_id":"","order_id":"","event_id":"","idempotency_key":"","outbox_id":"","error_code":"","logger":"o.s.c.s.PostProcessorRegistrationDelegate$BeanPostProcessorChecker","message":"Bean 'createRocketMQMessageConverter' of type [org.apache.rocketmq.spring.support.RocketMQMessageConverter] is not eligible for getting processed by all BeanPostProcessors (for example: not eligible for auto-proxying). Is this bean getting eagerly injected/applied to a currently created BeanPostProcessor [org.apache.rocketmq.spring.annotation.RocketMQMessageListenerBeanPostProcessor]? Check the corresponding BeanPostProcessor declaration and its dependencies/advisors. If this bean does not have to be post-processed, declare it with ROLE_INFRASTRUCTURE."}
{"timestamp":"2026-09-26T08:44:07.021Z","level":"WARN","service":"flashsale-activity","trace_id":"","span_id":"","user_id":"","order_id":"","event_id":"","idempotency_key":"","outbox_id":"","error_code":"","logger":"o.s.c.s.PostProcessorRegistrationDelegate$BeanPostProcessorChecker","message":"Bean 'org.springframework.cloud.commons.config.CommonsConfigAutoConfiguration' of type [org.springframework.cloud.commons.config.CommonsConfigAutoConfiguration] is not eligible for getting processed by all BeanPostProcessors (for example: not eligible for auto-proxying). Is this bean getting eagerly injected/applied to a currently created BeanPostProcessor [org.apache.rocketmq.spring.annotation.RocketMQMessageListenerBeanPostProcessor]? Check the corresponding BeanPostProcessor declaration and its dependencies/advisors. If this bean does not have to be post-processed, declare it with ROLE_INFRASTRUCTURE."}
{"timestamp":"2026-09-26T08:44:07.028Z","level":"WARN","service":"flashsale-activity","trace_id":"","span_id":"","user_id":"","order_id":"","event_id":"","idempotency_key":"","outbox_id":"","error_code":"","logger":"o.s.c.s.PostProcessorRegistrationDelegate$BeanPostProcessorChecker","message":"Bean 'org.springframework.cloud.client.loadbalancer.LoadBalancerDefaultMappingsProviderAutoConfiguration' of type [org.springframework.cloud.client.loadbalancer.LoadBalancerDefaultMappingsProviderAutoConfiguration] is not eligible for getting processed by all BeanPostProcessors (for example: not eligible for auto-proxying). Is this bean getting eagerly injected/applied to a currently created BeanPostProcessor [org.apache.rocketmq.spring.annotation.RocketMQMessageListenerBeanPostProcessor]? Check the corresponding BeanPostProcessor declaration and its dependencies/advisors. If this bean does not have to be post-processed, declare it with ROLE_INFRASTRUCTURE."}
{"timestamp":"2026-09-26T08:44:07.029Z","level":"WARN","service":"flashsale-activity","trace_id":"","span_id":"","user_id":"","order_id":"","event_id":"","idempotency_key":"","outbox_id":"","error_code":"","logger":"o.s.c.s.PostProcessorRegistrationDelegate$BeanPostProcessorChecker","message":"Bean 'loadBalancerClientsDefaultsMappingsProvider' of type [org.springframework.cloud.client.loadbalancer.LoadBalancerDefaultMappingsProviderAutoConfiguration$$Lambda/0x000076b7349b7050] is not eligible for getting processed by all BeanPostProcessors (for example: not eligible for auto-proxying). Is this bean getting eagerly injected/applied to a currently created BeanPostProcessor [org.apache.rocketmq.spring.annotation.RocketMQMessageListenerBeanPostProcessor]? Check the corresponding BeanPostProcessor declaration and its dependencies/advisors. If this bean does not have to be post-processed, declare it with ROLE_INFRASTRUCTURE."}
{"timestamp":"2026-09-26T08:44:07.031Z","level":"WARN","service":"flashsale-activity","trace_id":"","span_id":"","user_id":"","order_id":"","event_id":"","idempotency_key":"","outbox_id":"","error_code":"","logger":"o.s.c.s.PostProcessorRegistrationDelegate$BeanPostProcessorChecker","message":"Bean 'defaultsBindHandlerAdvisor' of type [org.springframework.cloud.commons.config.DefaultsBindHandlerAdvisor] is not eligible for getting processed by all BeanPostProcessors (for example: not eligible for auto-proxying). Is this bean getting eagerly injected/applied to a currently created BeanPostProcessor [org.apache.rocketmq.spring.annotation.RocketMQMessageListenerBeanPostProcessor]? Check the corresponding BeanPostProcessor declaration and its dependencies/advisors. If this bean does not have to be post-processed, declare it with ROLE_INFRASTRUCTURE."}
{"timestamp":"2026-09-26T08:44:07.043Z","level":"WARN","service":"flashsale-activity","trace_id":"","span_id":"","user_id":"","order_id":"","event_id":"","idempotency_key":"","outbox_id":"","error_code":"","logger":"o.s.c.s.PostProcessorRegistrationDelegate$BeanPostProcessorChecker","message":"Bean 'rocketmq-org.apache.rocketmq.spring.autoconfigure.RocketMQProperties' of type [org.apache.rocketmq.spring.autoconfigure.RocketMQProperties] is not eligible for getting processed by all BeanPostProcessors (for example: not eligible for auto-proxying). Is this bean getting eagerly injected/applied to a currently created BeanPostProcessor [org.apache.rocketmq.spring.annotation.RocketMQMessageListenerBeanPostProcessor]? Check the corresponding BeanPostProcessor declaration and its dependencies/advisors. If this bean does not have to be post-processed, declare it with ROLE_INFRASTRUCTURE."}
{"timestamp":"2026-09-26T08:44:07.052Z","level":"WARN","service":"flashsale-activity","trace_id":"","span_id":"","user_id":"","order_id":"","event_id":"","idempotency_key":"","outbox_id":"","error_code":"","logger":"o.s.c.s.PostProcessorRegistrationDelegate$BeanPostProcessorChecker","message":"Bean 'rocketMQMessageListenerContainerRegistrar' of type [org.apache.rocketmq.spring.support.RocketMQMessageListenerContainerRegistrar] is not eligible for getting processed by all BeanPostProcessors (for example: not eligible for auto-proxying). Is this bean getting eagerly injected/applied to a currently created BeanPostProcessor [org.apache.rocketmq.spring.annotation.RocketMQMessageListenerBeanPostProcessor]? Check the corresponding BeanPostProcessor declaration and its dependencies/advisors. If this bean does not have to be post-processed, declare it with ROLE_INFRASTRUCTURE."}
{"timestamp":"2026-09-26T08:44:08.538Z","level":"INFO","service":"flashsale-activity","trace_id":"","span_id":"","user_id":"","order_id":"","event_id":"","idempotency_key":"","outbox_id":"","error_code":"","logger":"o.s.b.w.e.tomcat.TomcatWebServer","message":"Tomcat initialized with port 8080 (http)"}
{"timestamp":"2026-09-26T08:44:08.574Z","level":"INFO","service":"flashsale-activity","trace_id":"","span_id":"","user_id":"","order_id":"","event_id":"","idempotency_key":"","outbox_id":"","error_code":"","logger":"o.a.coyote.http11.Http11NioProtocol","message":"Initializing ProtocolHandler [\"http-nio-8080\"]"}
{"timestamp":"2026-09-26T08:44:08.581Z","level":"INFO","service":"flashsale-activity","trace_id":"","span_id":"","user_id":"","order_id":"","event_id":"","idempotency_key":"","outbox_id":"","error_code":"","logger":"o.a.catalina.core.StandardService","message":"Starting service [Tomcat]"}
{"timestamp":"2026-09-26T08:44:08.582Z","level":"INFO","service":"flashsale-activity","trace_id":"","span_id":"","user_id":"","order_id":"","event_id":"","idempotency_key":"","outbox_id":"","error_code":"","logger":"o.a.catalina.core.StandardEngine","message":"Starting Servlet engine: [Apache Tomcat/10.1.40]"}
{"timestamp":"2026-09-26T08:44:08.700Z","level":"INFO","service":"flashsale-activity","trace_id":"","span_id":"","user_id":"","order_id":"","event_id":"","idempotency_key":"","outbox_id":"","error_code":"","logger":"o.a.c.c.C.[Tomcat].[localhost].[/]","message":"Initializing Spring embedded WebApplicationContext"}
{"timestamp":"2026-09-26T08:44:08.702Z","level":"INFO","service":"flashsale-activity","trace_id":"","span_id":"","user_id":"","order_id":"","event_id":"","idempotency_key":"","outbox_id":"","error_code":"","logger":"o.s.b.w.s.c.ServletWebServerApplicationContext","message":"Root WebApplicationContext: initialization completed in 10199 ms"}
Standard Commons Logging discovery in action with spring-jcl: please remove commons-logging.jar from classpath in order to avoid potential conflicts
{"timestamp":"2026-09-26T08:44:10.956Z","level":"WARN","service":"flashsale-activity","trace_id":"","span_id":"","user_id":"","order_id":"","event_id":"","idempotency_key":"","outbox_id":"","error_code":"","logger":"o.a.s.a.d.i.g.i.ManagedChannelImpl","message":"[Channel<1>: (skywalking-oap:11800)] Failed to resolve name. status=Status{code=UNAVAILABLE, description=Unable to resolve host skywalking-oap, cause=java.lang.RuntimeException: java.net.UnknownHostException: skywalking-oap: Temporary failure in name resolution
	at org.apache.skywalking.apm.dependencies.io.grpc.internal.DnsNameResolver.resolveAddresses(DnsNameResolver.java:224)
	at org.apache.skywalking.apm.dependencies.io.grpc.internal.DnsNameResolver.doResolve(DnsNameResolver.java:283)
	at org.apache.skywalking.apm.dependencies.io.grpc.internal.DnsNameResolver$Resolve.run(DnsNameResolver.java:320)
	at java.base/java.util.concurrent.ThreadPoolExecutor.runWorker(Unknown Source)
	at java.base/java.util.concurrent.ThreadPoolExecutor$Worker.run(Unknown Source)
	at java.base/java.lang.Thread.run(Unknown Source)
Caused by: java.net.UnknownHostException: skywalking-oap: Temporary failure in name resolution
	at java.base/java.net.Inet6AddressImpl.lookupAllHostAddr(Native Method)
	at java.base/java.net.Inet6AddressImpl.lookupAllHostAddr(Unknown Source)
	at java.base/java.net.InetAddress$PlatformResolver.lookupByName(Unknown Source)
	at java.base/java.net.InetAddress.getAddressesFromNameService(Unknown Source)
	at java.base/java.net.InetAddress$NameServiceAddresses.get(Unknown Source)
	at java.base/java.net.InetAddress.getAllByName0(Unknown Source)
	at java.base/java.net.InetAddress.getAllByName(Unknown Source)
	at org.apache.skywalking.apm.dependencies.io.grpc.internal.DnsNameResolver$JdkAddressResolver.resolveAddress(DnsNameResolver.java:644)
	at org.apache.skywalking.apm.dependencies.io.grpc.internal.DnsNameResolver.resolveAddresses(DnsNameResolver.java:220)
	... 5 more
}"}
{"timestamp":"2026-09-26T08:44:14.892Z","level":"WARN","service":"flashsale-activity","trace_id":"","span_id":"","user_id":"","order_id":"","event_id":"","idempotency_key":"","outbox_id":"","error_code":"","logger":"o.a.r.s.a.RocketMQAutoConfiguration","message":"The necessary spring property 'rocketmq.name-server' is not defined, all rockertmq beans creation are skipped!"}
{"timestamp":"2026-09-26T08:44:16.071Z","level":"INFO","service":"flashsale-activity","trace_id":"","span_id":"","user_id":"","order_id":"","event_id":"","idempotency_key":"","outbox_id":"","error_code":"","logger":"o.s.b.a.e.web.EndpointLinksResolver","message":"Exposing 3 endpoints beneath base path '/actuator'"}
{"timestamp":"2026-09-26T08:44:16.155Z","level":"INFO","service":"flashsale-activity","trace_id":"","span_id":"","user_id":"","order_id":"","event_id":"","idempotency_key":"","outbox_id":"","error_code":"","logger":"c.x.job.core.executor.XxlJobExecutor","message":">>>>>>>>>>> xxl-job register jobhandler success, name:activityPreheat, jobHandler:com.xxl.job.core.handler.impl.MethodJobHandler@259089ab[class com.flashsale.activity.ActivityPreheatTask#run]"}
{"timestamp":"2026-09-26T08:44:16.158Z","level":"INFO","service":"flashsale-activity","trace_id":"","span_id":"","user_id":"","order_id":"","event_id":"","idempotency_key":"","outbox_id":"","error_code":"","logger":"c.x.job.core.executor.XxlJobExecutor","message":">>>>>>>>>>> xxl-job register jobhandler success, name:activityRecovery, jobHandler:com.xxl.job.core.handler.impl.MethodJobHandler@19e71d12[class com.flashsale.activity.ActivityRecoveryWorker$$SpringCGLIB$$0#executeDueJobs]"}
{"timestamp":"2026-09-26T08:44:16.159Z","level":"INFO","service":"flashsale-activity","trace_id":"","span_id":"","user_id":"","order_id":"","event_id":"","idempotency_key":"","outbox_id":"","error_code":"","logger":"c.x.job.core.executor.XxlJobExecutor","message":">>>>>>>>>>> xxl-job register jobhandler success, name:outboxDispatch, jobHandler:com.xxl.job.core.handler.impl.MethodJobHandler@5817073b[class com.flashsale.common.messaging.OutboxDispatchTask#runXxlJob]"}
{"timestamp":"2026-09-26T08:44:16.383Z","level":"INFO","service":"flashsale-activity","trace_id":"","span_id":"","user_id":"","order_id":"","event_id":"","idempotency_key":"","outbox_id":"","error_code":"","logger":"com.xxl.job.core.server.EmbedServer","message":">>>>>>>>>>> xxl-job remoting server start success, nettype = class com.xxl.job.core.server.EmbedServer, port = 9999"}
{"timestamp":"2026-09-26T08:44:16.533Z","level":"INFO","service":"flashsale-activity","trace_id":"","span_id":"","user_id":"","order_id":"","event_id":"","idempotency_key":"","outbox_id":"","error_code":"","logger":"o.a.coyote.http11.Http11NioProtocol","message":"Starting ProtocolHandler [\"http-nio-8080\"]"}
{"timestamp":"2026-09-26T08:44:16.632Z","level":"INFO","service":"flashsale-activity","trace_id":"","span_id":"","user_id":"","order_id":"","event_id":"","idempotency_key":"","outbox_id":"","error_code":"","logger":"o.s.b.w.e.tomcat.TomcatWebServer","message":"Tomcat started on port 8080 (http) with context path '/'"}
{"timestamp":"2026-09-26T08:44:16.734Z","level":"INFO","service":"flashsale-activity","trace_id":"","span_id":"","user_id":"","order_id":"","event_id":"","idempotency_key":"","outbox_id":"","error_code":"","logger":"c.a.n.p.a.s.c.ClientAuthPluginManager","message":"[ClientAuthPluginManager] Load ClientAuthService com.alibaba.nacos.client.auth.impl.NacosClientAuthServiceImpl success."}
{"timestamp":"2026-09-26T08:44:16.734Z","level":"INFO","service":"flashsale-activity","trace_id":"","span_id":"","user_id":"","order_id":"","event_id":"","idempotency_key":"","outbox_id":"","error_code":"","logger":"c.a.n.p.a.s.c.ClientAuthPluginManager","message":"[ClientAuthPluginManager] Load ClientAuthService com.alibaba.nacos.client.auth.ram.RamClientAuthServiceImpl success."}
{"timestamp":"2026-09-26T08:44:16.995Z","level":"INFO","service":"flashsale-activity","trace_id":"","span_id":"","user_id":"","order_id":"","event_id":"","idempotency_key":"","outbox_id":"","error_code":"","logger":"c.a.c.n.r.NacosServiceRegistry","message":"nacos registry, DEFAULT_GROUP flashsale-activity 172.20.0.12:8080 register finished"}
{"timestamp":"2026-09-26T08:44:17.056Z","level":"INFO","service":"flashsale-activity","trace_id":"","span_id":"","user_id":"","order_id":"","event_id":"","idempotency_key":"","outbox_id":"","error_code":"","logger":"c.f.activity.ActivityApplication","message":"Started ActivityApplication in 31.542 seconds (process running for 42.223)"}
{"timestamp":"2026-09-26T08:44:17.287Z","level":"INFO","service":"flashsale-activity","trace_id":"","span_id":"","user_id":"","order_id":"","event_id":"","idempotency_key":"","outbox_id":"","error_code":"","logger":"c.a.c.n.r.NacosContextRefresher","message":"[Nacos Config] Listening config: dataId=flashsale-activity.yaml, group=DEFAULT_GROUP"}
{"timestamp":"2026-09-26T08:44:25.634Z","level":"INFO","service":"flashsale-activity","trace_id":"","span_id":"","user_id":"","order_id":"","event_id":"","idempotency_key":"","outbox_id":"","error_code":"","logger":"o.a.c.c.C.[Tomcat].[localhost].[/]","message":"Initializing Spring DispatcherServlet 'dispatcherServlet'"}
{"timestamp":"2026-09-26T08:44:25.634Z","level":"INFO","service":"flashsale-activity","trace_id":"","span_id":"","user_id":"","order_id":"","event_id":"","idempotency_key":"","outbox_id":"","error_code":"","logger":"o.s.web.servlet.DispatcherServlet","message":"Initializing Servlet 'dispatcherServlet'"}
{"timestamp":"2026-09-26T08:44:25.635Z","level":"INFO","service":"flashsale-activity","trace_id":"","span_id":"","user_id":"","order_id":"","event_id":"","idempotency_key":"","outbox_id":"","error_code":"","logger":"o.s.web.servlet.DispatcherServlet","message":"Completed initialization in 1 ms"}
{"timestamp":"2026-09-26T08:44:25.735Z","level":"INFO","service":"flashsale-activity","trace_id":"80970052-f698-4d15-b92e-2391f3efb28f","span_id":"34eae1a7-ad6e-40ad-aca0-1e5670fa638d","user_id":"","order_id":"","event_id":"","idempotency_key":"","outbox_id":"","error_code":"","logger":"com.zaxxer.hikari.HikariDataSource","message":"HikariPool-1 - Starting..."}
{"timestamp":"2026-09-26T08:44:26.061Z","level":"INFO","service":"flashsale-activity","trace_id":"80970052-f698-4d15-b92e-2391f3efb28f","span_id":"34eae1a7-ad6e-40ad-aca0-1e5670fa638d","user_id":"","order_id":"","event_id":"","idempotency_key":"","outbox_id":"","error_code":"","logger":"com.zaxxer.hikari.pool.HikariPool","message":"HikariPool-1 - Added connection org.postgresql.jdbc.PgConnection@1fede9ee"}
{"timestamp":"2026-09-26T08:44:26.078Z","level":"INFO","service":"flashsale-activity","trace_id":"80970052-f698-4d15-b92e-2391f3efb28f","span_id":"34eae1a7-ad6e-40ad-aca0-1e5670fa638d","user_id":"","order_id":"","event_id":"","idempotency_key":"","outbox_id":"","error_code":"","logger":"com.zaxxer.hikari.HikariDataSource","message":"HikariPool-1 - Start completed."}
{"timestamp":"2026-09-26T08:44:30.408Z","level":"WARN","service":"flashsale-activity","trace_id":"","span_id":"","user_id":"","order_id":"","event_id":"","idempotency_key":"","outbox_id":"","error_code":"","logger":"o.a.s.a.d.i.g.i.ManagedChannelImpl","message":"[Channel<1>: (skywalking-oap:11800)] Failed to resolve name. status=Status{code=UNAVAILABLE, description=Unable to resolve host skywalking-oap, cause=java.lang.RuntimeException: java.net.UnknownHostException: skywalking-oap: Temporary failure in name resolution
	at org.apache.skywalking.apm.dependencies.io.grpc.internal.DnsNameResolver.resolveAddresses(DnsNameResolver.java:224)
	at org.apache.skywalking.apm.dependencies.io.grpc.internal.DnsNameResolver.doResolve(DnsNameResolver.java:283)
	at org.apache.skywalking.apm.dependencies.io.grpc.internal.DnsNameResolver$Resolve.run(DnsNameResolver.java:320)
	at java.base/java.util.concurrent.ThreadPoolExecutor.runWorker(Unknown Source)
	at java.base/java.util.concurrent.ThreadPoolExecutor$Worker.run(Unknown Source)
	at java.base/java.lang.Thread.run(Unknown Source)
Caused by: java.net.UnknownHostException: skywalking-oap: Temporary failure in name resolution
	at java.base/java.net.Inet6AddressImpl.lookupAllHostAddr(Native Method)
	at java.base/java.net.Inet6AddressImpl.lookupAllHostAddr(Unknown Source)
	at java.base/java.net.InetAddress$PlatformResolver.lookupByName(Unknown Source)
	at java.base/java.net.InetAddress.getAddressesFromNameService(Unknown Source)
	at java.base/java.net.InetAddress$NameServiceAddresses.get(Unknown Source)
	at java.base/java.net.InetAddress.getAllByName0(Unknown Source)
	at java.base/java.net.InetAddress.getAllByName(Unknown Source)
	at org.apache.skywalking.apm.dependencies.io.grpc.internal.DnsNameResolver$JdkAddressResolver.resolveAddress(DnsNameResolver.java:644)
	at org.apache.skywalking.apm.dependencies.io.grpc.internal.DnsNameResolver.resolveAddresses(DnsNameResolver.java:220)
	... 5 more
}"}
{"timestamp":"2026-09-26T08:44:37.180Z","level":"INFO","service":"flashsale-activity","trace_id":"","span_id":"","user_id":"","order_id":"","event_id":"","idempotency_key":"","outbox_id":"","error_code":"","logger":"c.x.job.core.executor.XxlJobExecutor","message":">>>>>>>>>>> xxl-job regist JobThread success, jobId:1, handler:com.xxl.job.core.handler.impl.MethodJobHandler@5817073b[class com.flashsale.common.messaging.OutboxDispatchTask#runXxlJob]"}
{"timestamp":"2026-09-26T08:44:52.322Z","level":"WARN","service":"flashsale-activity","trace_id":"","span_id":"","user_id":"","order_id":"","event_id":"","idempotency_key":"","outbox_id":"","error_code":"","logger":"o.a.s.a.d.i.g.i.ManagedChannelImpl","message":"[Channel<1>: (skywalking-oap:11800)] Failed to resolve name. status=Status{code=UNAVAILABLE, description=Unable to resolve host skywalking-oap, cause=java.lang.RuntimeException: java.net.UnknownHostException: skywalking-oap: Temporary failure in name resolution
	at org.apache.skywalking.apm.dependencies.io.grpc.internal.DnsNameResolver.resolveAddresses(DnsNameResolver.java:224)
	at org.apache.skywalking.apm.dependencies.io.grpc.internal.DnsNameResolver.doResolve(DnsNameResolver.java:283)
	at org.apache.skywalking.apm.dependencies.io.grpc.internal.DnsNameResolver$Resolve.run(DnsNameResolver.java:320)
	at java.base/java.util.concurrent.ThreadPoolExecutor.runWorker(Unknown Source)
	at java.base/java.util.concurrent.ThreadPoolExecutor$Worker.run(Unknown Source)
	at java.base/java.lang.Thread.run(Unknown Source)
Caused by: java.net.UnknownHostException: skywalking-oap: Temporary failure in name resolution
	at java.base/java.net.Inet6AddressImpl.lookupAllHostAddr(Native Method)
	at java.base/java.net.Inet6AddressImpl.lookupAllHostAddr(Unknown Source)
	at java.base/java.net.InetAddress$PlatformResolver.lookupByName(Unknown Source)
	at java.base/java.net.InetAddress.getAddressesFromNameService(Unknown Source)
	at java.base/java.net.InetAddress$NameServiceAddresses.get(Unknown Source)
	at java.base/java.net.InetAddress.getAllByName0(Unknown Source)
	at java.base/java.net.InetAddress.getAllByName(Unknown Source)
	at org.apache.skywalking.apm.dependencies.io.grpc.internal.DnsNameResolver$JdkAddressResolver.resolveAddress(DnsNameResolver.java:644)
	at org.apache.skywalking.apm.dependencies.io.grpc.internal.DnsNameResolver.resolveAddresses(DnsNameResolver.java:220)
	... 5 more
}"}
{"timestamp":"2026-09-26T08:45:35.636Z","level":"WARN","service":"flashsale-activity","trace_id":"","span_id":"","user_id":"","order_id":"","event_id":"","idempotency_key":"","outbox_id":"","error_code":"","logger":"o.a.s.a.d.i.g.i.ManagedChannelImpl","message":"[Channel<1>: (skywalking-oap:11800)] Failed to resolve name. status=Status{code=UNAVAILABLE, description=Unable to resolve host skywalking-oap, cause=java.lang.RuntimeException: java.net.UnknownHostException: skywalking-oap: Temporary failure in name resolution
	at org.apache.skywalking.apm.dependencies.io.grpc.internal.DnsNameResolver.resolveAddresses(DnsNameResolver.java:224)
	at org.apache.skywalking.apm.dependencies.io.grpc.internal.DnsNameResolver.doResolve(DnsNameResolver.java:283)
	at org.apache.skywalking.apm.dependencies.io.grpc.internal.DnsNameResolver$Resolve.run(DnsNameResolver.java:320)
	at java.base/java.util.concurrent.ThreadPoolExecutor.runWorker(Unknown Source)
	at java.base/java.util.concurrent.ThreadPoolExecutor$Worker.run(Unknown Source)
	at java.base/java.lang.Thread.run(Unknown Source)
Caused by: java.net.UnknownHostException: skywalking-oap: Temporary failure in name resolution
	at java.base/java.net.Inet6AddressImpl.lookupAllHostAddr(Native Method)
	at java.base/java.net.Inet6AddressImpl.lookupAllHostAddr(Unknown Source)
	at java.base/java.net.InetAddress$PlatformResolver.lookupByName(Unknown Source)
	at java.base/java.net.InetAddress.getAddressesFromNameService(Unknown Source)
	at java.base/java.net.InetAddress$NameServiceAddresses.get(Unknown Source)
	at java.base/java.net.InetAddress.getAllByName0(Unknown Source)
	at java.base/java.net.InetAddress.getAllByName(Unknown Source)
	at org.apache.skywalking.apm.dependencies.io.grpc.internal.DnsNameResolver$JdkAddressResolver.resolveAddress(DnsNameResolver.java:644)
	at org.apache.skywalking.apm.dependencies.io.grpc.internal.DnsNameResolver.resolveAddresses(DnsNameResolver.java:220)
	... 5 more
}"}
{"timestamp":"2026-09-26T08:46:41.581Z","level":"WARN","service":"flashsale-activity","trace_id":"","span_id":"","user_id":"","order_id":"","event_id":"","idempotency_key":"","outbox_id":"","error_code":"","logger":"o.a.s.a.d.i.g.i.ManagedChannelImpl","message":"[Channel<1>: (skywalking-oap:11800)] Failed to resolve name. status=Status{code=UNAVAILABLE, description=Unable to resolve host skywalking-oap, cause=java.lang.RuntimeException: java.net.UnknownHostException: skywalking-oap: Temporary failure in name resolution
	at org.apache.skywalking.apm.dependencies.io.grpc.internal.DnsNameResolver.resolveAddresses(DnsNameResolver.java:224)
	at org.apache.skywalking.apm.dependencies.io.grpc.internal.DnsNameResolver.doResolve(DnsNameResolver.java:283)
	at org.apache.skywalking.apm.dependencies.io.grpc.internal.DnsNameResolver$Resolve.run(DnsNameResolver.java:320)
	at java.base/java.util.concurrent.ThreadPoolExecutor.runWorker(Unknown Source)
	at java.base/java.util.concurrent.ThreadPoolExecutor$Worker.run(Unknown Source)
	at java.base/java.lang.Thread.run(Unknown Source)
Caused by: java.net.UnknownHostException: skywalking-oap: Temporary failure in name resolution
	at java.base/java.net.Inet6AddressImpl.lookupAllHostAddr(Native Method)
	at java.base/java.net.Inet6AddressImpl.lookupAllHostAddr(Unknown Source)
	at java.base/java.net.InetAddress$PlatformResolver.lookupByName(Unknown Source)
	at java.base/java.net.InetAddress.getAddressesFromNameService(Unknown Source)
	at java.base/java.net.InetAddress$NameServiceAddresses.get(Unknown Source)
	at java.base/java.net.InetAddress.getAllByName0(Unknown Source)
	at java.base/java.net.InetAddress.getAllByName(Unknown Source)
	at org.apache.skywalking.apm.dependencies.io.grpc.internal.DnsNameResolver$JdkAddressResolver.resolveAddress(DnsNameResolver.java:644)
	at org.apache.skywalking.apm.dependencies.io.grpc.internal.DnsNameResolver.resolveAddresses(DnsNameResolver.java:220)
	... 5 more
}"}
{"timestamp":"2026-09-26T08:48:13.332Z","level":"WARN","service":"flashsale-activity","trace_id":"","span_id":"","user_id":"","order_id":"","event_id":"","idempotency_key":"","outbox_id":"","error_code":"","logger":"o.a.s.a.d.i.g.i.ManagedChannelImpl","message":"[Channel<1>: (skywalking-oap:11800)] Failed to resolve name. status=Status{code=UNAVAILABLE, description=Unable to resolve host skywalking-oap, cause=java.lang.RuntimeException: java.net.UnknownHostException: skywalking-oap: Temporary failure in name resolution
	at org.apache.skywalking.apm.dependencies.io.grpc.internal.DnsNameResolver.resolveAddresses(DnsNameResolver.java:224)
	at org.apache.skywalking.apm.dependencies.io.grpc.internal.DnsNameResolver.doResolve(DnsNameResolver.java:283)
	at org.apache.skywalking.apm.dependencies.io.grpc.internal.DnsNameResolver$Resolve.run(DnsNameResolver.java:320)
	at java.base/java.util.concurrent.ThreadPoolExecutor.runWorker(Unknown Source)
	at java.base/java.util.concurrent.ThreadPoolExecutor$Worker.run(Unknown Source)
	at java.base/java.lang.Thread.run(Unknown Source)
Caused by: java.net.UnknownHostException: skywalking-oap: Temporary failure in name resolution
	at java.base/java.net.Inet6AddressImpl.lookupAllHostAddr(Native Method)
	at java.base/java.net.Inet6AddressImpl.lookupAllHostAddr(Unknown Source)
	at java.base/java.net.InetAddress$PlatformResolver.lookupByName(Unknown Source)
	at java.base/java.net.InetAddress.getAddressesFromNameService(Unknown Source)
	at java.base/java.net.InetAddress$NameServiceAddresses.get(Unknown Source)
	at java.base/java.net.InetAddress.getAllByName0(Unknown Source)
	at java.base/java.net.InetAddress.getAllByName(Unknown Source)
	at org.apache.skywalking.apm.dependencies.io.grpc.internal.DnsNameResolver$JdkAddressResolver.resolveAddress(DnsNameResolver.java:644)
	at org.apache.skywalking.apm.dependencies.io.grpc.internal.DnsNameResolver.resolveAddresses(DnsNameResolver.java:220)
	... 5 more
}"}
{"timestamp":"2026-09-26T08:50:05.049Z","level":"WARN","service":"flashsale-activity","trace_id":"","span_id":"","user_id":"","order_id":"","event_id":"","idempotency_key":"","outbox_id":"","error_code":"","logger":"o.a.s.a.d.i.g.i.ManagedChannelImpl","message":"[Channel<1>: (skywalking-oap:11800)] Failed to resolve name. status=Status{code=UNAVAILABLE, description=Unable to resolve host skywalking-oap, cause=java.lang.RuntimeException: java.net.UnknownHostException: skywalking-oap: Temporary failure in name resolution
	at org.apache.skywalking.apm.dependencies.io.grpc.internal.DnsNameResolver.resolveAddresses(DnsNameResolver.java:224)
	at org.apache.skywalking.apm.dependencies.io.grpc.internal.DnsNameResolver.doResolve(DnsNameResolver.java:283)
	at org.apache.skywalking.apm.dependencies.io.grpc.internal.DnsNameResolver$Resolve.run(DnsNameResolver.java:320)
	at java.base/java.util.concurrent.ThreadPoolExecutor.runWorker(Unknown Source)
	at java.base/java.util.concurrent.ThreadPoolExecutor$Worker.run(Unknown Source)
	at java.base/java.lang.Thread.run(Unknown Source)
Caused by: java.net.UnknownHostException: skywalking-oap: Temporary failure in name resolution
	at java.base/java.net.Inet6AddressImpl.lookupAllHostAddr(Native Method)
	at java.base/java.net.Inet6AddressImpl.lookupAllHostAddr(Unknown Source)
	at java.base/java.net.InetAddress$PlatformResolver.lookupByName(Unknown Source)
	at java.base/java.net.InetAddress.getAddressesFromNameService(Unknown Source)
	at java.base/java.net.InetAddress$NameServiceAddresses.get(Unknown Source)
	at java.base/java.net.InetAddress.getAllByName0(Unknown Source)
	at java.base/java.net.InetAddress.getAllByName(Unknown Source)
	at org.apache.skywalking.apm.dependencies.io.grpc.internal.DnsNameResolver$JdkAddressResolver.resolveAddress(DnsNameResolver.java:644)
	at org.apache.skywalking.apm.dependencies.io.grpc.internal.DnsNameResolver.resolveAddresses(DnsNameResolver.java:220)
	... 5 more
}"}
{"timestamp":"2026-09-26T08:52:00.561Z","level":"WARN","service":"flashsale-activity","trace_id":"","span_id":"","user_id":"","order_id":"","event_id":"","idempotency_key":"","outbox_id":"","error_code":"","logger":"o.a.s.a.d.i.g.i.ManagedChannelImpl","message":"[Channel<1>: (skywalking-oap:11800)] Failed to resolve name. status=Status{code=UNAVAILABLE, description=Unable to resolve host skywalking-oap, cause=java.lang.RuntimeException: java.net.UnknownHostException: skywalking-oap: Temporary failure in name resolution
	at org.apache.skywalking.apm.dependencies.io.grpc.internal.DnsNameResolver.resolveAddresses(DnsNameResolver.java:224)
	at org.apache.skywalking.apm.dependencies.io.grpc.internal.DnsNameResolver.doResolve(DnsNameResolver.java:283)
	at org.apache.skywalking.apm.dependencies.io.grpc.internal.DnsNameResolver$Resolve.run(DnsNameResolver.java:320)
	at java.base/java.util.concurrent.ThreadPoolExecutor.runWorker(Unknown Source)
	at java.base/java.util.concurrent.ThreadPoolExecutor$Worker.run(Unknown Source)
	at java.base/java.lang.Thread.run(Unknown Source)
Caused by: java.net.UnknownHostException: skywalking-oap: Temporary failure in name resolution
	at java.base/java.net.Inet6AddressImpl.lookupAllHostAddr(Native Method)
	at java.base/java.net.Inet6AddressImpl.lookupAllHostAddr(Unknown Source)
	at java.base/java.net.InetAddress$PlatformResolver.lookupByName(Unknown Source)
	at java.base/java.net.InetAddress.getAddressesFromNameService(Unknown Source)
	at java.base/java.net.InetAddress$NameServiceAddresses.get(Unknown Source)
	at java.base/java.net.InetAddress.getAllByName0(Unknown Source)
	at java.base/java.net.InetAddress.getAllByName(Unknown Source)
	at org.apache.skywalking.apm.dependencies.io.grpc.internal.DnsNameResolver$JdkAddressResolver.resolveAddress(DnsNameResolver.java:644)
	at org.apache.skywalking.apm.dependencies.io.grpc.internal.DnsNameResolver.resolveAddresses(DnsNameResolver.java:220)
	... 5 more
}"}
{"timestamp":"2026-09-26T08:53:47.503Z","level":"WARN","service":"flashsale-activity","trace_id":"","span_id":"","user_id":"","order_id":"","event_id":"","idempotency_key":"","outbox_id":"","error_code":"","logger":"o.a.s.a.d.i.g.i.ManagedChannelImpl","message":"[Channel<1>: (skywalking-oap:11800)] Failed to resolve name. status=Status{code=UNAVAILABLE, description=Unable to resolve host skywalking-oap, cause=java.lang.RuntimeException: java.net.UnknownHostException: skywalking-oap: Temporary failure in name resolution
	at org.apache.skywalking.apm.dependencies.io.grpc.internal.DnsNameResolver.resolveAddresses(DnsNameResolver.java:224)
	at org.apache.skywalking.apm.dependencies.io.grpc.internal.DnsNameResolver.doResolve(DnsNameResolver.java:283)
	at org.apache.skywalking.apm.dependencies.io.grpc.internal.DnsNameResolver$Resolve.run(DnsNameResolver.java:320)
	at java.base/java.util.concurrent.ThreadPoolExecutor.runWorker(Unknown Source)
	at java.base/java.util.concurrent.ThreadPoolExecutor$Worker.run(Unknown Source)
	at java.base/java.lang.Thread.run(Unknown Source)
Caused by: java.net.UnknownHostException: skywalking-oap: Temporary failure in name resolution
	at java.base/java.net.Inet6AddressImpl.lookupAllHostAddr(Native Method)
	at java.base/java.net.Inet6AddressImpl.lookupAllHostAddr(Unknown Source)
	at java.base/java.net.InetAddress$PlatformResolver.lookupByName(Unknown Source)
	at java.base/java.net.InetAddress.getAddressesFromNameService(Unknown Source)
	at java.base/java.net.InetAddress$NameServiceAddresses.get(Unknown Source)
	at java.base/java.net.InetAddress.getAllByName0(Unknown Source)
	at java.base/java.net.InetAddress.getAllByName(Unknown Source)
	at org.apache.skywalking.apm.dependencies.io.grpc.internal.DnsNameResolver$JdkAddressResolver.resolveAddress(DnsNameResolver.java:644)
	at org.apache.skywalking.apm.dependencies.io.grpc.internal.DnsNameResolver.resolveAddresses(DnsNameResolver.java:220)
	... 5 more
}"}
{"timestamp":"2026-09-26T08:55:52.924Z","level":"WARN","service":"flashsale-activity","trace_id":"","span_id":"","user_id":"","order_id":"","event_id":"","idempotency_key":"","outbox_id":"","error_code":"","logger":"o.a.s.a.d.i.g.i.ManagedChannelImpl","message":"[Channel<1>: (skywalking-oap:11800)] Failed to resolve name. status=Status{code=UNAVAILABLE, description=Unable to resolve host skywalking-oap, cause=java.lang.RuntimeException: java.net.UnknownHostException: skywalking-oap: Temporary failure in name resolution
	at org.apache.skywalking.apm.dependencies.io.grpc.internal.DnsNameResolver.resolveAddresses(DnsNameResolver.java:224)
	at org.apache.skywalking.apm.dependencies.io.grpc.internal.DnsNameResolver.doResolve(DnsNameResolver.java:283)
	at org.apache.skywalking.apm.dependencies.io.grpc.internal.DnsNameResolver$Resolve.run(DnsNameResolver.java:320)
	at java.base/java.util.concurrent.ThreadPoolExecutor.runWorker(Unknown Source)
	at java.base/java.util.concurrent.ThreadPoolExecutor$Worker.run(Unknown Source)
	at java.base/java.lang.Thread.run(Unknown Source)
Caused by: java.net.UnknownHostException: skywalking-oap: Temporary failure in name resolution
	at java.base/java.net.Inet6AddressImpl.lookupAllHostAddr(Native Method)
	at java.base/java.net.Inet6AddressImpl.lookupAllHostAddr(Unknown Source)
	at java.base/java.net.InetAddress$PlatformResolver.lookupByName(Unknown Source)
	at java.base/java.net.InetAddress.getAddressesFromNameService(Unknown Source)
	at java.base/java.net.InetAddress$NameServiceAddresses.get(Unknown Source)
	at java.base/java.net.InetAddress.getAllByName0(Unknown Source)
	at java.base/java.net.InetAddress.getAllByName(Unknown Source)
	at org.apache.skywalking.apm.dependencies.io.grpc.internal.DnsNameResolver$JdkAddressResolver.resolveAddress(DnsNameResolver.java:644)
	at org.apache.skywalking.apm.dependencies.io.grpc.internal.DnsNameResolver.resolveAddresses(DnsNameResolver.java:220)
	... 5 more
}"}
{"timestamp":"2026-09-26T08:58:02.262Z","level":"WARN","service":"flashsale-activity","trace_id":"","span_id":"","user_id":"","order_id":"","event_id":"","idempotency_key":"","outbox_id":"","error_code":"","logger":"o.a.s.a.d.i.g.i.ManagedChannelImpl","message":"[Channel<1>: (skywalking-oap:11800)] Failed to resolve name. status=Status{code=UNAVAILABLE, description=Unable to resolve host skywalking-oap, cause=java.lang.RuntimeException: java.net.UnknownHostException: skywalking-oap: Temporary failure in name resolution
	at org.apache.skywalking.apm.dependencies.io.grpc.internal.DnsNameResolver.resolveAddresses(DnsNameResolver.java:224)
	at org.apache.skywalking.apm.dependencies.io.grpc.internal.DnsNameResolver.doResolve(DnsNameResolver.java:283)
	at org.apache.skywalking.apm.dependencies.io.grpc.internal.DnsNameResolver$Resolve.run(DnsNameResolver.java:320)
	at java.base/java.util.concurrent.ThreadPoolExecutor.runWorker(Unknown Source)
	at java.base/java.util.concurrent.ThreadPoolExecutor$Worker.run(Unknown Source)
	at java.base/java.lang.Thread.run(Unknown Source)
Caused by: java.net.UnknownHostException: skywalking-oap: Temporary failure in name resolution
	at java.base/java.net.Inet6AddressImpl.lookupAllHostAddr(Native Method)
	at java.base/java.net.Inet6AddressImpl.lookupAllHostAddr(Unknown Source)
	at java.base/java.net.InetAddress$PlatformResolver.lookupByName(Unknown Source)
	at java.base/java.net.InetAddress.getAddressesFromNameService(Unknown Source)
	at java.base/java.net.InetAddress$NameServiceAddresses.get(Unknown Source)
	at java.base/java.net.InetAddress.getAllByName0(Unknown Source)
	at java.base/java.net.InetAddress.getAllByName(Unknown Source)
	at org.apache.skywalking.apm.dependencies.io.grpc.internal.DnsNameResolver$JdkAddressResolver.resolveAddress(DnsNameResolver.java:644)
	at org.apache.skywalking.apm.dependencies.io.grpc.internal.DnsNameResolver.resolveAddresses(DnsNameResolver.java:220)
	... 5 more
}"}
{"timestamp":"2026-09-26T08:59:47.945Z","level":"WARN","service":"flashsale-activity","trace_id":"","span_id":"","user_id":"","order_id":"","event_id":"","idempotency_key":"","outbox_id":"","error_code":"","logger":"o.a.s.a.d.i.g.i.ManagedChannelImpl","message":"[Channel<1>: (skywalking-oap:11800)] Failed to resolve name. status=Status{code=UNAVAILABLE, description=Unable to resolve host skywalking-oap, cause=java.lang.RuntimeException: java.net.UnknownHostException: skywalking-oap: Temporary failure in name resolution
	at org.apache.skywalking.apm.dependencies.io.grpc.internal.DnsNameResolver.resolveAddresses(DnsNameResolver.java:224)
	at org.apache.skywalking.apm.dependencies.io.grpc.internal.DnsNameResolver.doResolve(DnsNameResolver.java:283)
	at org.apache.skywalking.apm.dependencies.io.grpc.internal.DnsNameResolver$Resolve.run(DnsNameResolver.java:320)
	at java.base/java.util.concurrent.ThreadPoolExecutor.runWorker(Unknown Source)
	at java.base/java.util.concurrent.ThreadPoolExecutor$Worker.run(Unknown Source)
	at java.base/java.lang.Thread.run(Unknown Source)
Caused by: java.net.UnknownHostException: skywalking-oap: Temporary failure in name resolution
	at java.base/java.net.Inet6AddressImpl.lookupAllHostAddr(Native Method)
	at java.base/java.net.Inet6AddressImpl.lookupAllHostAddr(Unknown Source)
	at java.base/java.net.InetAddress$PlatformResolver.lookupByName(Unknown Source)
	at java.base/java.net.InetAddress.getAddressesFromNameService(Unknown Source)
	at java.base/java.net.InetAddress$NameServiceAddresses.get(Unknown Source)
	at java.base/java.net.InetAddress.getAllByName0(Unknown Source)
	at java.base/java.net.InetAddress.getAllByName(Unknown Source)
	at org.apache.skywalking.apm.dependencies.io.grpc.internal.DnsNameResolver$JdkAddressResolver.resolveAddress(DnsNameResolver.java:644)
	at org.apache.skywalking.apm.dependencies.io.grpc.internal.DnsNameResolver.resolveAddresses(DnsNameResolver.java:220)
	... 5 more
}"}
{"timestamp":"2026-09-26T09:01:59.840Z","level":"WARN","service":"flashsale-activity","trace_id":"","span_id":"","user_id":"","order_id":"","event_id":"","idempotency_key":"","outbox_id":"","error_code":"","logger":"o.a.s.a.d.i.g.i.ManagedChannelImpl","message":"[Channel<1>: (skywalking-oap:11800)] Failed to resolve name. status=Status{code=UNAVAILABLE, description=Unable to resolve host skywalking-oap, cause=java.lang.RuntimeException: java.net.UnknownHostException: skywalking-oap: Temporary failure in name resolution
	at org.apache.skywalking.apm.dependencies.io.grpc.internal.DnsNameResolver.resolveAddresses(DnsNameResolver.java:224)
	at org.apache.skywalking.apm.dependencies.io.grpc.internal.DnsNameResolver.doResolve(DnsNameResolver.java:283)
	at org.apache.skywalking.apm.dependencies.io.grpc.internal.DnsNameResolver$Resolve.run(DnsNameResolver.java:320)
	at java.base/java.util.concurrent.ThreadPoolExecutor.runWorker(Unknown Source)
	at java.base/java.util.concurrent.ThreadPoolExecutor$Worker.run(Unknown Source)
	at java.base/java.lang.Thread.run(Unknown Source)
Caused by: java.net.UnknownHostException: skywalking-oap: Temporary failure in name resolution
	at java.base/java.net.Inet6AddressImpl.lookupAllHostAddr(Native Method)
	at java.base/java.net.Inet6AddressImpl.lookupAllHostAddr(Unknown Source)
	at java.base/java.net.InetAddress$PlatformResolver.lookupByName(Unknown Source)
	at java.base/java.net.InetAddress.getAddressesFromNameService(Unknown Source)
	at java.base/java.net.InetAddress$NameServiceAddresses.get(Unknown Source)
	at java.base/java.net.InetAddress.getAllByName0(Unknown Source)
	at java.base/java.net.InetAddress.getAllByName(Unknown Source)
	at org.apache.skywalking.apm.dependencies.io.grpc.internal.DnsNameResolver$JdkAddressResolver.resolveAddress(DnsNameResolver.java:644)
	at org.apache.skywalking.apm.dependencies.io.grpc.internal.DnsNameResolver.resolveAddresses(DnsNameResolver.java:220)
	... 5 more
}"}
{"timestamp":"2026-09-26T09:04:13.578Z","level":"WARN","service":"flashsale-activity","trace_id":"","span_id":"","user_id":"","order_id":"","event_id":"","idempotency_key":"","outbox_id":"","error_code":"","logger":"o.a.s.a.d.i.g.i.ManagedChannelImpl","message":"[Channel<1>: (skywalking-oap:11800)] Failed to resolve name. status=Status{code=UNAVAILABLE, description=Unable to resolve host skywalking-oap, cause=java.lang.RuntimeException: java.net.UnknownHostException: skywalking-oap: Temporary failure in name resolution
	at org.apache.skywalking.apm.dependencies.io.grpc.internal.DnsNameResolver.resolveAddresses(DnsNameResolver.java:224)
	at org.apache.skywalking.apm.dependencies.io.grpc.internal.DnsNameResolver.doResolve(DnsNameResolver.java:283)
	at org.apache.skywalking.apm.dependencies.io.grpc.internal.DnsNameResolver$Resolve.run(DnsNameResolver.java:320)
	at java.base/java.util.concurrent.ThreadPoolExecutor.runWorker(Unknown Source)
	at java.base/java.util.concurrent.ThreadPoolExecutor$Worker.run(Unknown Source)
	at java.base/java.lang.Thread.run(Unknown Source)
Caused by: java.net.UnknownHostException: skywalking-oap: Temporary failure in name resolution
	at java.base/java.net.Inet6AddressImpl.lookupAllHostAddr(Native Method)
	at java.base/java.net.Inet6AddressImpl.lookupAllHostAddr(Unknown Source)
	at java.base/java.net.InetAddress$PlatformResolver.lookupByName(Unknown Source)
	at java.base/java.net.InetAddress.getAddressesFromNameService(Unknown Source)
	at java.base/java.net.InetAddress$NameServiceAddresses.get(Unknown Source)
	at java.base/java.net.InetAddress.getAllByName0(Unknown Source)
	at java.base/java.net.InetAddress.getAllByName(Unknown Source)
	at org.apache.skywalking.apm.dependencies.io.grpc.internal.DnsNameResolver$JdkAddressResolver.resolveAddress(DnsNameResolver.java:644)
	at org.apache.skywalking.apm.dependencies.io.grpc.internal.DnsNameResolver.resolveAddresses(DnsNameResolver.java:220)
	... 5 more
}"}
{"timestamp":"2026-09-26T09:06:02.741Z","level":"WARN","service":"flashsale-activity","trace_id":"","span_id":"","user_id":"","order_id":"","event_id":"","idempotency_key":"","outbox_id":"","error_code":"","logger":"o.a.s.a.d.i.g.i.ManagedChannelImpl","message":"[Channel<1>: (skywalking-oap:11800)] Failed to resolve name. status=Status{code=UNAVAILABLE, description=Unable to resolve host skywalking-oap, cause=java.lang.RuntimeException: java.net.UnknownHostException: skywalking-oap: Temporary failure in name resolution
	at org.apache.skywalking.apm.dependencies.io.grpc.internal.DnsNameResolver.resolveAddresses(DnsNameResolver.java:224)
	at org.apache.skywalking.apm.dependencies.io.grpc.internal.DnsNameResolver.doResolve(DnsNameResolver.java:283)
	at org.apache.skywalking.apm.dependencies.io.grpc.internal.DnsNameResolver$Resolve.run(DnsNameResolver.java:320)
	at java.base/java.util.concurrent.ThreadPoolExecutor.runWorker(Unknown Source)
	at java.base/java.util.concurrent.ThreadPoolExecutor$Worker.run(Unknown Source)
	at java.base/java.lang.Thread.run(Unknown Source)
Caused by: java.net.UnknownHostException: skywalking-oap: Temporary failure in name resolution
	at java.base/java.net.Inet6AddressImpl.lookupAllHostAddr(Native Method)
	at java.base/java.net.Inet6AddressImpl.lookupAllHostAddr(Unknown Source)
	at java.base/java.net.InetAddress$PlatformResolver.lookupByName(Unknown Source)
	at java.base/java.net.InetAddress.getAddressesFromNameService(Unknown Source)
	at java.base/java.net.InetAddress$NameServiceAddresses.get(Unknown Source)
	at java.base/java.net.InetAddress.getAllByName0(Unknown Source)
	at java.base/java.net.InetAddress.getAllByName(Unknown Source)
	at org.apache.skywalking.apm.dependencies.io.grpc.internal.DnsNameResolver$JdkAddressResolver.resolveAddress(DnsNameResolver.java:644)
	at org.apache.skywalking.apm.dependencies.io.grpc.internal.DnsNameResolver.resolveAddresses(DnsNameResolver.java:220)
	... 5 more
}"}
{"timestamp":"2026-09-26T09:08:06.749Z","level":"WARN","service":"flashsale-activity","trace_id":"","span_id":"","user_id":"","order_id":"","event_id":"","idempotency_key":"","outbox_id":"","error_code":"","logger":"o.a.s.a.d.i.g.i.ManagedChannelImpl","message":"[Channel<1>: (skywalking-oap:11800)] Failed to resolve name. status=Status{code=UNAVAILABLE, description=Unable to resolve host skywalking-oap, cause=java.lang.RuntimeException: java.net.UnknownHostException: skywalking-oap: Temporary failure in name resolution
	at org.apache.skywalking.apm.dependencies.io.grpc.internal.DnsNameResolver.resolveAddresses(DnsNameResolver.java:224)
	at org.apache.skywalking.apm.dependencies.io.grpc.internal.DnsNameResolver.doResolve(DnsNameResolver.java:283)
	at org.apache.skywalking.apm.dependencies.io.grpc.internal.DnsNameResolver$Resolve.run(DnsNameResolver.java:320)
	at java.base/java.util.concurrent.ThreadPoolExecutor.runWorker(Unknown Source)
	at java.base/java.util.concurrent.ThreadPoolExecutor$Worker.run(Unknown Source)
	at java.base/java.lang.Thread.run(Unknown Source)
Caused by: java.net.UnknownHostException: skywalking-oap: Temporary failure in name resolution
	at java.base/java.net.Inet6AddressImpl.lookupAllHostAddr(Native Method)
	at java.base/java.net.Inet6AddressImpl.lookupAllHostAddr(Unknown Source)
	at java.base/java.net.InetAddress$PlatformResolver.lookupByName(Unknown Source)
	at java.base/java.net.InetAddress.getAddressesFromNameService(Unknown Source)
	at java.base/java.net.InetAddress$NameServiceAddresses.get(Unknown Source)
	at java.base/java.net.InetAddress.getAllByName0(Unknown Source)
	at java.base/java.net.InetAddress.getAllByName(Unknown Source)
	at org.apache.skywalking.apm.dependencies.io.grpc.internal.DnsNameResolver$JdkAddressResolver.resolveAddress(DnsNameResolver.java:644)
	at org.apache.skywalking.apm.dependencies.io.grpc.internal.DnsNameResolver.resolveAddresses(DnsNameResolver.java:220)
	... 5 more
}"}
{"timestamp":"2026-09-26T09:09:56.116Z","level":"WARN","service":"flashsale-activity","trace_id":"","span_id":"","user_id":"","order_id":"","event_id":"","idempotency_key":"","outbox_id":"","error_code":"","logger":"o.a.s.a.d.i.g.i.ManagedChannelImpl","message":"[Channel<1>: (skywalking-oap:11800)] Failed to resolve name. status=Status{code=UNAVAILABLE, description=Unable to resolve host skywalking-oap, cause=java.lang.RuntimeException: java.net.UnknownHostException: skywalking-oap: Temporary failure in name resolution
	at org.apache.skywalking.apm.dependencies.io.grpc.internal.DnsNameResolver.resolveAddresses(DnsNameResolver.java:224)
	at org.apache.skywalking.apm.dependencies.io.grpc.internal.DnsNameResolver.doResolve(DnsNameResolver.java:283)
	at org.apache.skywalking.apm.dependencies.io.grpc.internal.DnsNameResolver$Resolve.run(DnsNameResolver.java:320)
	at java.base/java.util.concurrent.ThreadPoolExecutor.runWorker(Unknown Source)
	at java.base/java.util.concurrent.ThreadPoolExecutor$Worker.run(Unknown Source)
	at java.base/java.lang.Thread.run(Unknown Source)
Caused by: java.net.UnknownHostException: skywalking-oap: Temporary failure in name resolution
	at java.base/java.net.Inet6AddressImpl.lookupAllHostAddr(Native Method)
	at java.base/java.net.Inet6AddressImpl.lookupAllHostAddr(Unknown Source)
	at java.base/java.net.InetAddress$PlatformResolver.lookupByName(Unknown Source)
	at java.base/java.net.InetAddress.getAddressesFromNameService(Unknown Source)
	at java.base/java.net.InetAddress$NameServiceAddresses.get(Unknown Source)
	at java.base/java.net.InetAddress.getAllByName0(Unknown Source)
	at java.base/java.net.InetAddress.getAllByName(Unknown Source)
	at org.apache.skywalking.apm.dependencies.io.grpc.internal.DnsNameResolver$JdkAddressResolver.resolveAddress(DnsNameResolver.java:644)
	at org.apache.skywalking.apm.dependencies.io.grpc.internal.DnsNameResolver.resolveAddresses(DnsNameResolver.java:220)
	... 5 more
}"}
{"timestamp":"2026-09-26T09:12:18.762Z","level":"WARN","service":"flashsale-activity","trace_id":"","span_id":"","user_id":"","order_id":"","event_id":"","idempotency_key":"","outbox_id":"","error_code":"","logger":"o.a.s.a.d.i.g.i.ManagedChannelImpl","message":"[Channel<1>: (skywalking-oap:11800)] Failed to resolve name. status=Status{code=UNAVAILABLE, description=Unable to resolve host skywalking-oap, cause=java.lang.RuntimeException: java.net.UnknownHostException: skywalking-oap: Temporary failure in name resolution
	at org.apache.skywalking.apm.dependencies.io.grpc.internal.DnsNameResolver.resolveAddresses(DnsNameResolver.java:224)
	at org.apache.skywalking.apm.dependencies.io.grpc.internal.DnsNameResolver.doResolve(DnsNameResolver.java:283)
	at org.apache.skywalking.apm.dependencies.io.grpc.internal.DnsNameResolver$Resolve.run(DnsNameResolver.java:320)
	at java.base/java.util.concurrent.ThreadPoolExecutor.runWorker(Unknown Source)
	at java.base/java.util.concurrent.ThreadPoolExecutor$Worker.run(Unknown Source)
	at java.base/java.lang.Thread.run(Unknown Source)
Caused by: java.net.UnknownHostException: skywalking-oap: Temporary failure in name resolution
	at java.base/java.net.Inet6AddressImpl.lookupAllHostAddr(Native Method)
	at java.base/java.net.Inet6AddressImpl.lookupAllHostAddr(Unknown Source)
	at java.base/java.net.InetAddress$PlatformResolver.lookupByName(Unknown Source)
	at java.base/java.net.InetAddress.getAddressesFromNameService(Unknown Source)
	at java.base/java.net.InetAddress$NameServiceAddresses.get(Unknown Source)
	at java.base/java.net.InetAddress.getAllByName0(Unknown Source)
	at java.base/java.net.InetAddress.getAllByName(Unknown Source)
	at org.apache.skywalking.apm.dependencies.io.grpc.internal.DnsNameResolver$JdkAddressResolver.resolveAddress(DnsNameResolver.java:644)
	at org.apache.skywalking.apm.dependencies.io.grpc.internal.DnsNameResolver.resolveAddresses(DnsNameResolver.java:220)
	... 5 more
}"}
{"timestamp":"2026-09-26T09:14:10.994Z","level":"WARN","service":"flashsale-activity","trace_id":"","span_id":"","user_id":"","order_id":"","event_id":"","idempotency_key":"","outbox_id":"","error_code":"","logger":"o.a.s.a.d.i.g.i.ManagedChannelImpl","message":"[Channel<1>: (skywalking-oap:11800)] Failed to resolve name. status=Status{code=UNAVAILABLE, description=Unable to resolve host skywalking-oap, cause=java.lang.RuntimeException: java.net.UnknownHostException: skywalking-oap: Temporary failure in name resolution
	at org.apache.skywalking.apm.dependencies.io.grpc.internal.DnsNameResolver.resolveAddresses(DnsNameResolver.java:224)
	at org.apache.skywalking.apm.dependencies.io.grpc.internal.DnsNameResolver.doResolve(DnsNameResolver.java:283)
	at org.apache.skywalking.apm.dependencies.io.grpc.internal.DnsNameResolver$Resolve.run(DnsNameResolver.java:320)
	at java.base/java.util.concurrent.ThreadPoolExecutor.runWorker(Unknown Source)
	at java.base/java.util.concurrent.ThreadPoolExecutor$Worker.run(Unknown Source)
	at java.base/java.lang.Thread.run(Unknown Source)
Caused by: java.net.UnknownHostException: skywalking-oap: Temporary failure in name resolution
	at java.base/java.net.Inet6AddressImpl.lookupAllHostAddr(Native Method)
	at java.base/java.net.Inet6AddressImpl.lookupAllHostAddr(Unknown Source)
	at java.base/java.net.InetAddress$PlatformResolver.lookupByName(Unknown Source)
	at java.base/java.net.InetAddress.getAddressesFromNameService(Unknown Source)
	at java.base/java.net.InetAddress$NameServiceAddresses.get(Unknown Source)
	at java.base/java.net.InetAddress.getAllByName0(Unknown Source)
	at java.base/java.net.InetAddress.getAllByName(Unknown Source)
	at org.apache.skywalking.apm.dependencies.io.grpc.internal.DnsNameResolver$JdkAddressResolver.resolveAddress(DnsNameResolver.java:644)
	at org.apache.skywalking.apm.dependencies.io.grpc.internal.DnsNameResolver.resolveAddresses(DnsNameResolver.java:220)
	... 5 more
}"}
{"timestamp":"2026-09-26T09:14:12.150Z","level":"WARN","service":"flashsale-activity","trace_id":"","span_id":"","user_id":"","order_id":"","event_id":"","idempotency_key":"","outbox_id":"","error_code":"","logger":"o.a.s.a.d.i.g.i.ManagedChannelImpl","message":"[Channel<1>: (skywalking-oap:11800)] Failed to resolve name. status=Status{code=UNAVAILABLE, description=Unable to resolve host skywalking-oap, cause=java.lang.RuntimeException: java.net.UnknownHostException: skywalking-oap
	at org.apache.skywalking.apm.dependencies.io.grpc.internal.DnsNameResolver.resolveAddresses(DnsNameResolver.java:224)
	at org.apache.skywalking.apm.dependencies.io.grpc.internal.DnsNameResolver.doResolve(DnsNameResolver.java:283)
	at org.apache.skywalking.apm.dependencies.io.grpc.internal.DnsNameResolver$Resolve.run(DnsNameResolver.java:320)
	at java.base/java.util.concurrent.ThreadPoolExecutor.runWorker(Unknown Source)
	at java.base/java.util.concurrent.ThreadPoolExecutor$Worker.run(Unknown Source)
	at java.base/java.lang.Thread.run(Unknown Source)
Caused by: java.net.UnknownHostException: skywalking-oap
	at java.base/java.net.InetAddress$CachedLookup.get(Unknown Source)
	at java.base/java.net.InetAddress.getAllByName0(Unknown Source)
	at java.base/java.net.InetAddress.getAllByName(Unknown Source)
	at org.apache.skywalking.apm.dependencies.io.grpc.internal.DnsNameResolver$JdkAddressResolver.resolveAddress(DnsNameResolver.java:644)
	at org.apache.skywalking.apm.dependencies.io.grpc.internal.DnsNameResolver.resolveAddresses(DnsNameResolver.java:220)
	... 5 more
}"}
{"timestamp":"2026-09-26T09:14:13.477Z","level":"WARN","service":"flashsale-activity","trace_id":"","span_id":"","user_id":"","order_id":"","event_id":"","idempotency_key":"","outbox_id":"","error_code":"","logger":"o.a.s.a.d.i.g.i.ManagedChannelImpl","message":"[Channel<1>: (skywalking-oap:11800)] Failed to resolve name. status=Status{code=UNAVAILABLE, description=Unable to resolve host skywalking-oap, cause=java.lang.RuntimeException: java.net.UnknownHostException: skywalking-oap
	at org.apache.skywalking.apm.dependencies.io.grpc.internal.DnsNameResolver.resolveAddresses(DnsNameResolver.java:224)
	at org.apache.skywalking.apm.dependencies.io.grpc.internal.DnsNameResolver.doResolve(DnsNameResolver.java:283)
	at org.apache.skywalking.apm.dependencies.io.grpc.internal.DnsNameResolver$Resolve.run(DnsNameResolver.java:320)
	at java.base/java.util.concurrent.ThreadPoolExecutor.runWorker(Unknown Source)
	at java.base/java.util.concurrent.ThreadPoolExecutor$Worker.run(Unknown Source)
	at java.base/java.lang.Thread.run(Unknown Source)
Caused by: java.net.UnknownHostException: skywalking-oap
	at java.base/java.net.InetAddress$CachedLookup.get(Unknown Source)
	at java.base/java.net.InetAddress.getAllByName0(Unknown Source)
	at java.base/java.net.InetAddress.getAllByName(Unknown Source)
	at org.apache.skywalking.apm.dependencies.io.grpc.internal.DnsNameResolver$JdkAddressResolver.resolveAddress(DnsNameResolver.java:644)
	at org.apache.skywalking.apm.dependencies.io.grpc.internal.DnsNameResolver.resolveAddresses(DnsNameResolver.java:220)
	... 5 more
}"}
{"timestamp":"2026-09-26T09:14:15.691Z","level":"WARN","service":"flashsale-activity","trace_id":"","span_id":"","user_id":"","order_id":"","event_id":"","idempotency_key":"","outbox_id":"","error_code":"","logger":"o.a.s.a.d.i.g.i.ManagedChannelImpl","message":"[Channel<1>: (skywalking-oap:11800)] Failed to resolve name. status=Status{code=UNAVAILABLE, description=Unable to resolve host skywalking-oap, cause=java.lang.RuntimeException: java.net.UnknownHostException: skywalking-oap
	at org.apache.skywalking.apm.dependencies.io.grpc.internal.DnsNameResolver.resolveAddresses(DnsNameResolver.java:224)
	at org.apache.skywalking.apm.dependencies.io.grpc.internal.DnsNameResolver.doResolve(DnsNameResolver.java:283)
	at org.apache.skywalking.apm.dependencies.io.grpc.internal.DnsNameResolver$Resolve.run(DnsNameResolver.java:320)
	at java.base/java.util.concurrent.ThreadPoolExecutor.runWorker(Unknown Source)
	at java.base/java.util.concurrent.ThreadPoolExecutor$Worker.run(Unknown Source)
	at java.base/java.lang.Thread.run(Unknown Source)
Caused by: java.net.UnknownHostException: skywalking-oap
	at java.base/java.net.InetAddress$CachedLookup.get(Unknown Source)
	at java.base/java.net.InetAddress.getAllByName0(Unknown Source)
	at java.base/java.net.InetAddress.getAllByName(Unknown Source)
	at org.apache.skywalking.apm.dependencies.io.grpc.internal.DnsNameResolver$JdkAddressResolver.resolveAddress(DnsNameResolver.java:644)
	at org.apache.skywalking.apm.dependencies.io.grpc.internal.DnsNameResolver.resolveAddresses(DnsNameResolver.java:220)
	... 5 more
}"}
{"timestamp":"2026-09-26T09:14:19.028Z","level":"WARN","service":"flashsale-activity","trace_id":"","span_id":"","user_id":"","order_id":"","event_id":"","idempotency_key":"","outbox_id":"","error_code":"","logger":"o.a.s.a.d.i.g.i.ManagedChannelImpl","message":"[Channel<1>: (skywalking-oap:11800)] Failed to resolve name. status=Status{code=UNAVAILABLE, description=Unable to resolve host skywalking-oap, cause=java.lang.RuntimeException: java.net.UnknownHostException: skywalking-oap
	at org.apache.skywalking.apm.dependencies.io.grpc.internal.DnsNameResolver.resolveAddresses(DnsNameResolver.java:224)
	at org.apache.skywalking.apm.dependencies.io.grpc.internal.DnsNameResolver.doResolve(DnsNameResolver.java:283)
	at org.apache.skywalking.apm.dependencies.io.grpc.internal.DnsNameResolver$Resolve.run(DnsNameResolver.java:320)
	at java.base/java.util.concurrent.ThreadPoolExecutor.runWorker(Unknown Source)
	at java.base/java.util.concurrent.ThreadPoolExecutor$Worker.run(Unknown Source)
	at java.base/java.lang.Thread.run(Unknown Source)
Caused by: java.net.UnknownHostException: skywalking-oap
	at java.base/java.net.InetAddress$CachedLookup.get(Unknown Source)
	at java.base/java.net.InetAddress.getAllByName0(Unknown Source)
	at java.base/java.net.InetAddress.getAllByName(Unknown Source)
	at org.apache.skywalking.apm.dependencies.io.grpc.internal.DnsNameResolver$JdkAddressResolver.resolveAddress(DnsNameResolver.java:644)
	at org.apache.skywalking.apm.dependencies.io.grpc.internal.DnsNameResolver.resolveAddresses(DnsNameResolver.java:220)
	... 5 more
}"}
{"timestamp":"2026-09-26T09:14:26.764Z","level":"WARN","service":"flashsale-activity","trace_id":"","span_id":"","user_id":"","order_id":"","event_id":"","idempotency_key":"","outbox_id":"","error_code":"","logger":"o.a.s.a.d.i.g.i.ManagedChannelImpl","message":"[Channel<1>: (skywalking-oap:11800)] Failed to resolve name. status=Status{code=UNAVAILABLE, description=Unable to resolve host skywalking-oap, cause=java.lang.RuntimeException: java.net.UnknownHostException: skywalking-oap: Temporary failure in name resolution
	at org.apache.skywalking.apm.dependencies.io.grpc.internal.DnsNameResolver.resolveAddresses(DnsNameResolver.java:224)
	at org.apache.skywalking.apm.dependencies.io.grpc.internal.DnsNameResolver.doResolve(DnsNameResolver.java:283)
	at org.apache.skywalking.apm.dependencies.io.grpc.internal.DnsNameResolver$Resolve.run(DnsNameResolver.java:320)
	at java.base/java.util.concurrent.ThreadPoolExecutor.runWorker(Unknown Source)
	at java.base/java.util.concurrent.ThreadPoolExecutor$Worker.run(Unknown Source)
	at java.base/java.lang.Thread.run(Unknown Source)
Caused by: java.net.UnknownHostException: skywalking-oap: Temporary failure in name resolution
	at java.base/java.net.Inet6AddressImpl.lookupAllHostAddr(Native Method)
	at java.base/java.net.Inet6AddressImpl.lookupAllHostAddr(Unknown Source)
	at java.base/java.net.InetAddress$PlatformResolver.lookupByName(Unknown Source)
	at java.base/java.net.InetAddress.getAddressesFromNameService(Unknown Source)
	at java.base/java.net.InetAddress$NameServiceAddresses.get(Unknown Source)
	at java.base/java.net.InetAddress.getAllByName0(Unknown Source)
	at java.base/java.net.InetAddress.getAllByName(Unknown Source)
	at org.apache.skywalking.apm.dependencies.io.grpc.internal.DnsNameResolver$JdkAddressResolver.resolveAddress(DnsNameResolver.java:644)
	at org.apache.skywalking.apm.dependencies.io.grpc.internal.DnsNameResolver.resolveAddresses(DnsNameResolver.java:220)
	... 5 more
}"}
{"timestamp":"2026-09-26T09:14:35.787Z","level":"WARN","service":"flashsale-activity","trace_id":"","span_id":"","user_id":"","order_id":"","event_id":"","idempotency_key":"","outbox_id":"","error_code":"","logger":"o.a.s.a.d.i.g.i.ManagedChannelImpl","message":"[Channel<1>: (skywalking-oap:11800)] Failed to resolve name. status=Status{code=UNAVAILABLE, description=Unable to resolve host skywalking-oap, cause=java.lang.RuntimeException: java.net.UnknownHostException: skywalking-oap
	at org.apache.skywalking.apm.dependencies.io.grpc.internal.DnsNameResolver.resolveAddresses(DnsNameResolver.java:224)
	at org.apache.skywalking.apm.dependencies.io.grpc.internal.DnsNameResolver.doResolve(DnsNameResolver.java:283)
	at org.apache.skywalking.apm.dependencies.io.grpc.internal.DnsNameResolver$Resolve.run(DnsNameResolver.java:320)
	at java.base/java.util.concurrent.ThreadPoolExecutor.runWorker(Unknown Source)
	at java.base/java.util.concurrent.ThreadPoolExecutor$Worker.run(Unknown Source)
	at java.base/java.lang.Thread.run(Unknown Source)
Caused by: java.net.UnknownHostException: skywalking-oap
	at java.base/java.net.InetAddress$CachedLookup.get(Unknown Source)
	at java.base/java.net.InetAddress.getAllByName0(Unknown Source)
	at java.base/java.net.InetAddress.getAllByName(Unknown Source)
	at org.apache.skywalking.apm.dependencies.io.grpc.internal.DnsNameResolver$JdkAddressResolver.resolveAddress(DnsNameResolver.java:644)
	at org.apache.skywalking.apm.dependencies.io.grpc.internal.DnsNameResolver.resolveAddresses(DnsNameResolver.java:220)
	... 5 more
}"}
{"timestamp":"2026-09-26T09:14:50.756Z","level":"WARN","service":"flashsale-activity","trace_id":"","span_id":"","user_id":"","order_id":"","event_id":"","idempotency_key":"","outbox_id":"","error_code":"","logger":"o.a.s.a.d.i.g.i.ManagedChannelImpl","message":"[Channel<1>: (skywalking-oap:11800)] Failed to resolve name. status=Status{code=UNAVAILABLE, description=Unable to resolve host skywalking-oap, cause=java.lang.RuntimeException: java.net.UnknownHostException: skywalking-oap: Temporary failure in name resolution
	at org.apache.skywalking.apm.dependencies.io.grpc.internal.DnsNameResolver.resolveAddresses(DnsNameResolver.java:224)
	at org.apache.skywalking.apm.dependencies.io.grpc.internal.DnsNameResolver.doResolve(DnsNameResolver.java:283)
	at org.apache.skywalking.apm.dependencies.io.grpc.internal.DnsNameResolver$Resolve.run(DnsNameResolver.java:320)
	at java.base/java.util.concurrent.ThreadPoolExecutor.runWorker(Unknown Source)
	at java.base/java.util.concurrent.ThreadPoolExecutor$Worker.run(Unknown Source)
	at java.base/java.lang.Thread.run(Unknown Source)
Caused by: java.net.UnknownHostException: skywalking-oap: Temporary failure in name resolution
	at java.base/java.net.Inet6AddressImpl.lookupAllHostAddr(Native Method)
	at java.base/java.net.Inet6AddressImpl.lookupAllHostAddr(Unknown Source)
	at java.base/java.net.InetAddress$PlatformResolver.lookupByName(Unknown Source)
	at java.base/java.net.InetAddress.getAddressesFromNameService(Unknown Source)
	at java.base/java.net.InetAddress$NameServiceAddresses.get(Unknown Source)
	at java.base/java.net.InetAddress.getAllByName0(Unknown Source)
	at java.base/java.net.InetAddress.getAllByName(Unknown Source)
	at org.apache.skywalking.apm.dependencies.io.grpc.internal.DnsNameResolver$JdkAddressResolver.resolveAddress(DnsNameResolver.java:644)
	at org.apache.skywalking.apm.dependencies.io.grpc.internal.DnsNameResolver.resolveAddresses(DnsNameResolver.java:220)
	... 5 more
}"}
{"timestamp":"2026-09-26T09:15:20.217Z","level":"WARN","service":"flashsale-activity","trace_id":"","span_id":"","user_id":"","order_id":"","event_id":"","idempotency_key":"","outbox_id":"","error_code":"","logger":"o.a.s.a.d.i.g.i.ManagedChannelImpl","message":"[Channel<1>: (skywalking-oap:11800)] Failed to resolve name. status=Status{code=UNAVAILABLE, description=Unable to resolve host skywalking-oap, cause=java.lang.RuntimeException: java.net.UnknownHostException: skywalking-oap: Temporary failure in name resolution
	at org.apache.skywalking.apm.dependencies.io.grpc.internal.DnsNameResolver.resolveAddresses(DnsNameResolver.java:224)
	at org.apache.skywalking.apm.dependencies.io.grpc.internal.DnsNameResolver.doResolve(DnsNameResolver.java:283)
	at org.apache.skywalking.apm.dependencies.io.grpc.internal.DnsNameResolver$Resolve.run(DnsNameResolver.java:320)
	at java.base/java.util.concurrent.ThreadPoolExecutor.runWorker(Unknown Source)
	at java.base/java.util.concurrent.ThreadPoolExecutor$Worker.run(Unknown Source)
	at java.base/java.lang.Thread.run(Unknown Source)
Caused by: java.net.UnknownHostException: skywalking-oap: Temporary failure in name resolution
	at java.base/java.net.Inet6AddressImpl.lookupAllHostAddr(Native Method)
	at java.base/java.net.Inet6AddressImpl.lookupAllHostAddr(Unknown Source)
	at java.base/java.net.InetAddress$PlatformResolver.lookupByName(Unknown Source)
	at java.base/java.net.InetAddress.getAddressesFromNameService(Unknown Source)
	at java.base/java.net.InetAddress$NameServiceAddresses.get(Unknown Source)
	at java.base/java.net.InetAddress.getAllByName0(Unknown Source)
	at java.base/java.net.InetAddress.getAllByName(Unknown Source)
	at org.apache.skywalking.apm.dependencies.io.grpc.internal.DnsNameResolver$JdkAddressResolver.resolveAddress(DnsNameResolver.java:644)
	at org.apache.skywalking.apm.dependencies.io.grpc.internal.DnsNameResolver.resolveAddresses(DnsNameResolver.java:220)
	... 5 more
}"}
{"timestamp":"2026-09-26T09:16:05.013Z","level":"WARN","service":"flashsale-activity","trace_id":"","span_id":"","user_id":"","order_id":"","event_id":"","idempotency_key":"","outbox_id":"","error_code":"","logger":"o.a.s.a.d.i.g.i.ManagedChannelImpl","message":"[Channel<1>: (skywalking-oap:11800)] Failed to resolve name. status=Status{code=UNAVAILABLE, description=Unable to resolve host skywalking-oap, cause=java.lang.RuntimeException: java.net.UnknownHostException: skywalking-oap: Temporary failure in name resolution
	at org.apache.skywalking.apm.dependencies.io.grpc.internal.DnsNameResolver.resolveAddresses(DnsNameResolver.java:224)
	at org.apache.skywalking.apm.dependencies.io.grpc.internal.DnsNameResolver.doResolve(DnsNameResolver.java:283)
	at org.apache.skywalking.apm.dependencies.io.grpc.internal.DnsNameResolver$Resolve.run(DnsNameResolver.java:320)
	at java.base/java.util.concurrent.ThreadPoolExecutor.runWorker(Unknown Source)
	at java.base/java.util.concurrent.ThreadPoolExecutor$Worker.run(Unknown Source)
	at java.base/java.lang.Thread.run(Unknown Source)
Caused by: java.net.UnknownHostException: skywalking-oap: Temporary failure in name resolution
	at java.base/java.net.Inet6AddressImpl.lookupAllHostAddr(Native Method)
	at java.base/java.net.Inet6AddressImpl.lookupAllHostAddr(Unknown Source)
	at java.base/java.net.InetAddress$PlatformResolver.lookupByName(Unknown Source)
	at java.base/java.net.InetAddress.getAddressesFromNameService(Unknown Source)
	at java.base/java.net.InetAddress$NameServiceAddresses.get(Unknown Source)
	at java.base/java.net.InetAddress.getAllByName0(Unknown Source)
	at java.base/java.net.InetAddress.getAllByName(Unknown Source)
	at org.apache.skywalking.apm.dependencies.io.grpc.internal.DnsNameResolver$JdkAddressResolver.resolveAddress(DnsNameResolver.java:644)
	at org.apache.skywalking.apm.dependencies.io.grpc.internal.DnsNameResolver.resolveAddresses(DnsNameResolver.java:220)
	... 5 more
}"}
{"timestamp":"2026-09-26T09:17:17.470Z","level":"WARN","service":"flashsale-activity","trace_id":"","span_id":"","user_id":"","order_id":"","event_id":"","idempotency_key":"","outbox_id":"","error_code":"","logger":"o.a.s.a.d.i.g.i.ManagedChannelImpl","message":"[Channel<1>: (skywalking-oap:11800)] Failed to resolve name. status=Status{code=UNAVAILABLE, description=Unable to resolve host skywalking-oap, cause=java.lang.RuntimeException: java.net.UnknownHostException: skywalking-oap: Temporary failure in name resolution
	at org.apache.skywalking.apm.dependencies.io.grpc.internal.DnsNameResolver.resolveAddresses(DnsNameResolver.java:224)
	at org.apache.skywalking.apm.dependencies.io.grpc.internal.DnsNameResolver.doResolve(DnsNameResolver.java:283)
	at org.apache.skywalking.apm.dependencies.io.grpc.internal.DnsNameResolver$Resolve.run(DnsNameResolver.java:320)
	at java.base/java.util.concurrent.ThreadPoolExecutor.runWorker(Unknown Source)
	at java.base/java.util.concurrent.ThreadPoolExecutor$Worker.run(Unknown Source)
	at java.base/java.lang.Thread.run(Unknown Source)
Caused by: java.net.UnknownHostException: skywalking-oap: Temporary failure in name resolution
	at java.base/java.net.Inet6AddressImpl.lookupAllHostAddr(Native Method)
	at java.base/java.net.Inet6AddressImpl.lookupAllHostAddr(Unknown Source)
	at java.base/java.net.InetAddress$PlatformResolver.lookupByName(Unknown Source)
	at java.base/java.net.InetAddress.getAddressesFromNameService(Unknown Source)
	at java.base/java.net.InetAddress$NameServiceAddresses.get(Unknown Source)
	at java.base/java.net.InetAddress.getAllByName0(Unknown Source)
	at java.base/java.net.InetAddress.getAllByName(Unknown Source)
	at org.apache.skywalking.apm.dependencies.io.grpc.internal.DnsNameResolver$JdkAddressResolver.resolveAddress(DnsNameResolver.java:644)
	at org.apache.skywalking.apm.dependencies.io.grpc.internal.DnsNameResolver.resolveAddresses(DnsNameResolver.java:220)
	... 5 more
}"}
{"timestamp":"2026-09-26T09:18:48.301Z","level":"WARN","service":"flashsale-activity","trace_id":"","span_id":"","user_id":"","order_id":"","event_id":"","idempotency_key":"","outbox_id":"","error_code":"","logger":"o.a.s.a.d.i.g.i.ManagedChannelImpl","message":"[Channel<1>: (skywalking-oap:11800)] Failed to resolve name. status=Status{code=UNAVAILABLE, description=Unable to resolve host skywalking-oap, cause=java.lang.RuntimeException: java.net.UnknownHostException: skywalking-oap: Temporary failure in name resolution
	at org.apache.skywalking.apm.dependencies.io.grpc.internal.DnsNameResolver.resolveAddresses(DnsNameResolver.java:224)
	at org.apache.skywalking.apm.dependencies.io.grpc.internal.DnsNameResolver.doResolve(DnsNameResolver.java:283)
	at org.apache.skywalking.apm.dependencies.io.grpc.internal.DnsNameResolver$Resolve.run(DnsNameResolver.java:320)
	at java.base/java.util.concurrent.ThreadPoolExecutor.runWorker(Unknown Source)
	at java.base/java.util.concurrent.ThreadPoolExecutor$Worker.run(Unknown Source)
	at java.base/java.lang.Thread.run(Unknown Source)
Caused by: java.net.UnknownHostException: skywalking-oap: Temporary failure in name resolution
	at java.base/java.net.Inet6AddressImpl.lookupAllHostAddr(Native Method)
	at java.base/java.net.Inet6AddressImpl.lookupAllHostAddr(Unknown Source)
	at java.base/java.net.InetAddress$PlatformResolver.lookupByName(Unknown Source)
	at java.base/java.net.InetAddress.getAddressesFromNameService(Unknown Source)
	at java.base/java.net.InetAddress$NameServiceAddresses.get(Unknown Source)
	at java.base/java.net.InetAddress.getAllByName0(Unknown Source)
	at java.base/java.net.InetAddress.getAllByName(Unknown Source)
	at org.apache.skywalking.apm.dependencies.io.grpc.internal.DnsNameResolver$JdkAddressResolver.resolveAddress(DnsNameResolver.java:644)
	at org.apache.skywalking.apm.dependencies.io.grpc.internal.DnsNameResolver.resolveAddresses(DnsNameResolver.java:220)
	... 5 more
}"}
{"timestamp":"2026-09-26T09:20:49.336Z","level":"WARN","service":"flashsale-activity","trace_id":"","span_id":"","user_id":"","order_id":"","event_id":"","idempotency_key":"","outbox_id":"","error_code":"","logger":"o.a.s.a.d.i.g.i.ManagedChannelImpl","message":"[Channel<1>: (skywalking-oap:11800)] Failed to resolve name. status=Status{code=UNAVAILABLE, description=Unable to resolve host skywalking-oap, cause=java.lang.RuntimeException: java.net.UnknownHostException: skywalking-oap: Temporary failure in name resolution
	at org.apache.skywalking.apm.dependencies.io.grpc.internal.DnsNameResolver.resolveAddresses(DnsNameResolver.java:224)
	at org.apache.skywalking.apm.dependencies.io.grpc.internal.DnsNameResolver.doResolve(DnsNameResolver.java:283)
	at org.apache.skywalking.apm.dependencies.io.grpc.internal.DnsNameResolver$Resolve.run(DnsNameResolver.java:320)
	at java.base/java.util.concurrent.ThreadPoolExecutor.runWorker(Unknown Source)
	at java.base/java.util.concurrent.ThreadPoolExecutor$Worker.run(Unknown Source)
	at java.base/java.lang.Thread.run(Unknown Source)
Caused by: java.net.UnknownHostException: skywalking-oap: Temporary failure in name resolution
	at java.base/java.net.Inet6AddressImpl.lookupAllHostAddr(Native Method)
	at java.base/java.net.Inet6AddressImpl.lookupAllHostAddr(Unknown Source)
	at java.base/java.net.InetAddress$PlatformResolver.lookupByName(Unknown Source)
	at java.base/java.net.InetAddress.getAddressesFromNameService(Unknown Source)
	at java.base/java.net.InetAddress$NameServiceAddresses.get(Unknown Source)
	at java.base/java.net.InetAddress.getAllByName0(Unknown Source)
	at java.base/java.net.InetAddress.getAllByName(Unknown Source)
	at org.apache.skywalking.apm.dependencies.io.grpc.internal.DnsNameResolver$JdkAddressResolver.resolveAddress(DnsNameResolver.java:644)
	at org.apache.skywalking.apm.dependencies.io.grpc.internal.DnsNameResolver.resolveAddresses(DnsNameResolver.java:220)
	... 5 more
}"}
{"timestamp":"2026-09-26T09:22:26.719Z","level":"WARN","service":"flashsale-activity","trace_id":"","span_id":"","user_id":"","order_id":"","event_id":"","idempotency_key":"","outbox_id":"","error_code":"","logger":"o.a.s.a.d.i.g.i.ManagedChannelImpl","message":"[Channel<1>: (skywalking-oap:11800)] Failed to resolve name. status=Status{code=UNAVAILABLE, description=Unable to resolve host skywalking-oap, cause=java.lang.RuntimeException: java.net.UnknownHostException: skywalking-oap: Temporary failure in name resolution
	at org.apache.skywalking.apm.dependencies.io.grpc.internal.DnsNameResolver.resolveAddresses(DnsNameResolver.java:224)
	at org.apache.skywalking.apm.dependencies.io.grpc.internal.DnsNameResolver.doResolve(DnsNameResolver.java:283)
	at org.apache.skywalking.apm.dependencies.io.grpc.internal.DnsNameResolver$Resolve.run(DnsNameResolver.java:320)
	at java.base/java.util.concurrent.ThreadPoolExecutor.runWorker(Unknown Source)
	at java.base/java.util.concurrent.ThreadPoolExecutor$Worker.run(Unknown Source)
	at java.base/java.lang.Thread.run(Unknown Source)
Caused by: java.net.UnknownHostException: skywalking-oap: Temporary failure in name resolution
	at java.base/java.net.Inet6AddressImpl.lookupAllHostAddr(Native Method)
	at java.base/java.net.Inet6AddressImpl.lookupAllHostAddr(Unknown Source)
	at java.base/java.net.InetAddress$PlatformResolver.lookupByName(Unknown Source)
	at java.base/java.net.InetAddress.getAddressesFromNameService(Unknown Source)
	at java.base/java.net.InetAddress$NameServiceAddresses.get(Unknown Source)
	at java.base/java.net.InetAddress.getAllByName0(Unknown Source)
	at java.base/java.net.InetAddress.getAllByName(Unknown Source)
	at org.apache.skywalking.apm.dependencies.io.grpc.internal.DnsNameResolver$JdkAddressResolver.resolveAddress(DnsNameResolver.java:644)
	at org.apache.skywalking.apm.dependencies.io.grpc.internal.DnsNameResolver.resolveAddresses(DnsNameResolver.java:220)
	... 5 more
}"}
{"timestamp":"2026-09-26T09:24:14.446Z","level":"WARN","service":"flashsale-activity","trace_id":"","span_id":"","user_id":"","order_id":"","event_id":"","idempotency_key":"","outbox_id":"","error_code":"","logger":"o.a.s.a.d.i.g.i.ManagedChannelImpl","message":"[Channel<1>: (skywalking-oap:11800)] Failed to resolve name. status=Status{code=UNAVAILABLE, description=Unable to resolve host skywalking-oap, cause=java.lang.RuntimeException: java.net.UnknownHostException: skywalking-oap: Temporary failure in name resolution
	at org.apache.skywalking.apm.dependencies.io.grpc.internal.DnsNameResolver.resolveAddresses(DnsNameResolver.java:224)
	at org.apache.skywalking.apm.dependencies.io.grpc.internal.DnsNameResolver.doResolve(DnsNameResolver.java:283)
	at org.apache.skywalking.apm.dependencies.io.grpc.internal.DnsNameResolver$Resolve.run(DnsNameResolver.java:320)
	at java.base/java.util.concurrent.ThreadPoolExecutor.runWorker(Unknown Source)
	at java.base/java.util.concurrent.ThreadPoolExecutor$Worker.run(Unknown Source)
	at java.base/java.lang.Thread.run(Unknown Source)
Caused by: java.net.UnknownHostException: skywalking-oap: Temporary failure in name resolution
	at java.base/java.net.Inet6AddressImpl.lookupAllHostAddr(Native Method)
	at java.base/java.net.Inet6AddressImpl.lookupAllHostAddr(Unknown Source)
	at java.base/java.net.InetAddress$PlatformResolver.lookupByName(Unknown Source)
	at java.base/java.net.InetAddress.getAddressesFromNameService(Unknown Source)
	at java.base/java.net.InetAddress$NameServiceAddresses.get(Unknown Source)
	at java.base/java.net.InetAddress.getAllByName0(Unknown Source)
	at java.base/java.net.InetAddress.getAllByName(Unknown Source)
	at org.apache.skywalking.apm.dependencies.io.grpc.internal.DnsNameResolver$JdkAddressResolver.resolveAddress(DnsNameResolver.java:644)
	at org.apache.skywalking.apm.dependencies.io.grpc.internal.DnsNameResolver.resolveAddresses(DnsNameResolver.java:220)
	... 5 more
}"}
{"timestamp":"2026-09-26T09:26:30.738Z","level":"WARN","service":"flashsale-activity","trace_id":"","span_id":"","user_id":"","order_id":"","event_id":"","idempotency_key":"","outbox_id":"","error_code":"","logger":"o.a.s.a.d.i.g.i.ManagedChannelImpl","message":"[Channel<1>: (skywalking-oap:11800)] Failed to resolve name. status=Status{code=UNAVAILABLE, description=Unable to resolve host skywalking-oap, cause=java.lang.RuntimeException: java.net.UnknownHostException: skywalking-oap: Temporary failure in name resolution
	at org.apache.skywalking.apm.dependencies.io.grpc.internal.DnsNameResolver.resolveAddresses(DnsNameResolver.java:224)
	at org.apache.skywalking.apm.dependencies.io.grpc.internal.DnsNameResolver.doResolve(DnsNameResolver.java:283)
	at org.apache.skywalking.apm.dependencies.io.grpc.internal.DnsNameResolver$Resolve.run(DnsNameResolver.java:320)
	at java.base/java.util.concurrent.ThreadPoolExecutor.runWorker(Unknown Source)
	at java.base/java.util.concurrent.ThreadPoolExecutor$Worker.run(Unknown Source)
	at java.base/java.lang.Thread.run(Unknown Source)
Caused by: java.net.UnknownHostException: skywalking-oap: Temporary failure in name resolution
	at java.base/java.net.Inet6AddressImpl.lookupAllHostAddr(Native Method)
	at java.base/java.net.Inet6AddressImpl.lookupAllHostAddr(Unknown Source)
	at java.base/java.net.InetAddress$PlatformResolver.lookupByName(Unknown Source)
	at java.base/java.net.InetAddress.getAddressesFromNameService(Unknown Source)
	at java.base/java.net.InetAddress$NameServiceAddresses.get(Unknown Source)
	at java.base/java.net.InetAddress.getAllByName0(Unknown Source)
	at java.base/java.net.InetAddress.getAllByName(Unknown Source)
	at org.apache.skywalking.apm.dependencies.io.grpc.internal.DnsNameResolver$JdkAddressResolver.resolveAddress(DnsNameResolver.java:644)
	at org.apache.skywalking.apm.dependencies.io.grpc.internal.DnsNameResolver.resolveAddresses(DnsNameResolver.java:220)
	... 5 more
}"}
{"timestamp":"2026-09-26T09:28:42.932Z","level":"WARN","service":"flashsale-activity","trace_id":"","span_id":"","user_id":"","order_id":"","event_id":"","idempotency_key":"","outbox_id":"","error_code":"","logger":"o.a.s.a.d.i.g.i.ManagedChannelImpl","message":"[Channel<1>: (skywalking-oap:11800)] Failed to resolve name. status=Status{code=UNAVAILABLE, description=Unable to resolve host skywalking-oap, cause=java.lang.RuntimeException: java.net.UnknownHostException: skywalking-oap: Temporary failure in name resolution
	at org.apache.skywalking.apm.dependencies.io.grpc.internal.DnsNameResolver.resolveAddresses(DnsNameResolver.java:224)
	at org.apache.skywalking.apm.dependencies.io.grpc.internal.DnsNameResolver.doResolve(DnsNameResolver.java:283)
	at org.apache.skywalking.apm.dependencies.io.grpc.internal.DnsNameResolver$Resolve.run(DnsNameResolver.java:320)
	at java.base/java.util.concurrent.ThreadPoolExecutor.runWorker(Unknown Source)
	at java.base/java.util.concurrent.ThreadPoolExecutor$Worker.run(Unknown Source)
	at java.base/java.lang.Thread.run(Unknown Source)
Caused by: java.net.UnknownHostException: skywalking-oap: Temporary failure in name resolution
	at java.base/java.net.Inet6AddressImpl.lookupAllHostAddr(Native Method)
	at java.base/java.net.Inet6AddressImpl.lookupAllHostAddr(Unknown Source)
	at java.base/java.net.InetAddress$PlatformResolver.lookupByName(Unknown Source)
	at java.base/java.net.InetAddress.getAddressesFromNameService(Unknown Source)
	at java.base/java.net.InetAddress$NameServiceAddresses.get(Unknown Source)
	at java.base/java.net.InetAddress.getAllByName0(Unknown Source)
	at java.base/java.net.InetAddress.getAllByName(Unknown Source)
	at org.apache.skywalking.apm.dependencies.io.grpc.internal.DnsNameResolver$JdkAddressResolver.resolveAddress(DnsNameResolver.java:644)
	at org.apache.skywalking.apm.dependencies.io.grpc.internal.DnsNameResolver.resolveAddresses(DnsNameResolver.java:220)
	... 5 more
}"}
{"timestamp":"2026-09-26T09:31:05.264Z","level":"WARN","service":"flashsale-activity","trace_id":"","span_id":"","user_id":"","order_id":"","event_id":"","idempotency_key":"","outbox_id":"","error_code":"","logger":"o.a.s.a.d.i.g.i.ManagedChannelImpl","message":"[Channel<1>: (skywalking-oap:11800)] Failed to resolve name. status=Status{code=UNAVAILABLE, description=Unable to resolve host skywalking-oap, cause=java.lang.RuntimeException: java.net.UnknownHostException: skywalking-oap: Temporary failure in name resolution
	at org.apache.skywalking.apm.dependencies.io.grpc.internal.DnsNameResolver.resolveAddresses(DnsNameResolver.java:224)
	at org.apache.skywalking.apm.dependencies.io.grpc.internal.DnsNameResolver.doResolve(DnsNameResolver.java:283)
	at org.apache.skywalking.apm.dependencies.io.grpc.internal.DnsNameResolver$Resolve.run(DnsNameResolver.java:320)
	at java.base/java.util.concurrent.ThreadPoolExecutor.runWorker(Unknown Source)
	at java.base/java.util.concurrent.ThreadPoolExecutor$Worker.run(Unknown Source)
	at java.base/java.lang.Thread.run(Unknown Source)
Caused by: java.net.UnknownHostException: skywalking-oap: Temporary failure in name resolution
	at java.base/java.net.Inet6AddressImpl.lookupAllHostAddr(Native Method)
	at java.base/java.net.Inet6AddressImpl.lookupAllHostAddr(Unknown Source)
	at java.base/java.net.InetAddress$PlatformResolver.lookupByName(Unknown Source)
	at java.base/java.net.InetAddress.getAddressesFromNameService(Unknown Source)
	at java.base/java.net.InetAddress$NameServiceAddresses.get(Unknown Source)
	at java.base/java.net.InetAddress.getAllByName0(Unknown Source)
	at java.base/java.net.InetAddress.getAllByName(Unknown Source)
	at org.apache.skywalking.apm.dependencies.io.grpc.internal.DnsNameResolver$JdkAddressResolver.resolveAddress(DnsNameResolver.java:644)
	at org.apache.skywalking.apm.dependencies.io.grpc.internal.DnsNameResolver.resolveAddresses(DnsNameResolver.java:220)
	... 5 more
}"}
{"timestamp":"2026-09-26T09:33:00.155Z","level":"WARN","service":"flashsale-activity","trace_id":"","span_id":"","user_id":"","order_id":"","event_id":"","idempotency_key":"","outbox_id":"","error_code":"","logger":"o.a.s.a.d.i.g.i.ManagedChannelImpl","message":"[Channel<1>: (skywalking-oap:11800)] Failed to resolve name. status=Status{code=UNAVAILABLE, description=Unable to resolve host skywalking-oap, cause=java.lang.RuntimeException: java.net.UnknownHostException: skywalking-oap: Temporary failure in name resolution
	at org.apache.skywalking.apm.dependencies.io.grpc.internal.DnsNameResolver.resolveAddresses(DnsNameResolver.java:224)
	at org.apache.skywalking.apm.dependencies.io.grpc.internal.DnsNameResolver.doResolve(DnsNameResolver.java:283)
	at org.apache.skywalking.apm.dependencies.io.grpc.internal.DnsNameResolver$Resolve.run(DnsNameResolver.java:320)
	at java.base/java.util.concurrent.ThreadPoolExecutor.runWorker(Unknown Source)
	at java.base/java.util.concurrent.ThreadPoolExecutor$Worker.run(Unknown Source)
	at java.base/java.lang.Thread.run(Unknown Source)
Caused by: java.net.UnknownHostException: skywalking-oap: Temporary failure in name resolution
	at java.base/java.net.Inet6AddressImpl.lookupAllHostAddr(Native Method)
	at java.base/java.net.Inet6AddressImpl.lookupAllHostAddr(Unknown Source)
	at java.base/java.net.InetAddress$PlatformResolver.lookupByName(Unknown Source)
	at java.base/java.net.InetAddress.getAddressesFromNameService(Unknown Source)
	at java.base/java.net.InetAddress$NameServiceAddresses.get(Unknown Source)
	at java.base/java.net.InetAddress.getAllByName0(Unknown Source)
	at java.base/java.net.InetAddress.getAllByName(Unknown Source)
	at org.apache.skywalking.apm.dependencies.io.grpc.internal.DnsNameResolver$JdkAddressResolver.resolveAddress(DnsNameResolver.java:644)
	at org.apache.skywalking.apm.dependencies.io.grpc.internal.DnsNameResolver.resolveAddresses(DnsNameResolver.java:220)
	... 5 more
}"}
{"timestamp":"2026-09-26T09:35:11.534Z","level":"WARN","service":"flashsale-activity","trace_id":"","span_id":"","user_id":"","order_id":"","event_id":"","idempotency_key":"","outbox_id":"","error_code":"","logger":"o.a.s.a.d.i.g.i.ManagedChannelImpl","message":"[Channel<1>: (skywalking-oap:11800)] Failed to resolve name. status=Status{code=UNAVAILABLE, description=Unable to resolve host skywalking-oap, cause=java.lang.RuntimeException: java.net.UnknownHostException: skywalking-oap: Temporary failure in name resolution
	at org.apache.skywalking.apm.dependencies.io.grpc.internal.DnsNameResolver.resolveAddresses(DnsNameResolver.java:224)
	at org.apache.skywalking.apm.dependencies.io.grpc.internal.DnsNameResolver.doResolve(DnsNameResolver.java:283)
	at org.apache.skywalking.apm.dependencies.io.grpc.internal.DnsNameResolver$Resolve.run(DnsNameResolver.java:320)
	at java.base/java.util.concurrent.ThreadPoolExecutor.runWorker(Unknown Source)
	at java.base/java.util.concurrent.ThreadPoolExecutor$Worker.run(Unknown Source)
	at java.base/java.lang.Thread.run(Unknown Source)
Caused by: java.net.UnknownHostException: skywalking-oap: Temporary failure in name resolution
	at java.base/java.net.Inet6AddressImpl.lookupAllHostAddr(Native Method)
	at java.base/java.net.Inet6AddressImpl.lookupAllHostAddr(Unknown Source)
	at java.base/java.net.InetAddress$PlatformResolver.lookupByName(Unknown Source)
	at java.base/java.net.InetAddress.getAddressesFromNameService(Unknown Source)
	at java.base/java.net.InetAddress$NameServiceAddresses.get(Unknown Source)
	at java.base/java.net.InetAddress.getAllByName0(Unknown Source)
	at java.base/java.net.InetAddress.getAllByName(Unknown Source)
	at org.apache.skywalking.apm.dependencies.io.grpc.internal.DnsNameResolver$JdkAddressResolver.resolveAddress(DnsNameResolver.java:644)
	at org.apache.skywalking.apm.dependencies.io.grpc.internal.DnsNameResolver.resolveAddresses(DnsNameResolver.java:220)
	... 5 more
}"}
{"timestamp":"2026-09-26T09:36:57.636Z","level":"WARN","service":"flashsale-activity","trace_id":"","span_id":"","user_id":"","order_id":"","event_id":"","idempotency_key":"","outbox_id":"","error_code":"","logger":"o.a.s.a.d.i.g.i.ManagedChannelImpl","message":"[Channel<1>: (skywalking-oap:11800)] Failed to resolve name. status=Status{code=UNAVAILABLE, description=Unable to resolve host skywalking-oap, cause=java.lang.RuntimeException: java.net.UnknownHostException: skywalking-oap: Temporary failure in name resolution
	at org.apache.skywalking.apm.dependencies.io.grpc.internal.DnsNameResolver.resolveAddresses(DnsNameResolver.java:224)
	at org.apache.skywalking.apm.dependencies.io.grpc.internal.DnsNameResolver.doResolve(DnsNameResolver.java:283)
	at org.apache.skywalking.apm.dependencies.io.grpc.internal.DnsNameResolver$Resolve.run(DnsNameResolver.java:320)
	at java.base/java.util.concurrent.ThreadPoolExecutor.runWorker(Unknown Source)
	at java.base/java.util.concurrent.ThreadPoolExecutor$Worker.run(Unknown Source)
	at java.base/java.lang.Thread.run(Unknown Source)
Caused by: java.net.UnknownHostException: skywalking-oap: Temporary failure in name resolution
	at java.base/java.net.Inet6AddressImpl.lookupAllHostAddr(Native Method)
	at java.base/java.net.Inet6AddressImpl.lookupAllHostAddr(Unknown Source)
	at java.base/java.net.InetAddress$PlatformResolver.lookupByName(Unknown Source)
	at java.base/java.net.InetAddress.getAddressesFromNameService(Unknown Source)
	at java.base/java.net.InetAddress$NameServiceAddresses.get(Unknown Source)
	at java.base/java.net.InetAddress.getAllByName0(Unknown Source)
	at java.base/java.net.InetAddress.getAllByName(Unknown Source)
	at org.apache.skywalking.apm.dependencies.io.grpc.internal.DnsNameResolver$JdkAddressResolver.resolveAddress(DnsNameResolver.java:644)
	at org.apache.skywalking.apm.dependencies.io.grpc.internal.DnsNameResolver.resolveAddresses(DnsNameResolver.java:220)
	... 5 more
}"}
{"timestamp":"2026-09-26T09:38:41.763Z","level":"WARN","service":"flashsale-activity","trace_id":"","span_id":"","user_id":"","order_id":"","event_id":"","idempotency_key":"","outbox_id":"","error_code":"","logger":"o.a.s.a.d.i.g.i.ManagedChannelImpl","message":"[Channel<1>: (skywalking-oap:11800)] Failed to resolve name. status=Status{code=UNAVAILABLE, description=Unable to resolve host skywalking-oap, cause=java.lang.RuntimeException: java.net.UnknownHostException: skywalking-oap: Temporary failure in name resolution
	at org.apache.skywalking.apm.dependencies.io.grpc.internal.DnsNameResolver.resolveAddresses(DnsNameResolver.java:224)
	at org.apache.skywalking.apm.dependencies.io.grpc.internal.DnsNameResolver.doResolve(DnsNameResolver.java:283)
	at org.apache.skywalking.apm.dependencies.io.grpc.internal.DnsNameResolver$Resolve.run(DnsNameResolver.java:320)
	at java.base/java.util.concurrent.ThreadPoolExecutor.runWorker(Unknown Source)
	at java.base/java.util.concurrent.ThreadPoolExecutor$Worker.run(Unknown Source)
	at java.base/java.lang.Thread.run(Unknown Source)
Caused by: java.net.UnknownHostException: skywalking-oap: Temporary failure in name resolution
	at java.base/java.net.Inet6AddressImpl.lookupAllHostAddr(Native Method)
	at java.base/java.net.Inet6AddressImpl.lookupAllHostAddr(Unknown Source)
	at java.base/java.net.InetAddress$PlatformResolver.lookupByName(Unknown Source)
	at java.base/java.net.InetAddress.getAddressesFromNameService(Unknown Source)
	at java.base/java.net.InetAddress$NameServiceAddresses.get(Unknown Source)
	at java.base/java.net.InetAddress.getAllByName0(Unknown Source)
	at java.base/java.net.InetAddress.getAllByName(Unknown Source)
	at org.apache.skywalking.apm.dependencies.io.grpc.internal.DnsNameResolver$JdkAddressResolver.resolveAddress(DnsNameResolver.java:644)
	at org.apache.skywalking.apm.dependencies.io.grpc.internal.DnsNameResolver.resolveAddresses(DnsNameResolver.java:220)
	... 5 more
}"}
{"timestamp":"2026-09-26T09:40:26.718Z","level":"WARN","service":"flashsale-activity","trace_id":"","span_id":"","user_id":"","order_id":"","event_id":"","idempotency_key":"","outbox_id":"","error_code":"","logger":"o.a.s.a.d.i.g.i.ManagedChannelImpl","message":"[Channel<1>: (skywalking-oap:11800)] Failed to resolve name. status=Status{code=UNAVAILABLE, description=Unable to resolve host skywalking-oap, cause=java.lang.RuntimeException: java.net.UnknownHostException: skywalking-oap: Temporary failure in name resolution
	at org.apache.skywalking.apm.dependencies.io.grpc.internal.DnsNameResolver.resolveAddresses(DnsNameResolver.java:224)
	at org.apache.skywalking.apm.dependencies.io.grpc.internal.DnsNameResolver.doResolve(DnsNameResolver.java:283)
	at org.apache.skywalking.apm.dependencies.io.grpc.internal.DnsNameResolver$Resolve.run(DnsNameResolver.java:320)
	at java.base/java.util.concurrent.ThreadPoolExecutor.runWorker(Unknown Source)
	at java.base/java.util.concurrent.ThreadPoolExecutor$Worker.run(Unknown Source)
	at java.base/java.lang.Thread.run(Unknown Source)
Caused by: java.net.UnknownHostException: skywalking-oap: Temporary failure in name resolution
	at java.base/java.net.Inet6AddressImpl.lookupAllHostAddr(Native Method)
	at java.base/java.net.Inet6AddressImpl.lookupAllHostAddr(Unknown Source)
	at java.base/java.net.InetAddress$PlatformResolver.lookupByName(Unknown Source)
	at java.base/java.net.InetAddress.getAddressesFromNameService(Unknown Source)
	at java.base/java.net.InetAddress$NameServiceAddresses.get(Unknown Source)
	at java.base/java.net.InetAddress.getAllByName0(Unknown Source)
	at java.base/java.net.InetAddress.getAllByName(Unknown Source)
	at org.apache.skywalking.apm.dependencies.io.grpc.internal.DnsNameResolver$JdkAddressResolver.resolveAddress(DnsNameResolver.java:644)
	at org.apache.skywalking.apm.dependencies.io.grpc.internal.DnsNameResolver.resolveAddresses(DnsNameResolver.java:220)
	... 5 more
}"}
{"timestamp":"2026-09-26T09:42:27.652Z","level":"WARN","service":"flashsale-activity","trace_id":"","span_id":"","user_id":"","order_id":"","event_id":"","idempotency_key":"","outbox_id":"","error_code":"","logger":"o.a.s.a.d.i.g.i.ManagedChannelImpl","message":"[Channel<1>: (skywalking-oap:11800)] Failed to resolve name. status=Status{code=UNAVAILABLE, description=Unable to resolve host skywalking-oap, cause=java.lang.RuntimeException: java.net.UnknownHostException: skywalking-oap: Temporary failure in name resolution
	at org.apache.skywalking.apm.dependencies.io.grpc.internal.DnsNameResolver.resolveAddresses(DnsNameResolver.java:224)
	at org.apache.skywalking.apm.dependencies.io.grpc.internal.DnsNameResolver.doResolve(DnsNameResolver.java:283)
	at org.apache.skywalking.apm.dependencies.io.grpc.internal.DnsNameResolver$Resolve.run(DnsNameResolver.java:320)
	at java.base/java.util.concurrent.ThreadPoolExecutor.runWorker(Unknown Source)
	at java.base/java.util.concurrent.ThreadPoolExecutor$Worker.run(Unknown Source)
	at java.base/java.lang.Thread.run(Unknown Source)
Caused by: java.net.UnknownHostException: skywalking-oap: Temporary failure in name resolution
	at java.base/java.net.Inet6AddressImpl.lookupAllHostAddr(Native Method)
	at java.base/java.net.Inet6AddressImpl.lookupAllHostAddr(Unknown Source)
	at java.base/java.net.InetAddress$PlatformResolver.lookupByName(Unknown Source)
	at java.base/java.net.InetAddress.getAddressesFromNameService(Unknown Source)
	at java.base/java.net.InetAddress$NameServiceAddresses.get(Unknown Source)
	at java.base/java.net.InetAddress.getAllByName0(Unknown Source)
	at java.base/java.net.InetAddress.getAllByName(Unknown Source)
	at org.apache.skywalking.apm.dependencies.io.grpc.internal.DnsNameResolver$JdkAddressResolver.resolveAddress(DnsNameResolver.java:644)
	at org.apache.skywalking.apm.dependencies.io.grpc.internal.DnsNameResolver.resolveAddresses(DnsNameResolver.java:220)
	... 5 more
}"}
{"timestamp":"2026-09-26T09:44:40.976Z","level":"WARN","service":"flashsale-activity","trace_id":"","span_id":"","user_id":"","order_id":"","event_id":"","idempotency_key":"","outbox_id":"","error_code":"","logger":"o.a.s.a.d.i.g.i.ManagedChannelImpl","message":"[Channel<1>: (skywalking-oap:11800)] Failed to resolve name. status=Status{code=UNAVAILABLE, description=Unable to resolve host skywalking-oap, cause=java.lang.RuntimeException: java.net.UnknownHostException: skywalking-oap: Temporary failure in name resolution
	at org.apache.skywalking.apm.dependencies.io.grpc.internal.DnsNameResolver.resolveAddresses(DnsNameResolver.java:224)
	at org.apache.skywalking.apm.dependencies.io.grpc.internal.DnsNameResolver.doResolve(DnsNameResolver.java:283)
	at org.apache.skywalking.apm.dependencies.io.grpc.internal.DnsNameResolver$Resolve.run(DnsNameResolver.java:320)
	at java.base/java.util.concurrent.ThreadPoolExecutor.runWorker(Unknown Source)
	at java.base/java.util.concurrent.ThreadPoolExecutor$Worker.run(Unknown Source)
	at java.base/java.lang.Thread.run(Unknown Source)
Caused by: java.net.UnknownHostException: skywalking-oap: Temporary failure in name resolution
	at java.base/java.net.Inet6AddressImpl.lookupAllHostAddr(Native Method)
	at java.base/java.net.Inet6AddressImpl.lookupAllHostAddr(Unknown Source)
	at java.base/java.net.InetAddress$PlatformResolver.lookupByName(Unknown Source)
	at java.base/java.net.InetAddress.getAddressesFromNameService(Unknown Source)
	at java.base/java.net.InetAddress$NameServiceAddresses.get(Unknown Source)
	at java.base/java.net.InetAddress.getAllByName0(Unknown Source)
	at java.base/java.net.InetAddress.getAllByName(Unknown Source)
	at org.apache.skywalking.apm.dependencies.io.grpc.internal.DnsNameResolver$JdkAddressResolver.resolveAddress(DnsNameResolver.java:644)
	at org.apache.skywalking.apm.dependencies.io.grpc.internal.DnsNameResolver.resolveAddresses(DnsNameResolver.java:220)
	... 5 more
}"}
{"timestamp":"2026-09-26T09:44:42.075Z","level":"WARN","service":"flashsale-activity","trace_id":"","span_id":"","user_id":"","order_id":"","event_id":"","idempotency_key":"","outbox_id":"","error_code":"","logger":"o.a.s.a.d.i.g.i.ManagedChannelImpl","message":"[Channel<1>: (skywalking-oap:11800)] Failed to resolve name. status=Status{code=UNAVAILABLE, description=Unable to resolve host skywalking-oap, cause=java.lang.RuntimeException: java.net.UnknownHostException: skywalking-oap
	at org.apache.skywalking.apm.dependencies.io.grpc.internal.DnsNameResolver.resolveAddresses(DnsNameResolver.java:224)
	at org.apache.skywalking.apm.dependencies.io.grpc.internal.DnsNameResolver.doResolve(DnsNameResolver.java:283)
	at org.apache.skywalking.apm.dependencies.io.grpc.internal.DnsNameResolver$Resolve.run(DnsNameResolver.java:320)
	at java.base/java.util.concurrent.ThreadPoolExecutor.runWorker(Unknown Source)
	at java.base/java.util.concurrent.ThreadPoolExecutor$Worker.run(Unknown Source)
	at java.base/java.lang.Thread.run(Unknown Source)
Caused by: java.net.UnknownHostException: skywalking-oap
	at java.base/java.net.InetAddress$CachedLookup.get(Unknown Source)
	at java.base/java.net.InetAddress.getAllByName0(Unknown Source)
	at java.base/java.net.InetAddress.getAllByName(Unknown Source)
	at org.apache.skywalking.apm.dependencies.io.grpc.internal.DnsNameResolver$JdkAddressResolver.resolveAddress(DnsNameResolver.java:644)
	at org.apache.skywalking.apm.dependencies.io.grpc.internal.DnsNameResolver.resolveAddresses(DnsNameResolver.java:220)
	... 5 more
}"}
{"timestamp":"2026-09-26T09:44:43.471Z","level":"WARN","service":"flashsale-activity","trace_id":"","span_id":"","user_id":"","order_id":"","event_id":"","idempotency_key":"","outbox_id":"","error_code":"","logger":"o.a.s.a.d.i.g.i.ManagedChannelImpl","message":"[Channel<1>: (skywalking-oap:11800)] Failed to resolve name. status=Status{code=UNAVAILABLE, description=Unable to resolve host skywalking-oap, cause=java.lang.RuntimeException: java.net.UnknownHostException: skywalking-oap
	at org.apache.skywalking.apm.dependencies.io.grpc.internal.DnsNameResolver.resolveAddresses(DnsNameResolver.java:224)
	at org.apache.skywalking.apm.dependencies.io.grpc.internal.DnsNameResolver.doResolve(DnsNameResolver.java:283)
	at org.apache.skywalking.apm.dependencies.io.grpc.internal.DnsNameResolver$Resolve.run(DnsNameResolver.java:320)
	at java.base/java.util.concurrent.ThreadPoolExecutor.runWorker(Unknown Source)
	at java.base/java.util.concurrent.ThreadPoolExecutor$Worker.run(Unknown Source)
	at java.base/java.lang.Thread.run(Unknown Source)
Caused by: java.net.UnknownHostException: skywalking-oap
	at java.base/java.net.InetAddress$CachedLookup.get(Unknown Source)
	at java.base/java.net.InetAddress.getAllByName0(Unknown Source)
	at java.base/java.net.InetAddress.getAllByName(Unknown Source)
	at org.apache.skywalking.apm.dependencies.io.grpc.internal.DnsNameResolver$JdkAddressResolver.resolveAddress(DnsNameResolver.java:644)
	at org.apache.skywalking.apm.dependencies.io.grpc.internal.DnsNameResolver.resolveAddresses(DnsNameResolver.java:220)
	... 5 more
}"}
{"timestamp":"2026-09-26T09:44:45.933Z","level":"WARN","service":"flashsale-activity","trace_id":"","span_id":"","user_id":"","order_id":"","event_id":"","idempotency_key":"","outbox_id":"","error_code":"","logger":"o.a.s.a.d.i.g.i.ManagedChannelImpl","message":"[Channel<1>: (skywalking-oap:11800)] Failed to resolve name. status=Status{code=UNAVAILABLE, description=Unable to resolve host skywalking-oap, cause=java.lang.RuntimeException: java.net.UnknownHostException: skywalking-oap
	at org.apache.skywalking.apm.dependencies.io.grpc.internal.DnsNameResolver.resolveAddresses(DnsNameResolver.java:224)
	at org.apache.skywalking.apm.dependencies.io.grpc.internal.DnsNameResolver.doResolve(DnsNameResolver.java:283)
	at org.apache.skywalking.apm.dependencies.io.grpc.internal.DnsNameResolver$Resolve.run(DnsNameResolver.java:320)
	at java.base/java.util.concurrent.ThreadPoolExecutor.runWorker(Unknown Source)
	at java.base/java.util.concurrent.ThreadPoolExecutor$Worker.run(Unknown Source)
	at java.base/java.lang.Thread.run(Unknown Source)
Caused by: java.net.UnknownHostException: skywalking-oap
	at java.base/java.net.InetAddress$CachedLookup.get(Unknown Source)
	at java.base/java.net.InetAddress.getAllByName0(Unknown Source)
	at java.base/java.net.InetAddress.getAllByName(Unknown Source)
	at org.apache.skywalking.apm.dependencies.io.grpc.internal.DnsNameResolver$JdkAddressResolver.resolveAddress(DnsNameResolver.java:644)
	at org.apache.skywalking.apm.dependencies.io.grpc.internal.DnsNameResolver.resolveAddresses(DnsNameResolver.java:220)
	... 5 more
}"}
{"timestamp":"2026-09-26T09:44:50.501Z","level":"WARN","service":"flashsale-activity","trace_id":"","span_id":"","user_id":"","order_id":"","event_id":"","idempotency_key":"","outbox_id":"","error_code":"","logger":"o.a.s.a.d.i.g.i.ManagedChannelImpl","message":"[Channel<1>: (skywalking-oap:11800)] Failed to resolve name. status=Status{code=UNAVAILABLE, description=Unable to resolve host skywalking-oap, cause=java.lang.RuntimeException: java.net.UnknownHostException: skywalking-oap
	at org.apache.skywalking.apm.dependencies.io.grpc.internal.DnsNameResolver.resolveAddresses(DnsNameResolver.java:224)
	at org.apache.skywalking.apm.dependencies.io.grpc.internal.DnsNameResolver.doResolve(DnsNameResolver.java:283)
	at org.apache.skywalking.apm.dependencies.io.grpc.internal.DnsNameResolver$Resolve.run(DnsNameResolver.java:320)
	at java.base/java.util.concurrent.ThreadPoolExecutor.runWorker(Unknown Source)
	at java.base/java.util.concurrent.ThreadPoolExecutor$Worker.run(Unknown Source)
	at java.base/java.lang.Thread.run(Unknown Source)
Caused by: java.net.UnknownHostException: skywalking-oap
	at java.base/java.net.InetAddress$CachedLookup.get(Unknown Source)
	at java.base/java.net.InetAddress.getAllByName0(Unknown Source)
	at java.base/java.net.InetAddress.getAllByName(Unknown Source)
	at org.apache.skywalking.apm.dependencies.io.grpc.internal.DnsNameResolver$JdkAddressResolver.resolveAddress(DnsNameResolver.java:644)
	at org.apache.skywalking.apm.dependencies.io.grpc.internal.DnsNameResolver.resolveAddresses(DnsNameResolver.java:220)
	... 5 more
}"}
{"timestamp":"2026-09-26T09:44:57.464Z","level":"WARN","service":"flashsale-activity","trace_id":"","span_id":"","user_id":"","order_id":"","event_id":"","idempotency_key":"","outbox_id":"","error_code":"","logger":"o.a.s.a.d.i.g.i.ManagedChannelImpl","message":"[Channel<1>: (skywalking-oap:11800)] Failed to resolve name. status=Status{code=UNAVAILABLE, description=Unable to resolve host skywalking-oap, cause=java.lang.RuntimeException: java.net.UnknownHostException: skywalking-oap: Temporary failure in name resolution
	at org.apache.skywalking.apm.dependencies.io.grpc.internal.DnsNameResolver.resolveAddresses(DnsNameResolver.java:224)
	at org.apache.skywalking.apm.dependencies.io.grpc.internal.DnsNameResolver.doResolve(DnsNameResolver.java:283)
	at org.apache.skywalking.apm.dependencies.io.grpc.internal.DnsNameResolver$Resolve.run(DnsNameResolver.java:320)
	at java.base/java.util.concurrent.ThreadPoolExecutor.runWorker(Unknown Source)
	at java.base/java.util.concurrent.ThreadPoolExecutor$Worker.run(Unknown Source)
	at java.base/java.lang.Thread.run(Unknown Source)
Caused by: java.net.UnknownHostException: skywalking-oap: Temporary failure in name resolution
	at java.base/java.net.Inet6AddressImpl.lookupAllHostAddr(Native Method)
	at java.base/java.net.Inet6AddressImpl.lookupAllHostAddr(Unknown Source)
	at java.base/java.net.InetAddress$PlatformResolver.lookupByName(Unknown Source)
	at java.base/java.net.InetAddress.getAddressesFromNameService(Unknown Source)
	at java.base/java.net.InetAddress$NameServiceAddresses.get(Unknown Source)
	at java.base/java.net.InetAddress.getAllByName0(Unknown Source)
	at java.base/java.net.InetAddress.getAllByName(Unknown Source)
	at org.apache.skywalking.apm.dependencies.io.grpc.internal.DnsNameResolver$JdkAddressResolver.resolveAddress(DnsNameResolver.java:644)
	at org.apache.skywalking.apm.dependencies.io.grpc.internal.DnsNameResolver.resolveAddresses(DnsNameResolver.java:220)
	... 5 more
}"}
{"timestamp":"2026-09-26T09:45:07.191Z","level":"WARN","service":"flashsale-activity","trace_id":"","span_id":"","user_id":"","order_id":"","event_id":"","idempotency_key":"","outbox_id":"","error_code":"","logger":"o.a.s.a.d.i.g.i.ManagedChannelImpl","message":"[Channel<1>: (skywalking-oap:11800)] Failed to resolve name. status=Status{code=UNAVAILABLE, description=Unable to resolve host skywalking-oap, cause=java.lang.RuntimeException: java.net.UnknownHostException: skywalking-oap
	at org.apache.skywalking.apm.dependencies.io.grpc.internal.DnsNameResolver.resolveAddresses(DnsNameResolver.java:224)
	at org.apache.skywalking.apm.dependencies.io.grpc.internal.DnsNameResolver.doResolve(DnsNameResolver.java:283)
	at org.apache.skywalking.apm.dependencies.io.grpc.internal.DnsNameResolver$Resolve.run(DnsNameResolver.java:320)
	at java.base/java.util.concurrent.ThreadPoolExecutor.runWorker(Unknown Source)
	at java.base/java.util.concurrent.ThreadPoolExecutor$Worker.run(Unknown Source)
	at java.base/java.lang.Thread.run(Unknown Source)
Caused by: java.net.UnknownHostException: skywalking-oap
	at java.base/java.net.InetAddress$CachedLookup.get(Unknown Source)
	at java.base/java.net.InetAddress.getAllByName0(Unknown Source)
	at java.base/java.net.InetAddress.getAllByName(Unknown Source)
	at org.apache.skywalking.apm.dependencies.io.grpc.internal.DnsNameResolver$JdkAddressResolver.resolveAddress(DnsNameResolver.java:644)
	at org.apache.skywalking.apm.dependencies.io.grpc.internal.DnsNameResolver.resolveAddresses(DnsNameResolver.java:220)
	... 5 more
}"}
{"timestamp":"2026-09-26T09:45:20.708Z","level":"WARN","service":"flashsale-activity","trace_id":"","span_id":"","user_id":"","order_id":"","event_id":"","idempotency_key":"","outbox_id":"","error_code":"","logger":"o.a.s.a.d.i.g.i.ManagedChannelImpl","message":"[Channel<1>: (skywalking-oap:11800)] Failed to resolve name. status=Status{code=UNAVAILABLE, description=Unable to resolve host skywalking-oap, cause=java.lang.RuntimeException: java.net.UnknownHostException: skywalking-oap: Temporary failure in name resolution
	at org.apache.skywalking.apm.dependencies.io.grpc.internal.DnsNameResolver.resolveAddresses(DnsNameResolver.java:224)
	at org.apache.skywalking.apm.dependencies.io.grpc.internal.DnsNameResolver.doResolve(DnsNameResolver.java:283)
	at org.apache.skywalking.apm.dependencies.io.grpc.internal.DnsNameResolver$Resolve.run(DnsNameResolver.java:320)
	at java.base/java.util.concurrent.ThreadPoolExecutor.runWorker(Unknown Source)
	at java.base/java.util.concurrent.ThreadPoolExecutor$Worker.run(Unknown Source)
	at java.base/java.lang.Thread.run(Unknown Source)
Caused by: java.net.UnknownHostException: skywalking-oap: Temporary failure in name resolution
	at java.base/java.net.Inet6AddressImpl.lookupAllHostAddr(Native Method)
	at java.base/java.net.Inet6AddressImpl.lookupAllHostAddr(Unknown Source)
	at java.base/java.net.InetAddress$PlatformResolver.lookupByName(Unknown Source)
	at java.base/java.net.InetAddress.getAddressesFromNameService(Unknown Source)
	at java.base/java.net.InetAddress$NameServiceAddresses.get(Unknown Source)
	at java.base/java.net.InetAddress.getAllByName0(Unknown Source)
	at java.base/java.net.InetAddress.getAllByName(Unknown Source)
	at org.apache.skywalking.apm.dependencies.io.grpc.internal.DnsNameResolver$JdkAddressResolver.resolveAddress(DnsNameResolver.java:644)
	at org.apache.skywalking.apm.dependencies.io.grpc.internal.DnsNameResolver.resolveAddresses(DnsNameResolver.java:220)
	... 5 more
}"}
{"timestamp":"2026-09-26T09:45:48.355Z","level":"WARN","service":"flashsale-activity","trace_id":"","span_id":"","user_id":"","order_id":"","event_id":"","idempotency_key":"","outbox_id":"","error_code":"","logger":"o.a.s.a.d.i.g.i.ManagedChannelImpl","message":"[Channel<1>: (skywalking-oap:11800)] Failed to resolve name. status=Status{code=UNAVAILABLE, description=Unable to resolve host skywalking-oap, cause=java.lang.RuntimeException: java.net.UnknownHostException: skywalking-oap: Temporary failure in name resolution
	at org.apache.skywalking.apm.dependencies.io.grpc.internal.DnsNameResolver.resolveAddresses(DnsNameResolver.java:224)
	at org.apache.skywalking.apm.dependencies.io.grpc.internal.DnsNameResolver.doResolve(DnsNameResolver.java:283)
	at org.apache.skywalking.apm.dependencies.io.grpc.internal.DnsNameResolver$Resolve.run(DnsNameResolver.java:320)
	at java.base/java.util.concurrent.ThreadPoolExecutor.runWorker(Unknown Source)
	at java.base/java.util.concurrent.ThreadPoolExecutor$Worker.run(Unknown Source)
	at java.base/java.lang.Thread.run(Unknown Source)
Caused by: java.net.UnknownHostException: skywalking-oap: Temporary failure in name resolution
	at java.base/java.net.Inet6AddressImpl.lookupAllHostAddr(Native Method)
	at java.base/java.net.Inet6AddressImpl.lookupAllHostAddr(Unknown Source)
	at java.base/java.net.InetAddress$PlatformResolver.lookupByName(Unknown Source)
	at java.base/java.net.InetAddress.getAddressesFromNameService(Unknown Source)
	at java.base/java.net.InetAddress$NameServiceAddresses.get(Unknown Source)
	at java.base/java.net.InetAddress.getAllByName0(Unknown Source)
	at java.base/java.net.InetAddress.getAllByName(Unknown Source)
	at org.apache.skywalking.apm.dependencies.io.grpc.internal.DnsNameResolver$JdkAddressResolver.resolveAddress(DnsNameResolver.java:644)
	at org.apache.skywalking.apm.dependencies.io.grpc.internal.DnsNameResolver.resolveAddresses(DnsNameResolver.java:220)
	... 5 more
}"}
{"timestamp":"2026-09-26T09:46:25.732Z","level":"WARN","service":"flashsale-activity","trace_id":"","span_id":"","user_id":"","order_id":"","event_id":"","idempotency_key":"","outbox_id":"","error_code":"","logger":"o.a.s.a.d.i.g.i.ManagedChannelImpl","message":"[Channel<1>: (skywalking-oap:11800)] Failed to resolve name. status=Status{code=UNAVAILABLE, description=Unable to resolve host skywalking-oap, cause=java.lang.RuntimeException: java.net.UnknownHostException: skywalking-oap: Temporary failure in name resolution
	at org.apache.skywalking.apm.dependencies.io.grpc.internal.DnsNameResolver.resolveAddresses(DnsNameResolver.java:224)
	at org.apache.skywalking.apm.dependencies.io.grpc.internal.DnsNameResolver.doResolve(DnsNameResolver.java:283)
	at org.apache.skywalking.apm.dependencies.io.grpc.internal.DnsNameResolver$Resolve.run(DnsNameResolver.java:320)
	at java.base/java.util.concurrent.ThreadPoolExecutor.runWorker(Unknown Source)
	at java.base/java.util.concurrent.ThreadPoolExecutor$Worker.run(Unknown Source)
	at java.base/java.lang.Thread.run(Unknown Source)
Caused by: java.net.UnknownHostException: skywalking-oap: Temporary failure in name resolution
	at java.base/java.net.Inet6AddressImpl.lookupAllHostAddr(Native Method)
	at java.base/java.net.Inet6AddressImpl.lookupAllHostAddr(Unknown Source)
	at java.base/java.net.InetAddress$PlatformResolver.lookupByName(Unknown Source)
	at java.base/java.net.InetAddress.getAddressesFromNameService(Unknown Source)
	at java.base/java.net.InetAddress$NameServiceAddresses.get(Unknown Source)
	at java.base/java.net.InetAddress.getAllByName0(Unknown Source)
	at java.base/java.net.InetAddress.getAllByName(Unknown Source)
	at org.apache.skywalking.apm.dependencies.io.grpc.internal.DnsNameResolver$JdkAddressResolver.resolveAddress(DnsNameResolver.java:644)
	at org.apache.skywalking.apm.dependencies.io.grpc.internal.DnsNameResolver.resolveAddresses(DnsNameResolver.java:220)
	... 5 more
}"}
{"timestamp":"2026-09-26T09:47:33.418Z","level":"WARN","service":"flashsale-activity","trace_id":"","span_id":"","user_id":"","order_id":"","event_id":"","idempotency_key":"","outbox_id":"","error_code":"","logger":"o.a.s.a.d.i.g.i.ManagedChannelImpl","message":"[Channel<1>: (skywalking-oap:11800)] Failed to resolve name. status=Status{code=UNAVAILABLE, description=Unable to resolve host skywalking-oap, cause=java.lang.RuntimeException: java.net.UnknownHostException: skywalking-oap: Temporary failure in name resolution
	at org.apache.skywalking.apm.dependencies.io.grpc.internal.DnsNameResolver.resolveAddresses(DnsNameResolver.java:224)
	at org.apache.skywalking.apm.dependencies.io.grpc.internal.DnsNameResolver.doResolve(DnsNameResolver.java:283)
	at org.apache.skywalking.apm.dependencies.io.grpc.internal.DnsNameResolver$Resolve.run(DnsNameResolver.java:320)
	at java.base/java.util.concurrent.ThreadPoolExecutor.runWorker(Unknown Source)
	at java.base/java.util.concurrent.ThreadPoolExecutor$Worker.run(Unknown Source)
	at java.base/java.lang.Thread.run(Unknown Source)
Caused by: java.net.UnknownHostException: skywalking-oap: Temporary failure in name resolution
	at java.base/java.net.Inet6AddressImpl.lookupAllHostAddr(Native Method)
	at java.base/java.net.Inet6AddressImpl.lookupAllHostAddr(Unknown Source)
	at java.base/java.net.InetAddress$PlatformResolver.lookupByName(Unknown Source)
	at java.base/java.net.InetAddress.getAddressesFromNameService(Unknown Source)
	at java.base/java.net.InetAddress$NameServiceAddresses.get(Unknown Source)
	at java.base/java.net.InetAddress.getAllByName0(Unknown Source)
	at java.base/java.net.InetAddress.getAllByName(Unknown Source)
	at org.apache.skywalking.apm.dependencies.io.grpc.internal.DnsNameResolver$JdkAddressResolver.resolveAddress(DnsNameResolver.java:644)
	at org.apache.skywalking.apm.dependencies.io.grpc.internal.DnsNameResolver.resolveAddresses(DnsNameResolver.java:220)
	... 5 more
}"}
{"timestamp":"2026-09-26T09:49:05.271Z","level":"WARN","service":"flashsale-activity","trace_id":"","span_id":"","user_id":"","order_id":"","event_id":"","idempotency_key":"","outbox_id":"","error_code":"","logger":"o.a.s.a.d.i.g.i.ManagedChannelImpl","message":"[Channel<1>: (skywalking-oap:11800)] Failed to resolve name. status=Status{code=UNAVAILABLE, description=Unable to resolve host skywalking-oap, cause=java.lang.RuntimeException: java.net.UnknownHostException: skywalking-oap: Temporary failure in name resolution
	at org.apache.skywalking.apm.dependencies.io.grpc.internal.DnsNameResolver.resolveAddresses(DnsNameResolver.java:224)
	at org.apache.skywalking.apm.dependencies.io.grpc.internal.DnsNameResolver.doResolve(DnsNameResolver.java:283)
	at org.apache.skywalking.apm.dependencies.io.grpc.internal.DnsNameResolver$Resolve.run(DnsNameResolver.java:320)
	at java.base/java.util.concurrent.ThreadPoolExecutor.runWorker(Unknown Source)
	at java.base/java.util.concurrent.ThreadPoolExecutor$Worker.run(Unknown Source)
	at java.base/java.lang.Thread.run(Unknown Source)
Caused by: java.net.UnknownHostException: skywalking-oap: Temporary failure in name resolution
	at java.base/java.net.Inet6AddressImpl.lookupAllHostAddr(Native Method)
	at java.base/java.net.Inet6AddressImpl.lookupAllHostAddr(Unknown Source)
	at java.base/java.net.InetAddress$PlatformResolver.lookupByName(Unknown Source)
	at java.base/java.net.InetAddress.getAddressesFromNameService(Unknown Source)
	at java.base/java.net.InetAddress$NameServiceAddresses.get(Unknown Source)
	at java.base/java.net.InetAddress.getAllByName0(Unknown Source)
	at java.base/java.net.InetAddress.getAllByName(Unknown Source)
	at org.apache.skywalking.apm.dependencies.io.grpc.internal.DnsNameResolver$JdkAddressResolver.resolveAddress(DnsNameResolver.java:644)
	at org.apache.skywalking.apm.dependencies.io.grpc.internal.DnsNameResolver.resolveAddresses(DnsNameResolver.java:220)
	... 5 more
}"}
{"timestamp":"2026-09-26T09:50:58.424Z","level":"WARN","service":"flashsale-activity","trace_id":"","span_id":"","user_id":"","order_id":"","event_id":"","idempotency_key":"","outbox_id":"","error_code":"","logger":"o.a.s.a.d.i.g.i.ManagedChannelImpl","message":"[Channel<1>: (skywalking-oap:11800)] Failed to resolve name. status=Status{code=UNAVAILABLE, description=Unable to resolve host skywalking-oap, cause=java.lang.RuntimeException: java.net.UnknownHostException: skywalking-oap: Temporary failure in name resolution
	at org.apache.skywalking.apm.dependencies.io.grpc.internal.DnsNameResolver.resolveAddresses(DnsNameResolver.java:224)
	at org.apache.skywalking.apm.dependencies.io.grpc.internal.DnsNameResolver.doResolve(DnsNameResolver.java:283)
	at org.apache.skywalking.apm.dependencies.io.grpc.internal.DnsNameResolver$Resolve.run(DnsNameResolver.java:320)
	at java.base/java.util.concurrent.ThreadPoolExecutor.runWorker(Unknown Source)
	at java.base/java.util.concurrent.ThreadPoolExecutor$Worker.run(Unknown Source)
	at java.base/java.lang.Thread.run(Unknown Source)
Caused by: java.net.UnknownHostException: skywalking-oap: Temporary failure in name resolution
	at java.base/java.net.Inet6AddressImpl.lookupAllHostAddr(Native Method)
	at java.base/java.net.Inet6AddressImpl.lookupAllHostAddr(Unknown Source)
	at java.base/java.net.InetAddress$PlatformResolver.lookupByName(Unknown Source)
	at java.base/java.net.InetAddress.getAddressesFromNameService(Unknown Source)
	at java.base/java.net.InetAddress$NameServiceAddresses.get(Unknown Source)
	at java.base/java.net.InetAddress.getAllByName0(Unknown Source)
	at java.base/java.net.InetAddress.getAllByName(Unknown Source)
	at org.apache.skywalking.apm.dependencies.io.grpc.internal.DnsNameResolver$JdkAddressResolver.resolveAddress(DnsNameResolver.java:644)
	at org.apache.skywalking.apm.dependencies.io.grpc.internal.DnsNameResolver.resolveAddresses(DnsNameResolver.java:220)
	... 5 more
}"}
{"timestamp":"2026-09-26T09:52:47.478Z","level":"WARN","service":"flashsale-activity","trace_id":"","span_id":"","user_id":"","order_id":"","event_id":"","idempotency_key":"","outbox_id":"","error_code":"","logger":"o.a.s.a.d.i.g.i.ManagedChannelImpl","message":"[Channel<1>: (skywalking-oap:11800)] Failed to resolve name. status=Status{code=UNAVAILABLE, description=Unable to resolve host skywalking-oap, cause=java.lang.RuntimeException: java.net.UnknownHostException: skywalking-oap: Temporary failure in name resolution
	at org.apache.skywalking.apm.dependencies.io.grpc.internal.DnsNameResolver.resolveAddresses(DnsNameResolver.java:224)
	at org.apache.skywalking.apm.dependencies.io.grpc.internal.DnsNameResolver.doResolve(DnsNameResolver.java:283)
	at org.apache.skywalking.apm.dependencies.io.grpc.internal.DnsNameResolver$Resolve.run(DnsNameResolver.java:320)
	at java.base/java.util.concurrent.ThreadPoolExecutor.runWorker(Unknown Source)
	at java.base/java.util.concurrent.ThreadPoolExecutor$Worker.run(Unknown Source)
	at java.base/java.lang.Thread.run(Unknown Source)
Caused by: java.net.UnknownHostException: skywalking-oap: Temporary failure in name resolution
	at java.base/java.net.Inet6AddressImpl.lookupAllHostAddr(Native Method)
	at java.base/java.net.Inet6AddressImpl.lookupAllHostAddr(Unknown Source)
	at java.base/java.net.InetAddress$PlatformResolver.lookupByName(Unknown Source)
	at java.base/java.net.InetAddress.getAddressesFromNameService(Unknown Source)
	at java.base/java.net.InetAddress$NameServiceAddresses.get(Unknown Source)
	at java.base/java.net.InetAddress.getAllByName0(Unknown Source)
	at java.base/java.net.InetAddress.getAllByName(Unknown Source)
	at org.apache.skywalking.apm.dependencies.io.grpc.internal.DnsNameResolver$JdkAddressResolver.resolveAddress(DnsNameResolver.java:644)
	at org.apache.skywalking.apm.dependencies.io.grpc.internal.DnsNameResolver.resolveAddresses(DnsNameResolver.java:220)
	... 5 more
}"}
{"timestamp":"2026-09-26T09:54:46.673Z","level":"WARN","service":"flashsale-activity","trace_id":"","span_id":"","user_id":"","order_id":"","event_id":"","idempotency_key":"","outbox_id":"","error_code":"","logger":"o.a.s.a.d.i.g.i.ManagedChannelImpl","message":"[Channel<1>: (skywalking-oap:11800)] Failed to resolve name. status=Status{code=UNAVAILABLE, description=Unable to resolve host skywalking-oap, cause=java.lang.RuntimeException: java.net.UnknownHostException: skywalking-oap: Temporary failure in name resolution
	at org.apache.skywalking.apm.dependencies.io.grpc.internal.DnsNameResolver.resolveAddresses(DnsNameResolver.java:224)
	at org.apache.skywalking.apm.dependencies.io.grpc.internal.DnsNameResolver.doResolve(DnsNameResolver.java:283)
	at org.apache.skywalking.apm.dependencies.io.grpc.internal.DnsNameResolver$Resolve.run(DnsNameResolver.java:320)
	at java.base/java.util.concurrent.ThreadPoolExecutor.runWorker(Unknown Source)
	at java.base/java.util.concurrent.ThreadPoolExecutor$Worker.run(Unknown Source)
	at java.base/java.lang.Thread.run(Unknown Source)
Caused by: java.net.UnknownHostException: skywalking-oap: Temporary failure in name resolution
	at java.base/java.net.Inet6AddressImpl.lookupAllHostAddr(Native Method)
	at java.base/java.net.Inet6AddressImpl.lookupAllHostAddr(Unknown Source)
	at java.base/java.net.InetAddress$PlatformResolver.lookupByName(Unknown Source)
	at java.base/java.net.InetAddress.getAddressesFromNameService(Unknown Source)
	at java.base/java.net.InetAddress$NameServiceAddresses.get(Unknown Source)
	at java.base/java.net.InetAddress.getAllByName0(Unknown Source)
	at java.base/java.net.InetAddress.getAllByName(Unknown Source)
	at org.apache.skywalking.apm.dependencies.io.grpc.internal.DnsNameResolver$JdkAddressResolver.resolveAddress(DnsNameResolver.java:644)
	at org.apache.skywalking.apm.dependencies.io.grpc.internal.DnsNameResolver.resolveAddresses(DnsNameResolver.java:220)
	... 5 more
}"}
{"timestamp":"2026-09-26T09:56:35.626Z","level":"WARN","service":"flashsale-activity","trace_id":"","span_id":"","user_id":"","order_id":"","event_id":"","idempotency_key":"","outbox_id":"","error_code":"","logger":"o.a.s.a.d.i.g.i.ManagedChannelImpl","message":"[Channel<1>: (skywalking-oap:11800)] Failed to resolve name. status=Status{code=UNAVAILABLE, description=Unable to resolve host skywalking-oap, cause=java.lang.RuntimeException: java.net.UnknownHostException: skywalking-oap: Temporary failure in name resolution
	at org.apache.skywalking.apm.dependencies.io.grpc.internal.DnsNameResolver.resolveAddresses(DnsNameResolver.java:224)
	at org.apache.skywalking.apm.dependencies.io.grpc.internal.DnsNameResolver.doResolve(DnsNameResolver.java:283)
	at org.apache.skywalking.apm.dependencies.io.grpc.internal.DnsNameResolver$Resolve.run(DnsNameResolver.java:320)
	at java.base/java.util.concurrent.ThreadPoolExecutor.runWorker(Unknown Source)
	at java.base/java.util.concurrent.ThreadPoolExecutor$Worker.run(Unknown Source)
	at java.base/java.lang.Thread.run(Unknown Source)
Caused by: java.net.UnknownHostException: skywalking-oap: Temporary failure in name resolution
	at java.base/java.net.Inet6AddressImpl.lookupAllHostAddr(Native Method)
	at java.base/java.net.Inet6AddressImpl.lookupAllHostAddr(Unknown Source)
	at java.base/java.net.InetAddress$PlatformResolver.lookupByName(Unknown Source)
	at java.base/java.net.InetAddress.getAddressesFromNameService(Unknown Source)
	at java.base/java.net.InetAddress$NameServiceAddresses.get(Unknown Source)
	at java.base/java.net.InetAddress.getAllByName0(Unknown Source)
	at java.base/java.net.InetAddress.getAllByName(Unknown Source)
	at org.apache.skywalking.apm.dependencies.io.grpc.internal.DnsNameResolver$JdkAddressResolver.resolveAddress(DnsNameResolver.java:644)
	at org.apache.skywalking.apm.dependencies.io.grpc.internal.DnsNameResolver.resolveAddresses(DnsNameResolver.java:220)
	... 5 more
}"}
{"timestamp":"2026-09-26T09:58:48.029Z","level":"WARN","service":"flashsale-activity","trace_id":"","span_id":"","user_id":"","order_id":"","event_id":"","idempotency_key":"","outbox_id":"","error_code":"","logger":"o.a.s.a.d.i.g.i.ManagedChannelImpl","message":"[Channel<1>: (skywalking-oap:11800)] Failed to resolve name. status=Status{code=UNAVAILABLE, description=Unable to resolve host skywalking-oap, cause=java.lang.RuntimeException: java.net.UnknownHostException: skywalking-oap: Temporary failure in name resolution
	at org.apache.skywalking.apm.dependencies.io.grpc.internal.DnsNameResolver.resolveAddresses(DnsNameResolver.java:224)
	at org.apache.skywalking.apm.dependencies.io.grpc.internal.DnsNameResolver.doResolve(DnsNameResolver.java:283)
	at org.apache.skywalking.apm.dependencies.io.grpc.internal.DnsNameResolver$Resolve.run(DnsNameResolver.java:320)
	at java.base/java.util.concurrent.ThreadPoolExecutor.runWorker(Unknown Source)
	at java.base/java.util.concurrent.ThreadPoolExecutor$Worker.run(Unknown Source)
	at java.base/java.lang.Thread.run(Unknown Source)
Caused by: java.net.UnknownHostException: skywalking-oap: Temporary failure in name resolution
	at java.base/java.net.Inet6AddressImpl.lookupAllHostAddr(Native Method)
	at java.base/java.net.Inet6AddressImpl.lookupAllHostAddr(Unknown Source)
	at java.base/java.net.InetAddress$PlatformResolver.lookupByName(Unknown Source)
	at java.base/java.net.InetAddress.getAddressesFromNameService(Unknown Source)
	at java.base/java.net.InetAddress$NameServiceAddresses.get(Unknown Source)
	at java.base/java.net.InetAddress.getAllByName0(Unknown Source)
	at java.base/java.net.InetAddress.getAllByName(Unknown Source)
	at org.apache.skywalking.apm.dependencies.io.grpc.internal.DnsNameResolver$JdkAddressResolver.resolveAddress(DnsNameResolver.java:644)
	at org.apache.skywalking.apm.dependencies.io.grpc.internal.DnsNameResolver.resolveAddresses(DnsNameResolver.java:220)
	... 5 more
}"}
{"timestamp":"2026-09-26T10:01:01.765Z","level":"WARN","service":"flashsale-activity","trace_id":"","span_id":"","user_id":"","order_id":"","event_id":"","idempotency_key":"","outbox_id":"","error_code":"","logger":"o.a.s.a.d.i.g.i.ManagedChannelImpl","message":"[Channel<1>: (skywalking-oap:11800)] Failed to resolve name. status=Status{code=UNAVAILABLE, description=Unable to resolve host skywalking-oap, cause=java.lang.RuntimeException: java.net.UnknownHostException: skywalking-oap: Temporary failure in name resolution
	at org.apache.skywalking.apm.dependencies.io.grpc.internal.DnsNameResolver.resolveAddresses(DnsNameResolver.java:224)
	at org.apache.skywalking.apm.dependencies.io.grpc.internal.DnsNameResolver.doResolve(DnsNameResolver.java:283)
	at org.apache.skywalking.apm.dependencies.io.grpc.internal.DnsNameResolver$Resolve.run(DnsNameResolver.java:320)
	at java.base/java.util.concurrent.ThreadPoolExecutor.runWorker(Unknown Source)
	at java.base/java.util.concurrent.ThreadPoolExecutor$Worker.run(Unknown Source)
	at java.base/java.lang.Thread.run(Unknown Source)
Caused by: java.net.UnknownHostException: skywalking-oap: Temporary failure in name resolution
	at java.base/java.net.Inet6AddressImpl.lookupAllHostAddr(Native Method)
	at java.base/java.net.Inet6AddressImpl.lookupAllHostAddr(Unknown Source)
	at java.base/java.net.InetAddress$PlatformResolver.lookupByName(Unknown Source)
	at java.base/java.net.InetAddress.getAddressesFromNameService(Unknown Source)
	at java.base/java.net.InetAddress$NameServiceAddresses.get(Unknown Source)
	at java.base/java.net.InetAddress.getAllByName0(Unknown Source)
	at java.base/java.net.InetAddress.getAllByName(Unknown Source)
	at org.apache.skywalking.apm.dependencies.io.grpc.internal.DnsNameResolver$JdkAddressResolver.resolveAddress(DnsNameResolver.java:644)
	at org.apache.skywalking.apm.dependencies.io.grpc.internal.DnsNameResolver.resolveAddresses(DnsNameResolver.java:220)
	... 5 more
}"}
