Picked up JAVA_TOOL_OPTIONS: -Xms64m -Xmx256m
DEBUG 2026-09-26 08:43:35.205 main AgentPackagePath : The beacon class location is jar:file:/opt/skywalking/agent/skywalking-agent.jar!/org/apache/skywalking/apm/agent/core/boot/AgentPackagePath.class. 
INFO 2026-09-26 08:43:35.207 main SnifferConfigInitializer : Config file found in /opt/skywalking/agent/config/agent.config. 
INFO 2026-09-26 08:43:35.283 main SnifferConfigInitializer : SnifferConfigInitializer url:jar:file:/app/app.jar!/META-INF/MANIFEST.MF 
INFO 2026-09-26 08:43:35.287 main SnifferConfigInitializer : SnifferConfigInitializer url:jar:file:/opt/skywalking/agent/skywalking-agent.jar!/META-INF/MANIFEST.MF 
INFO 2026-09-26 08:43:35.298 main AgentClassLoader : /opt/skywalking/agent/plugins/motan-plugin-9.4.0.jar loaded. 
INFO 2026-09-26 08:43:35.302 main AgentClassLoader : /opt/skywalking/agent/plugins/sofa-rpc-plugin-9.4.0.jar loaded. 
INFO 2026-09-26 08:43:35.303 main AgentClassLoader : /opt/skywalking/agent/plugins/baidu-brpc-plugin-9.4.0.jar loaded. 
INFO 2026-09-26 08:43:35.304 main AgentClassLoader : /opt/skywalking/agent/plugins/baidu-brpc-3.x-plugin-9.4.0.jar loaded. 
INFO 2026-09-26 08:43:35.305 main AgentClassLoader : /opt/skywalking/agent/plugins/apm-httpasyncclient-4.x-plugin-9.4.0.jar loaded. 
INFO 2026-09-26 08:43:35.306 main AgentClassLoader : /opt/skywalking/agent/plugins/solon-2.x-plugin-9.4.0.jar loaded. 
INFO 2026-09-26 08:43:35.307 main AgentClassLoader : /opt/skywalking/agent/plugins/apm-undertow-2.x-plugin-9.4.0.jar loaded. 
INFO 2026-09-26 08:43:35.308 main AgentClassLoader : /opt/skywalking/agent/plugins/apm-postgresql-8.x-plugin-9.4.0.jar loaded. 
INFO 2026-09-26 08:43:35.309 main AgentClassLoader : /opt/skywalking/agent/plugins/apm-xxl-job-2.x-plugin-9.4.0.jar loaded. 
INFO 2026-09-26 08:43:35.309 main AgentClassLoader : /opt/skywalking/agent/plugins/apm-okhttp-3.x-plugin-9.4.0.jar loaded. 
INFO 2026-09-26 08:43:35.310 main AgentClassLoader : /opt/skywalking/agent/plugins/apm-springmvc-annotation-3.x-plugin-9.4.0.jar loaded. 
INFO 2026-09-26 08:43:35.312 main AgentClassLoader : /opt/skywalking/agent/plugins/apm-light4j-plugin-9.4.0.jar loaded. 
INFO 2026-09-26 08:43:35.313 main AgentClassLoader : /opt/skywalking/agent/plugins/apm-vertx-core-4.x-plugin-9.4.0.jar loaded. 
INFO 2026-09-26 08:43:35.319 main AgentClassLoader : /opt/skywalking/agent/plugins/resteasy-server-6.x-plugin-9.4.0.jar loaded. 
INFO 2026-09-26 08:43:35.320 main AgentClassLoader : /opt/skywalking/agent/plugins/apm-undertow-worker-thread-pool-plugin-9.4.0.jar loaded. 
INFO 2026-09-26 08:43:35.320 main AgentClassLoader : /opt/skywalking/agent/plugins/apm-spring-cloud-feign-2.x-plugin-9.4.0.jar loaded. 
INFO 2026-09-26 08:43:35.323 main AgentClassLoader : /opt/skywalking/agent/plugins/apm-sharding-sphere-3.x-plugin-9.4.0.jar loaded. 
INFO 2026-09-26 08:43:35.324 main AgentClassLoader : /opt/skywalking/agent/plugins/apm-okhttp-common-9.4.0.jar loaded. 
INFO 2026-09-26 08:43:35.324 main AgentClassLoader : /opt/skywalking/agent/plugins/apm-kylin-jdbc-2.6.x-3.x-4.x-plugin-9.4.0.jar loaded. 
INFO 2026-09-26 08:43:35.326 main AgentClassLoader : /opt/skywalking/agent/plugins/apm-spring-concurrent-util-4.x-plugin-9.4.0.jar loaded. 
INFO 2026-09-26 08:43:35.326 main AgentClassLoader : /opt/skywalking/agent/plugins/apm-redisson-3.x-plugin-9.4.0.jar loaded. 
INFO 2026-09-26 08:43:35.328 main AgentClassLoader : /opt/skywalking/agent/plugins/apm-h2-1.x-plugin-9.4.0.jar loaded. 
INFO 2026-09-26 08:43:35.329 main AgentClassLoader : /opt/skywalking/agent/plugins/apm-activemq-5.x-plugin-9.4.0.jar loaded. 
INFO 2026-09-26 08:43:35.330 main AgentClassLoader : /opt/skywalking/agent/plugins/apm-hutool-http-5.x-plugin-9.4.0.jar loaded. 
INFO 2026-09-26 08:43:35.331 main AgentClassLoader : /opt/skywalking/agent/plugins/apm-pulsar-2.8.x-plugin-9.4.0.jar loaded. 
INFO 2026-09-26 08:43:35.332 main AgentClassLoader : /opt/skywalking/agent/plugins/spring-commons-9.4.0.jar loaded. 
INFO 2026-09-26 08:43:35.333 main AgentClassLoader : /opt/skywalking/agent/plugins/apm-nutz-mvc-annotation-1.x-plugin-9.4.0.jar loaded. 
INFO 2026-09-26 08:43:35.335 main AgentClassLoader : /opt/skywalking/agent/plugins/apm-mongodb-3.x-plugin-9.4.0.jar loaded. 
INFO 2026-09-26 08:43:35.336 main AgentClassLoader : /opt/skywalking/agent/plugins/spring-webflux-5.x-webclient-plugin-9.4.0.jar loaded. 
INFO 2026-09-26 08:43:35.337 main AgentClassLoader : /opt/skywalking/agent/plugins/apm-vertx-core-3.x-plugin-9.4.0.jar loaded. 
INFO 2026-09-26 08:43:35.339 main AgentClassLoader : /opt/skywalking/agent/plugins/dubbo-3.x-conflict-patch-9.4.0.jar loaded. 
INFO 2026-09-26 08:43:35.340 main AgentClassLoader : /opt/skywalking/agent/plugins/apm-kafka-commons-9.4.0.jar loaded. 
INFO 2026-09-26 08:43:35.341 main AgentClassLoader : /opt/skywalking/agent/plugins/apm-shardingsphere-4.0.x-plugin-9.4.0.jar loaded. 
INFO 2026-09-26 08:43:35.345 main AgentClassLoader : /opt/skywalking/agent/plugins/apm-grizzly-2.x-plugin-9.4.0.jar loaded. 
INFO 2026-09-26 08:43:35.347 main AgentClassLoader : /opt/skywalking/agent/plugins/apm-rocketMQ-5.x-plugin-9.4.0.jar loaded. 
INFO 2026-09-26 08:43:35.348 main AgentClassLoader : /opt/skywalking/agent/plugins/apm-jetty-client-11.x-plugin-9.4.0.jar loaded. 
INFO 2026-09-26 08:43:35.349 main AgentClassLoader : /opt/skywalking/agent/plugins/apm-play-2.x-plugin-9.4.0.jar loaded. 
INFO 2026-09-26 08:43:35.352 main AgentClassLoader : /opt/skywalking/agent/plugins/apm-springmvc-annotation-4.x-plugin-9.4.0.jar loaded. 
INFO 2026-09-26 08:43:35.353 main AgentClassLoader : /opt/skywalking/agent/plugins/apm-shardingsphere-5.0.0-plugin-9.4.0.jar loaded. 
INFO 2026-09-26 08:43:35.354 main AgentClassLoader : /opt/skywalking/agent/plugins/apm-cassandra-java-driver-3.x-plugin-9.4.0.jar loaded. 
INFO 2026-09-26 08:43:35.354 main AgentClassLoader : /opt/skywalking/agent/plugins/apm-rabbitmq-plugin-9.4.0.jar loaded. 
INFO 2026-09-26 08:43:35.355 main AgentClassLoader : /opt/skywalking/agent/plugins/apm-grizzly-2.x-4.x-work-threadpool-plugin-9.4.0.jar loaded. 
INFO 2026-09-26 08:43:35.356 main AgentClassLoader : /opt/skywalking/agent/plugins/apm-jetty-thread-pool-plugin-9.4.0.jar loaded. 
INFO 2026-09-26 08:43:35.356 main AgentClassLoader : /opt/skywalking/agent/plugins/micronaut-http-client-plugin-9.4.0.jar loaded. 
INFO 2026-09-26 08:43:35.357 main AgentClassLoader : /opt/skywalking/agent/plugins/okhttp-2.x-plugin-9.4.0.jar loaded. 
INFO 2026-09-26 08:43:35.357 main AgentClassLoader : /opt/skywalking/agent/plugins/graphql-9.x-plugin-9.4.0.jar loaded. 
INFO 2026-09-26 08:43:35.367 main AgentClassLoader : /opt/skywalking/agent/plugins/apm-servicecomb-java-chassis-2.x-plugin-9.4.0.jar loaded. 
INFO 2026-09-26 08:43:35.369 main AgentClassLoader : /opt/skywalking/agent/plugins/apm-httpClient-4.x-plugin-9.4.0.jar loaded. 
INFO 2026-09-26 08:43:35.369 main AgentClassLoader : /opt/skywalking/agent/plugins/apm-sharding-sphere-4.1.0-plugin-9.4.0.jar loaded. 
INFO 2026-09-26 08:43:35.370 main AgentClassLoader : /opt/skywalking/agent/plugins/apm-influxdb-2.x-plugin-9.4.0.jar loaded. 
INFO 2026-09-26 08:43:35.370 main AgentClassLoader : /opt/skywalking/agent/plugins/apm-okhttp-4.x-plugin-9.4.0.jar loaded. 
INFO 2026-09-26 08:43:35.371 main AgentClassLoader : /opt/skywalking/agent/plugins/apm-armeria-0.84.x-plugin-9.4.0.jar loaded. 
INFO 2026-09-26 08:43:35.371 main AgentClassLoader : /opt/skywalking/agent/plugins/nats-2.14.x-2.16.5-plugin-9.4.0.jar loaded. 
INFO 2026-09-26 08:43:35.372 main AgentClassLoader : /opt/skywalking/agent/plugins/apm-mysql-commons-9.4.0.jar loaded. 
INFO 2026-09-26 08:43:35.373 main AgentClassLoader : /opt/skywalking/agent/plugins/apm-feign-default-http-9.x-plugin-9.4.0.jar loaded. 
INFO 2026-09-26 08:43:35.374 main AgentClassLoader : /opt/skywalking/agent/plugins/micronaut-http-server-plugin-9.4.0.jar loaded. 
INFO 2026-09-26 08:43:35.374 main AgentClassLoader : /opt/skywalking/agent/plugins/apm-elasticsearch-6.x-plugin-9.4.0.jar loaded. 
INFO 2026-09-26 08:43:35.375 main AgentClassLoader : /opt/skywalking/agent/plugins/graphql-12.x-15.x-plugin-9.4.0.jar loaded. 
INFO 2026-09-26 08:43:35.387 main AgentClassLoader : /opt/skywalking/agent/plugins/apm-spring-kafka-1.x-plugin-9.4.0.jar loaded. 
INFO 2026-09-26 08:43:35.390 main AgentClassLoader : /opt/skywalking/agent/plugins/apm-dubbo-2.7.x-plugin-9.4.0.jar loaded. 
INFO 2026-09-26 08:43:35.395 main AgentClassLoader : /opt/skywalking/agent/plugins/tomcat-7.x-8.x-plugin-9.4.0.jar loaded. 
INFO 2026-09-26 08:43:35.396 main AgentClassLoader : /opt/skywalking/agent/plugins/apm-activemq-artemis-jakarta-client-2.x-plugin-9.4.0.jar loaded. 
INFO 2026-09-26 08:43:35.397 main AgentClassLoader : /opt/skywalking/agent/plugins/apm-httpclient-3.x-plugin-9.4.0.jar loaded. 
INFO 2026-09-26 08:43:35.398 main AgentClassLoader : /opt/skywalking/agent/plugins/apm-quasar-plugin-9.4.0.jar loaded. 
INFO 2026-09-26 08:43:35.398 main AgentClassLoader : /opt/skywalking/agent/plugins/apm-spring-kafka-2.x-plugin-9.4.0.jar loaded. 
INFO 2026-09-26 08:43:35.399 main AgentClassLoader : /opt/skywalking/agent/plugins/apm-pulsar-2.2-2.7-plugin-9.4.0.jar loaded. 
INFO 2026-09-26 08:43:35.400 main AgentClassLoader : /opt/skywalking/agent/plugins/apm-spring-core-patch-9.4.0.jar loaded. 
INFO 2026-09-26 08:43:35.401 main AgentClassLoader : /opt/skywalking/agent/plugins/apm-mysql-6.x-plugin-9.4.0.jar loaded. 
INFO 2026-09-26 08:43:35.401 main AgentClassLoader : /opt/skywalking/agent/plugins/druid-1.x-plugin-9.4.0.jar loaded. 
INFO 2026-09-26 08:43:35.402 main AgentClassLoader : /opt/skywalking/agent/plugins/apm-jdbc-commons-9.4.0.jar loaded. 
INFO 2026-09-26 08:43:35.403 main AgentClassLoader : /opt/skywalking/agent/plugins/apm-mssql-jdbc-plugin-9.4.0.jar loaded. 
INFO 2026-09-26 08:43:35.403 main AgentClassLoader : /opt/skywalking/agent/plugins/resteasy-server-4.x-plugin-9.4.0.jar loaded. 
INFO 2026-09-26 08:43:35.407 main AgentClassLoader : /opt/skywalking/agent/plugins/apm-grpc-1.x-plugin-9.4.0.jar loaded. 
INFO 2026-09-26 08:43:35.408 main AgentClassLoader : /opt/skywalking/agent/plugins/apm-pulsar-common-9.4.0.jar loaded. 
INFO 2026-09-26 08:43:35.412 main AgentClassLoader : /opt/skywalking/agent/plugins/apm-jetty-server-11.x-plugin-9.4.0.jar loaded. 
INFO 2026-09-26 08:43:35.413 main AgentClassLoader : /opt/skywalking/agent/plugins/apm-c3p0-0.9.x-plugin-9.4.0.jar loaded. 
INFO 2026-09-26 08:43:35.414 main AgentClassLoader : /opt/skywalking/agent/plugins/apm-spymemcached-2.x-plugin-9.4.0.jar loaded. 
INFO 2026-09-26 08:43:35.415 main AgentClassLoader : /opt/skywalking/agent/plugins/apm-dubbo-3.x-plugin-9.4.0.jar loaded. 
INFO 2026-09-26 08:43:35.415 main AgentClassLoader : /opt/skywalking/agent/plugins/dbcp-2.x-plugin-9.4.0.jar loaded. 
INFO 2026-09-26 08:43:35.417 main AgentClassLoader : /opt/skywalking/agent/plugins/apm-finagle-6.25.x-plugin-9.4.0.jar loaded. 
INFO 2026-09-26 08:43:35.422 main AgentClassLoader : /opt/skywalking/agent/plugins/apm-mssql-jtds-1.x-plugin-9.4.0.jar loaded. 
INFO 2026-09-26 08:43:35.427 main AgentClassLoader : /opt/skywalking/agent/plugins/thrift-plugin-9.4.0.jar loaded. 
INFO 2026-09-26 08:43:35.428 main AgentClassLoader : /opt/skywalking/agent/plugins/apm-nutz-http-1.x-plugin-9.4.0.jar loaded. 
INFO 2026-09-26 08:43:35.431 main AgentClassLoader : /opt/skywalking/agent/plugins/apm-asynchttpclient-2.x-plugin-9.4.0.jar loaded. 
INFO 2026-09-26 08:43:35.432 main AgentClassLoader : /opt/skywalking/agent/plugins/apm-spring-scheduled-annotation-plugin-9.4.0.jar loaded. 
INFO 2026-09-26 08:43:35.433 main AgentClassLoader : /opt/skywalking/agent/plugins/apm-jetty-client-9.0-plugin-9.4.0.jar loaded. 
INFO 2026-09-26 08:43:35.433 main AgentClassLoader : /opt/skywalking/agent/plugins/apm-canal-1.x-plugin-9.4.0.jar loaded. 
INFO 2026-09-26 08:43:35.435 main AgentClassLoader : /opt/skywalking/agent/plugins/apm-rocketmq-client-java-5.x-plugin-9.4.0.jar loaded. 
INFO 2026-09-26 08:43:35.435 main AgentClassLoader : /opt/skywalking/agent/plugins/apm-armeria-1.0.x-plugin-9.4.0.jar loaded. 
INFO 2026-09-26 08:43:35.436 main AgentClassLoader : /opt/skywalking/agent/plugins/apm-rocketmq-4.x-plugin-9.4.0.jar loaded. 
INFO 2026-09-26 08:43:35.440 main AgentClassLoader : /opt/skywalking/agent/plugins/apm-elasticsearch-7.x-plugin-9.4.0.jar loaded. 
INFO 2026-09-26 08:43:35.441 main AgentClassLoader : /opt/skywalking/agent/plugins/dubbo-conflict-patch-9.4.0.jar loaded. 
INFO 2026-09-26 08:43:35.444 main AgentClassLoader : /opt/skywalking/agent/plugins/apm-resttemplate-4.3.x-plugin-9.4.0.jar loaded. 
INFO 2026-09-26 08:43:35.445 main AgentClassLoader : /opt/skywalking/agent/plugins/apm-clickhouse-0.3.2.x-plugin-9.4.0.jar loaded. 
INFO 2026-09-26 08:43:35.446 main AgentClassLoader : /opt/skywalking/agent/plugins/apm-jetty-client-9.x-plugin-9.4.0.jar loaded. 
INFO 2026-09-26 08:43:35.446 main AgentClassLoader : /opt/skywalking/agent/plugins/apm-hikaricp-3.x-4.x-plugin-9.4.0.jar loaded. 
INFO 2026-09-26 08:43:35.447 main AgentClassLoader : /opt/skywalking/agent/plugins/apm-solrj-7.x-plugin-9.4.0.jar loaded. 
INFO 2026-09-26 08:43:35.448 main AgentClassLoader : /opt/skywalking/agent/plugins/apm-struts2-2.x-plugin-9.4.0.jar loaded. 
INFO 2026-09-26 08:43:35.449 main AgentClassLoader : /opt/skywalking/agent/plugins/jedis-4.x-plugin-9.4.0.jar loaded. 
INFO 2026-09-26 08:43:35.449 main AgentClassLoader : /opt/skywalking/agent/plugins/apm-springmvc-annotation-commons-9.4.0.jar loaded. 
INFO 2026-09-26 08:43:35.451 main AgentClassLoader : /opt/skywalking/agent/plugins/spring-webflux-6.x-webclient-plugin-9.4.0.jar loaded. 
INFO 2026-09-26 08:43:35.452 main AgentClassLoader : /opt/skywalking/agent/plugins/apm-jersey-2.x-plugin-9.4.0.jar loaded. 
INFO 2026-09-26 08:43:35.453 main AgentClassLoader : /opt/skywalking/agent/plugins/graphql-16plus-plugin-9.4.0.jar loaded. 
INFO 2026-09-26 08:43:35.453 main AgentClassLoader : /opt/skywalking/agent/plugins/apm-netty-socketio-plugin-9.4.0.jar loaded. 
INFO 2026-09-26 08:43:35.454 main AgentClassLoader : /opt/skywalking/agent/plugins/elasticsearch-common-9.4.0.jar loaded. 
INFO 2026-09-26 08:43:35.455 main AgentClassLoader : /opt/skywalking/agent/plugins/apm-mssql-commons-9.4.0.jar loaded. 
INFO 2026-09-26 08:43:35.455 main AgentClassLoader : /opt/skywalking/agent/plugins/apm-httpclient-5.x-plugin-9.4.0.jar loaded. 
INFO 2026-09-26 08:43:35.456 main AgentClassLoader : /opt/skywalking/agent/plugins/apm-elastic-job-2.x-plugin-9.4.0.jar loaded. 
INFO 2026-09-26 08:43:35.456 main AgentClassLoader : /opt/skywalking/agent/plugins/apm-mysql-8.x-plugin-9.4.0.jar loaded. 
INFO 2026-09-26 08:43:35.457 main AgentClassLoader : /opt/skywalking/agent/plugins/apm-jersey-3.x-plugin-9.4.0.jar loaded. 
INFO 2026-09-26 08:43:35.457 main AgentClassLoader : /opt/skywalking/agent/plugins/apm-guava-eventbus-plugin-9.4.0.jar loaded. 
INFO 2026-09-26 08:43:35.458 main AgentClassLoader : /opt/skywalking/agent/plugins/apm-spring-async-annotation-plugin-9.4.0.jar loaded. 
INFO 2026-09-26 08:43:35.462 main AgentClassLoader : /opt/skywalking/agent/plugins/apm-elasticsearch-5.x-plugin-9.4.0.jar loaded. 
INFO 2026-09-26 08:43:35.463 main AgentClassLoader : /opt/skywalking/agent/plugins/jsonrpc4j-1.x-plugin-9.4.0.jar loaded. 
INFO 2026-09-26 08:43:35.465 main AgentClassLoader : /opt/skywalking/agent/plugins/apm-httpclient-commons-9.4.0.jar loaded. 
INFO 2026-09-26 08:43:35.466 main AgentClassLoader : /opt/skywalking/agent/plugins/graphql-8.x-plugin-9.4.0.jar loaded. 
INFO 2026-09-26 08:43:35.468 main AgentClassLoader : /opt/skywalking/agent/plugins/apm-mysql-5.x-plugin-9.4.0.jar loaded. 
INFO 2026-09-26 08:43:35.470 main AgentClassLoader : /opt/skywalking/agent/plugins/apm-jetty-server-9.x-plugin-9.4.0.jar loaded. 
INFO 2026-09-26 08:43:35.471 main AgentClassLoader : /opt/skywalking/agent/plugins/apm-lettuce-5.x-plugin-9.4.0.jar loaded. 
INFO 2026-09-26 08:43:35.475 main AgentClassLoader : /opt/skywalking/agent/plugins/resttemplate-commons-9.4.0.jar loaded. 
INFO 2026-09-26 08:43:35.479 main AgentClassLoader : /opt/skywalking/agent/plugins/apm-armeria-0.85.x-plugin-9.4.0.jar loaded. 
INFO 2026-09-26 08:43:35.481 main AgentClassLoader : /opt/skywalking/agent/plugins/apm-tomcat-thread-pool-plugin-9.4.0.jar loaded. 
INFO 2026-09-26 08:43:35.491 main AgentClassLoader : /opt/skywalking/agent/plugins/apm-resttemplate-3.x-plugin-9.4.0.jar loaded. 
INFO 2026-09-26 08:43:35.493 main AgentClassLoader : /opt/skywalking/agent/plugins/apm-avro-plugin-9.4.0.jar loaded. 
INFO 2026-09-26 08:43:35.494 main AgentClassLoader : /opt/skywalking/agent/plugins/resteasy-server-3.x-plugin-9.4.0.jar loaded. 
INFO 2026-09-26 08:43:35.495 main AgentClassLoader : /opt/skywalking/agent/plugins/tomcat-10x-plugin-9.4.0.jar loaded. 
INFO 2026-09-26 08:43:35.496 main AgentClassLoader : /opt/skywalking/agent/plugins/apm-elasticjob-3.x-plugin-9.4.0.jar loaded. 
INFO 2026-09-26 08:43:35.497 main AgentClassLoader : /opt/skywalking/agent/plugins/apm-kafka-plugin-9.4.0.jar loaded. 
INFO 2026-09-26 08:43:35.497 main AgentClassLoader : /opt/skywalking/agent/plugins/apm-hbase-1.x-2.x-plugin-9.4.0.jar loaded. 
INFO 2026-09-26 08:43:35.498 main AgentClassLoader : /opt/skywalking/agent/plugins/apm-aerospike-plugin-9.4.0.jar loaded. 
INFO 2026-09-26 08:43:35.499 main AgentClassLoader : /opt/skywalking/agent/plugins/apm-clickhouse-0.3.1-plugin-9.4.0.jar loaded. 
INFO 2026-09-26 08:43:35.499 main AgentClassLoader : /opt/skywalking/agent/plugins/apm-neo4j-4.x-plugin-9.4.0.jar loaded. 
INFO 2026-09-26 08:43:35.499 main AgentClassLoader : /opt/skywalking/agent/plugins/apm-mongodb-2.x-plugin-9.4.0.jar loaded. 
INFO 2026-09-26 08:43:35.500 main AgentClassLoader : /opt/skywalking/agent/plugins/apm-mariadb-2.x-plugin-9.4.0.jar loaded. 
INFO 2026-09-26 08:43:35.500 main AgentClassLoader : /opt/skywalking/agent/plugins/apm-cxf-3.x-plugin-9.4.0.jar loaded. 
INFO 2026-09-26 08:43:35.501 main AgentClassLoader : /opt/skywalking/agent/plugins/apm-rocketmq-3.x-plugin-9.4.0.jar loaded. 
INFO 2026-09-26 08:43:35.501 main AgentClassLoader : /opt/skywalking/agent/plugins/apm-mongodb-4.x-plugin-9.4.0.jar loaded. 
INFO 2026-09-26 08:43:35.502 main AgentClassLoader : /opt/skywalking/agent/plugins/apm-spring-cloud-feign-1.x-plugin-9.4.0.jar loaded. 
INFO 2026-09-26 08:43:35.502 main AgentClassLoader : /opt/skywalking/agent/plugins/apm-springmvc-annotation-5.x-plugin-9.4.0.jar loaded. 
INFO 2026-09-26 08:43:35.503 main AgentClassLoader : /opt/skywalking/agent/plugins/dubbo-2.7.x-conflict-patch-9.4.0.jar loaded. 
INFO 2026-09-26 08:43:35.503 main AgentClassLoader : /opt/skywalking/agent/plugins/websphere-liberty-23.x-plugin-9.4.0.jar loaded. 
INFO 2026-09-26 08:43:35.504 main AgentClassLoader : /opt/skywalking/agent/plugins/apm-hystrix-1.x-plugin-9.4.0.jar loaded. 
INFO 2026-09-26 08:43:35.504 main AgentClassLoader : /opt/skywalking/agent/plugins/jedis-2.x-3.x-plugin-9.4.0.jar loaded. 
INFO 2026-09-26 08:43:35.505 main AgentClassLoader : /opt/skywalking/agent/plugins/apm-dubbo-plugin-9.4.0.jar loaded. 
INFO 2026-09-26 08:43:35.505 main AgentClassLoader : /opt/skywalking/agent/plugins/apm-xmemcached-2.x-plugin-9.4.0.jar loaded. 
INFO 2026-09-26 08:43:35.506 main AgentClassLoader : /opt/skywalking/agent/plugins/apm-spring-webflux-6.x-plugin-9.4.0.jar loaded. 
INFO 2026-09-26 08:43:35.507 main AgentClassLoader : /opt/skywalking/agent/plugins/apm-spring-cloud-gateway-4.x-plugin-9.4.0.jar loaded. 
INFO 2026-09-26 08:43:35.507 main AgentClassLoader : /opt/skywalking/agent/activations/apm-toolkit-micrometer-activation-9.4.0.jar loaded. 
INFO 2026-09-26 08:43:35.508 main AgentClassLoader : /opt/skywalking/agent/activations/apm-toolkit-trace-activation-9.4.0.jar loaded. 
INFO 2026-09-26 08:43:35.508 main AgentClassLoader : /opt/skywalking/agent/activations/apm-toolkit-kafka-activation-9.4.0.jar loaded. 
INFO 2026-09-26 08:43:35.508 main AgentClassLoader : /opt/skywalking/agent/activations/apm-toolkit-webflux-activation-9.4.0.jar loaded. 
INFO 2026-09-26 08:43:35.509 main AgentClassLoader : /opt/skywalking/agent/activations/apm-toolkit-logging-common-9.4.0.jar loaded. 
INFO 2026-09-26 08:43:35.509 main AgentClassLoader : /opt/skywalking/agent/activations/apm-toolkit-meter-activation-9.4.0.jar loaded. 
INFO 2026-09-26 08:43:35.509 main AgentClassLoader : /opt/skywalking/agent/activations/apm-toolkit-log4j-2.x-activation-9.4.0.jar loaded. 
INFO 2026-09-26 08:43:35.509 main AgentClassLoader : /opt/skywalking/agent/activations/apm-toolkit-log4j-1.x-activation-9.4.0.jar loaded. 
INFO 2026-09-26 08:43:35.510 main AgentClassLoader : /opt/skywalking/agent/activations/apm-toolkit-opentracing-activation-9.4.0.jar loaded. 
INFO 2026-09-26 08:43:35.510 main AgentClassLoader : /opt/skywalking/agent/activations/apm-toolkit-logback-1.x-activation-9.4.0.jar loaded. 
INFO 2026-09-26 08:43:35.540 main PluginResourcesResolver : find skywalking plugin define in jar:file:/opt/skywalking/agent/plugins/motan-plugin-9.4.0.jar!/skywalking-plugin.def 
INFO 2026-09-26 08:43:35.541 main PluginResourcesResolver : find skywalking plugin define in jar:file:/opt/skywalking/agent/plugins/sofa-rpc-plugin-9.4.0.jar!/skywalking-plugin.def 
INFO 2026-09-26 08:43:35.541 main PluginResourcesResolver : find skywalking plugin define in jar:file:/opt/skywalking/agent/plugins/baidu-brpc-plugin-9.4.0.jar!/skywalking-plugin.def 
INFO 2026-09-26 08:43:35.541 main PluginResourcesResolver : find skywalking plugin define in jar:file:/opt/skywalking/agent/plugins/baidu-brpc-3.x-plugin-9.4.0.jar!/skywalking-plugin.def 
INFO 2026-09-26 08:43:35.541 main PluginResourcesResolver : find skywalking plugin define in jar:file:/opt/skywalking/agent/plugins/apm-httpasyncclient-4.x-plugin-9.4.0.jar!/skywalking-plugin.def 
INFO 2026-09-26 08:43:35.542 main PluginResourcesResolver : find skywalking plugin define in jar:file:/opt/skywalking/agent/plugins/solon-2.x-plugin-9.4.0.jar!/skywalking-plugin.def 
INFO 2026-09-26 08:43:35.542 main PluginResourcesResolver : find skywalking plugin define in jar:file:/opt/skywalking/agent/plugins/apm-undertow-2.x-plugin-9.4.0.jar!/skywalking-plugin.def 
INFO 2026-09-26 08:43:35.542 main PluginResourcesResolver : find skywalking plugin define in jar:file:/opt/skywalking/agent/plugins/apm-postgresql-8.x-plugin-9.4.0.jar!/skywalking-plugin.def 
INFO 2026-09-26 08:43:35.542 main PluginResourcesResolver : find skywalking plugin define in jar:file:/opt/skywalking/agent/plugins/apm-xxl-job-2.x-plugin-9.4.0.jar!/skywalking-plugin.def 
INFO 2026-09-26 08:43:35.542 main PluginResourcesResolver : find skywalking plugin define in jar:file:/opt/skywalking/agent/plugins/apm-okhttp-3.x-plugin-9.4.0.jar!/skywalking-plugin.def 
INFO 2026-09-26 08:43:35.542 main PluginResourcesResolver : find skywalking plugin define in jar:file:/opt/skywalking/agent/plugins/apm-springmvc-annotation-3.x-plugin-9.4.0.jar!/skywalking-plugin.def 
INFO 2026-09-26 08:43:35.542 main PluginResourcesResolver : find skywalking plugin define in jar:file:/opt/skywalking/agent/plugins/apm-light4j-plugin-9.4.0.jar!/skywalking-plugin.def 
INFO 2026-09-26 08:43:35.542 main PluginResourcesResolver : find skywalking plugin define in jar:file:/opt/skywalking/agent/plugins/apm-vertx-core-4.x-plugin-9.4.0.jar!/skywalking-plugin.def 
INFO 2026-09-26 08:43:35.543 main PluginResourcesResolver : find skywalking plugin define in jar:file:/opt/skywalking/agent/plugins/resteasy-server-6.x-plugin-9.4.0.jar!/skywalking-plugin.def 
INFO 2026-09-26 08:43:35.543 main PluginResourcesResolver : find skywalking plugin define in jar:file:/opt/skywalking/agent/plugins/apm-undertow-worker-thread-pool-plugin-9.4.0.jar!/skywalking-plugin.def 
INFO 2026-09-26 08:43:35.543 main PluginResourcesResolver : find skywalking plugin define in jar:file:/opt/skywalking/agent/plugins/apm-spring-cloud-feign-2.x-plugin-9.4.0.jar!/skywalking-plugin.def 
INFO 2026-09-26 08:43:35.543 main PluginResourcesResolver : find skywalking plugin define in jar:file:/opt/skywalking/agent/plugins/apm-sharding-sphere-3.x-plugin-9.4.0.jar!/skywalking-plugin.def 
INFO 2026-09-26 08:43:35.544 main PluginResourcesResolver : find skywalking plugin define in jar:file:/opt/skywalking/agent/plugins/apm-kylin-jdbc-2.6.x-3.x-4.x-plugin-9.4.0.jar!/skywalking-plugin.def 
INFO 2026-09-26 08:43:35.544 main PluginResourcesResolver : find skywalking plugin define in jar:file:/opt/skywalking/agent/plugins/apm-spring-concurrent-util-4.x-plugin-9.4.0.jar!/skywalking-plugin.def 
INFO 2026-09-26 08:43:35.544 main PluginResourcesResolver : find skywalking plugin define in jar:file:/opt/skywalking/agent/plugins/apm-redisson-3.x-plugin-9.4.0.jar!/skywalking-plugin.def 
INFO 2026-09-26 08:43:35.544 main PluginResourcesResolver : find skywalking plugin define in jar:file:/opt/skywalking/agent/plugins/apm-h2-1.x-plugin-9.4.0.jar!/skywalking-plugin.def 
INFO 2026-09-26 08:43:35.545 main PluginResourcesResolver : find skywalking plugin define in jar:file:/opt/skywalking/agent/plugins/apm-activemq-5.x-plugin-9.4.0.jar!/skywalking-plugin.def 
INFO 2026-09-26 08:43:35.545 main PluginResourcesResolver : find skywalking plugin define in jar:file:/opt/skywalking/agent/plugins/apm-hutool-http-5.x-plugin-9.4.0.jar!/skywalking-plugin.def 
INFO 2026-09-26 08:43:35.546 main PluginResourcesResolver : find skywalking plugin define in jar:file:/opt/skywalking/agent/plugins/apm-pulsar-2.8.x-plugin-9.4.0.jar!/skywalking-plugin.def 
INFO 2026-09-26 08:43:35.546 main PluginResourcesResolver : find skywalking plugin define in jar:file:/opt/skywalking/agent/plugins/apm-nutz-mvc-annotation-1.x-plugin-9.4.0.jar!/skywalking-plugin.def 
INFO 2026-09-26 08:43:35.547 main PluginResourcesResolver : find skywalking plugin define in jar:file:/opt/skywalking/agent/plugins/apm-mongodb-3.x-plugin-9.4.0.jar!/skywalking-plugin.def 
INFO 2026-09-26 08:43:35.547 main PluginResourcesResolver : find skywalking plugin define in jar:file:/opt/skywalking/agent/plugins/spring-webflux-5.x-webclient-plugin-9.4.0.jar!/skywalking-plugin.def 
INFO 2026-09-26 08:43:35.547 main PluginResourcesResolver : find skywalking plugin define in jar:file:/opt/skywalking/agent/plugins/apm-vertx-core-3.x-plugin-9.4.0.jar!/skywalking-plugin.def 
INFO 2026-09-26 08:43:35.547 main PluginResourcesResolver : find skywalking plugin define in jar:file:/opt/skywalking/agent/plugins/dubbo-3.x-conflict-patch-9.4.0.jar!/skywalking-plugin.def 
INFO 2026-09-26 08:43:35.548 main PluginResourcesResolver : find skywalking plugin define in jar:file:/opt/skywalking/agent/plugins/apm-shardingsphere-4.0.x-plugin-9.4.0.jar!/skywalking-plugin.def 
INFO 2026-09-26 08:43:35.548 main PluginResourcesResolver : find skywalking plugin define in jar:file:/opt/skywalking/agent/plugins/apm-grizzly-2.x-plugin-9.4.0.jar!/skywalking-plugin.def 
INFO 2026-09-26 08:43:35.550 main PluginResourcesResolver : find skywalking plugin define in jar:file:/opt/skywalking/agent/plugins/apm-rocketMQ-5.x-plugin-9.4.0.jar!/skywalking-plugin.def 
INFO 2026-09-26 08:43:35.554 main PluginResourcesResolver : find skywalking plugin define in jar:file:/opt/skywalking/agent/plugins/apm-jetty-client-11.x-plugin-9.4.0.jar!/skywalking-plugin.def 
INFO 2026-09-26 08:43:35.555 main PluginResourcesResolver : find skywalking plugin define in jar:file:/opt/skywalking/agent/plugins/apm-play-2.x-plugin-9.4.0.jar!/skywalking-plugin.def 
INFO 2026-09-26 08:43:35.555 main PluginResourcesResolver : find skywalking plugin define in jar:file:/opt/skywalking/agent/plugins/apm-springmvc-annotation-4.x-plugin-9.4.0.jar!/skywalking-plugin.def 
INFO 2026-09-26 08:43:35.556 main PluginResourcesResolver : find skywalking plugin define in jar:file:/opt/skywalking/agent/plugins/apm-shardingsphere-5.0.0-plugin-9.4.0.jar!/skywalking-plugin.def 
INFO 2026-09-26 08:43:35.556 main PluginResourcesResolver : find skywalking plugin define in jar:file:/opt/skywalking/agent/plugins/apm-cassandra-java-driver-3.x-plugin-9.4.0.jar!/skywalking-plugin.def 
INFO 2026-09-26 08:43:35.556 main PluginResourcesResolver : find skywalking plugin define in jar:file:/opt/skywalking/agent/plugins/apm-rabbitmq-plugin-9.4.0.jar!/skywalking-plugin.def 
INFO 2026-09-26 08:43:35.556 main PluginResourcesResolver : find skywalking plugin define in jar:file:/opt/skywalking/agent/plugins/apm-grizzly-2.x-4.x-work-threadpool-plugin-9.4.0.jar!/skywalking-plugin.def 
INFO 2026-09-26 08:43:35.556 main PluginResourcesResolver : find skywalking plugin define in jar:file:/opt/skywalking/agent/plugins/apm-jetty-thread-pool-plugin-9.4.0.jar!/skywalking-plugin.def 
INFO 2026-09-26 08:43:35.556 main PluginResourcesResolver : find skywalking plugin define in jar:file:/opt/skywalking/agent/plugins/micronaut-http-client-plugin-9.4.0.jar!/skywalking-plugin.def 
INFO 2026-09-26 08:43:35.557 main PluginResourcesResolver : find skywalking plugin define in jar:file:/opt/skywalking/agent/plugins/okhttp-2.x-plugin-9.4.0.jar!/skywalking-plugin.def 
INFO 2026-09-26 08:43:35.557 main PluginResourcesResolver : find skywalking plugin define in jar:file:/opt/skywalking/agent/plugins/graphql-9.x-plugin-9.4.0.jar!/skywalking-plugin.def 
INFO 2026-09-26 08:43:35.557 main PluginResourcesResolver : find skywalking plugin define in jar:file:/opt/skywalking/agent/plugins/apm-servicecomb-java-chassis-2.x-plugin-9.4.0.jar!/skywalking-plugin.def 
INFO 2026-09-26 08:43:35.557 main PluginResourcesResolver : find skywalking plugin define in jar:file:/opt/skywalking/agent/plugins/apm-httpClient-4.x-plugin-9.4.0.jar!/skywalking-plugin.def 
INFO 2026-09-26 08:43:35.557 main PluginResourcesResolver : find skywalking plugin define in jar:file:/opt/skywalking/agent/plugins/apm-sharding-sphere-4.1.0-plugin-9.4.0.jar!/skywalking-plugin.def 
INFO 2026-09-26 08:43:35.557 main PluginResourcesResolver : find skywalking plugin define in jar:file:/opt/skywalking/agent/plugins/apm-influxdb-2.x-plugin-9.4.0.jar!/skywalking-plugin.def 
INFO 2026-09-26 08:43:35.557 main PluginResourcesResolver : find skywalking plugin define in jar:file:/opt/skywalking/agent/plugins/apm-okhttp-4.x-plugin-9.4.0.jar!/skywalking-plugin.def 
INFO 2026-09-26 08:43:35.557 main PluginResourcesResolver : find skywalking plugin define in jar:file:/opt/skywalking/agent/plugins/apm-armeria-0.84.x-plugin-9.4.0.jar!/skywalking-plugin.def 
INFO 2026-09-26 08:43:35.557 main PluginResourcesResolver : find skywalking plugin define in jar:file:/opt/skywalking/agent/plugins/nats-2.14.x-2.16.5-plugin-9.4.0.jar!/skywalking-plugin.def 
INFO 2026-09-26 08:43:35.558 main PluginResourcesResolver : find skywalking plugin define in jar:file:/opt/skywalking/agent/plugins/apm-feign-default-http-9.x-plugin-9.4.0.jar!/skywalking-plugin.def 
INFO 2026-09-26 08:43:35.558 main PluginResourcesResolver : find skywalking plugin define in jar:file:/opt/skywalking/agent/plugins/micronaut-http-server-plugin-9.4.0.jar!/skywalking-plugin.def 
INFO 2026-09-26 08:43:35.558 main PluginResourcesResolver : find skywalking plugin define in jar:file:/opt/skywalking/agent/plugins/apm-elasticsearch-6.x-plugin-9.4.0.jar!/skywalking-plugin.def 
INFO 2026-09-26 08:43:35.558 main PluginResourcesResolver : find skywalking plugin define in jar:file:/opt/skywalking/agent/plugins/graphql-12.x-15.x-plugin-9.4.0.jar!/skywalking-plugin.def 
INFO 2026-09-26 08:43:35.558 main PluginResourcesResolver : find skywalking plugin define in jar:file:/opt/skywalking/agent/plugins/apm-spring-kafka-1.x-plugin-9.4.0.jar!/skywalking-plugin.def 
INFO 2026-09-26 08:43:35.559 main PluginResourcesResolver : find skywalking plugin define in jar:file:/opt/skywalking/agent/plugins/apm-dubbo-2.7.x-plugin-9.4.0.jar!/skywalking-plugin.def 
INFO 2026-09-26 08:43:35.559 main PluginResourcesResolver : find skywalking plugin define in jar:file:/opt/skywalking/agent/plugins/tomcat-7.x-8.x-plugin-9.4.0.jar!/skywalking-plugin.def 
INFO 2026-09-26 08:43:35.559 main PluginResourcesResolver : find skywalking plugin define in jar:file:/opt/skywalking/agent/plugins/apm-activemq-artemis-jakarta-client-2.x-plugin-9.4.0.jar!/skywalking-plugin.def 
INFO 2026-09-26 08:43:35.559 main PluginResourcesResolver : find skywalking plugin define in jar:file:/opt/skywalking/agent/plugins/apm-httpclient-3.x-plugin-9.4.0.jar!/skywalking-plugin.def 
INFO 2026-09-26 08:43:35.559 main PluginResourcesResolver : find skywalking plugin define in jar:file:/opt/skywalking/agent/plugins/apm-quasar-plugin-9.4.0.jar!/skywalking-plugin.def 
INFO 2026-09-26 08:43:35.559 main PluginResourcesResolver : find skywalking plugin define in jar:file:/opt/skywalking/agent/plugins/apm-spring-kafka-2.x-plugin-9.4.0.jar!/skywalking-plugin.def 
INFO 2026-09-26 08:43:35.559 main PluginResourcesResolver : find skywalking plugin define in jar:file:/opt/skywalking/agent/plugins/apm-pulsar-2.2-2.7-plugin-9.4.0.jar!/skywalking-plugin.def 
INFO 2026-09-26 08:43:35.559 main PluginResourcesResolver : find skywalking plugin define in jar:file:/opt/skywalking/agent/plugins/apm-spring-core-patch-9.4.0.jar!/skywalking-plugin.def 
INFO 2026-09-26 08:43:35.560 main PluginResourcesResolver : find skywalking plugin define in jar:file:/opt/skywalking/agent/plugins/apm-mysql-6.x-plugin-9.4.0.jar!/skywalking-plugin.def 
INFO 2026-09-26 08:43:35.560 main PluginResourcesResolver : find skywalking plugin define in jar:file:/opt/skywalking/agent/plugins/druid-1.x-plugin-9.4.0.jar!/skywalking-plugin.def 
INFO 2026-09-26 08:43:35.560 main PluginResourcesResolver : find skywalking plugin define in jar:file:/opt/skywalking/agent/plugins/apm-mssql-jdbc-plugin-9.4.0.jar!/skywalking-plugin.def 
INFO 2026-09-26 08:43:35.560 main PluginResourcesResolver : find skywalking plugin define in jar:file:/opt/skywalking/agent/plugins/resteasy-server-4.x-plugin-9.4.0.jar!/skywalking-plugin.def 
INFO 2026-09-26 08:43:35.560 main PluginResourcesResolver : find skywalking plugin define in jar:file:/opt/skywalking/agent/plugins/apm-grpc-1.x-plugin-9.4.0.jar!/skywalking-plugin.def 
INFO 2026-09-26 08:43:35.560 main PluginResourcesResolver : find skywalking plugin define in jar:file:/opt/skywalking/agent/plugins/apm-jetty-server-11.x-plugin-9.4.0.jar!/skywalking-plugin.def 
INFO 2026-09-26 08:43:35.560 main PluginResourcesResolver : find skywalking plugin define in jar:file:/opt/skywalking/agent/plugins/apm-c3p0-0.9.x-plugin-9.4.0.jar!/skywalking-plugin.def 
INFO 2026-09-26 08:43:35.560 main PluginResourcesResolver : find skywalking plugin define in jar:file:/opt/skywalking/agent/plugins/apm-spymemcached-2.x-plugin-9.4.0.jar!/skywalking-plugin.def 
INFO 2026-09-26 08:43:35.561 main PluginResourcesResolver : find skywalking plugin define in jar:file:/opt/skywalking/agent/plugins/apm-dubbo-3.x-plugin-9.4.0.jar!/skywalking-plugin.def 
INFO 2026-09-26 08:43:35.565 main PluginResourcesResolver : find skywalking plugin define in jar:file:/opt/skywalking/agent/plugins/dbcp-2.x-plugin-9.4.0.jar!/skywalking-plugin.def 
INFO 2026-09-26 08:43:35.565 main PluginResourcesResolver : find skywalking plugin define in jar:file:/opt/skywalking/agent/plugins/apm-finagle-6.25.x-plugin-9.4.0.jar!/skywalking-plugin.def 
INFO 2026-09-26 08:43:35.565 main PluginResourcesResolver : find skywalking plugin define in jar:file:/opt/skywalking/agent/plugins/apm-mssql-jtds-1.x-plugin-9.4.0.jar!/skywalking-plugin.def 
INFO 2026-09-26 08:43:35.565 main PluginResourcesResolver : find skywalking plugin define in jar:file:/opt/skywalking/agent/plugins/thrift-plugin-9.4.0.jar!/skywalking-plugin.def 
INFO 2026-09-26 08:43:35.566 main PluginResourcesResolver : find skywalking plugin define in jar:file:/opt/skywalking/agent/plugins/apm-nutz-http-1.x-plugin-9.4.0.jar!/skywalking-plugin.def 
INFO 2026-09-26 08:43:35.566 main PluginResourcesResolver : find skywalking plugin define in jar:file:/opt/skywalking/agent/plugins/apm-asynchttpclient-2.x-plugin-9.4.0.jar!/skywalking-plugin.def 
INFO 2026-09-26 08:43:35.566 main PluginResourcesResolver : find skywalking plugin define in jar:file:/opt/skywalking/agent/plugins/apm-spring-scheduled-annotation-plugin-9.4.0.jar!/skywalking-plugin.def 
INFO 2026-09-26 08:43:35.566 main PluginResourcesResolver : find skywalking plugin define in jar:file:/opt/skywalking/agent/plugins/apm-jetty-client-9.0-plugin-9.4.0.jar!/skywalking-plugin.def 
INFO 2026-09-26 08:43:35.567 main PluginResourcesResolver : find skywalking plugin define in jar:file:/opt/skywalking/agent/plugins/apm-canal-1.x-plugin-9.4.0.jar!/skywalking-plugin.def 
INFO 2026-09-26 08:43:35.568 main PluginResourcesResolver : find skywalking plugin define in jar:file:/opt/skywalking/agent/plugins/apm-rocketmq-client-java-5.x-plugin-9.4.0.jar!/skywalking-plugin.def 
INFO 2026-09-26 08:43:35.568 main PluginResourcesResolver : find skywalking plugin define in jar:file:/opt/skywalking/agent/plugins/apm-armeria-1.0.x-plugin-9.4.0.jar!/skywalking-plugin.def 
INFO 2026-09-26 08:43:35.568 main PluginResourcesResolver : find skywalking plugin define in jar:file:/opt/skywalking/agent/plugins/apm-rocketmq-4.x-plugin-9.4.0.jar!/skywalking-plugin.def 
INFO 2026-09-26 08:43:35.568 main PluginResourcesResolver : find skywalking plugin define in jar:file:/opt/skywalking/agent/plugins/apm-elasticsearch-7.x-plugin-9.4.0.jar!/skywalking-plugin.def 
INFO 2026-09-26 08:43:35.570 main PluginResourcesResolver : find skywalking plugin define in jar:file:/opt/skywalking/agent/plugins/dubbo-conflict-patch-9.4.0.jar!/skywalking-plugin.def 
INFO 2026-09-26 08:43:35.571 main PluginResourcesResolver : find skywalking plugin define in jar:file:/opt/skywalking/agent/plugins/apm-resttemplate-4.3.x-plugin-9.4.0.jar!/skywalking-plugin.def 
INFO 2026-09-26 08:43:35.573 main PluginResourcesResolver : find skywalking plugin define in jar:file:/opt/skywalking/agent/plugins/apm-clickhouse-0.3.2.x-plugin-9.4.0.jar!/skywalking-plugin.def 
INFO 2026-09-26 08:43:35.573 main PluginResourcesResolver : find skywalking plugin define in jar:file:/opt/skywalking/agent/plugins/apm-jetty-client-9.x-plugin-9.4.0.jar!/skywalking-plugin.def 
INFO 2026-09-26 08:43:35.574 main PluginResourcesResolver : find skywalking plugin define in jar:file:/opt/skywalking/agent/plugins/apm-hikaricp-3.x-4.x-plugin-9.4.0.jar!/skywalking-plugin.def 
INFO 2026-09-26 08:43:35.575 main PluginResourcesResolver : find skywalking plugin define in jar:file:/opt/skywalking/agent/plugins/apm-solrj-7.x-plugin-9.4.0.jar!/skywalking-plugin.def 
INFO 2026-09-26 08:43:35.575 main PluginResourcesResolver : find skywalking plugin define in jar:file:/opt/skywalking/agent/plugins/apm-struts2-2.x-plugin-9.4.0.jar!/skywalking-plugin.def 
INFO 2026-09-26 08:43:35.576 main PluginResourcesResolver : find skywalking plugin define in jar:file:/opt/skywalking/agent/plugins/jedis-4.x-plugin-9.4.0.jar!/skywalking-plugin.def 
INFO 2026-09-26 08:43:35.577 main PluginResourcesResolver : find skywalking plugin define in jar:file:/opt/skywalking/agent/plugins/apm-springmvc-annotation-commons-9.4.0.jar!/skywalking-plugin.def 
INFO 2026-09-26 08:43:35.578 main PluginResourcesResolver : find skywalking plugin define in jar:file:/opt/skywalking/agent/plugins/spring-webflux-6.x-webclient-plugin-9.4.0.jar!/skywalking-plugin.def 
INFO 2026-09-26 08:43:35.579 main PluginResourcesResolver : find skywalking plugin define in jar:file:/opt/skywalking/agent/plugins/apm-jersey-2.x-plugin-9.4.0.jar!/skywalking-plugin.def 
INFO 2026-09-26 08:43:35.580 main PluginResourcesResolver : find skywalking plugin define in jar:file:/opt/skywalking/agent/plugins/graphql-16plus-plugin-9.4.0.jar!/skywalking-plugin.def 
INFO 2026-09-26 08:43:35.580 main PluginResourcesResolver : find skywalking plugin define in jar:file:/opt/skywalking/agent/plugins/apm-netty-socketio-plugin-9.4.0.jar!/skywalking-plugin.def 
INFO 2026-09-26 08:43:35.580 main PluginResourcesResolver : find skywalking plugin define in jar:file:/opt/skywalking/agent/plugins/apm-httpclient-5.x-plugin-9.4.0.jar!/skywalking-plugin.def 
INFO 2026-09-26 08:43:35.581 main PluginResourcesResolver : find skywalking plugin define in jar:file:/opt/skywalking/agent/plugins/apm-elastic-job-2.x-plugin-9.4.0.jar!/skywalking-plugin.def 
INFO 2026-09-26 08:43:35.581 main PluginResourcesResolver : find skywalking plugin define in jar:file:/opt/skywalking/agent/plugins/apm-mysql-8.x-plugin-9.4.0.jar!/skywalking-plugin.def 
INFO 2026-09-26 08:43:35.581 main PluginResourcesResolver : find skywalking plugin define in jar:file:/opt/skywalking/agent/plugins/apm-jersey-3.x-plugin-9.4.0.jar!/skywalking-plugin.def 
INFO 2026-09-26 08:43:35.581 main PluginResourcesResolver : find skywalking plugin define in jar:file:/opt/skywalking/agent/plugins/apm-guava-eventbus-plugin-9.4.0.jar!/skywalking-plugin.def 
INFO 2026-09-26 08:43:35.581 main PluginResourcesResolver : find skywalking plugin define in jar:file:/opt/skywalking/agent/plugins/apm-spring-async-annotation-plugin-9.4.0.jar!/skywalking-plugin.def 
INFO 2026-09-26 08:43:35.581 main PluginResourcesResolver : find skywalking plugin define in jar:file:/opt/skywalking/agent/plugins/apm-elasticsearch-5.x-plugin-9.4.0.jar!/skywalking-plugin.def 
INFO 2026-09-26 08:43:35.581 main PluginResourcesResolver : find skywalking plugin define in jar:file:/opt/skywalking/agent/plugins/jsonrpc4j-1.x-plugin-9.4.0.jar!/skywalking-plugin.def 
INFO 2026-09-26 08:43:35.582 main PluginResourcesResolver : find skywalking plugin define in jar:file:/opt/skywalking/agent/plugins/graphql-8.x-plugin-9.4.0.jar!/skywalking-plugin.def 
INFO 2026-09-26 08:43:35.582 main PluginResourcesResolver : find skywalking plugin define in jar:file:/opt/skywalking/agent/plugins/apm-mysql-5.x-plugin-9.4.0.jar!/skywalking-plugin.def 
INFO 2026-09-26 08:43:35.582 main PluginResourcesResolver : find skywalking plugin define in jar:file:/opt/skywalking/agent/plugins/apm-jetty-server-9.x-plugin-9.4.0.jar!/skywalking-plugin.def 
INFO 2026-09-26 08:43:35.582 main PluginResourcesResolver : find skywalking plugin define in jar:file:/opt/skywalking/agent/plugins/apm-lettuce-5.x-plugin-9.4.0.jar!/skywalking-plugin.def 
INFO 2026-09-26 08:43:35.582 main PluginResourcesResolver : find skywalking plugin define in jar:file:/opt/skywalking/agent/plugins/apm-armeria-0.85.x-plugin-9.4.0.jar!/skywalking-plugin.def 
INFO 2026-09-26 08:43:35.582 main PluginResourcesResolver : find skywalking plugin define in jar:file:/opt/skywalking/agent/plugins/apm-tomcat-thread-pool-plugin-9.4.0.jar!/skywalking-plugin.def 
INFO 2026-09-26 08:43:35.582 main PluginResourcesResolver : find skywalking plugin define in jar:file:/opt/skywalking/agent/plugins/apm-resttemplate-3.x-plugin-9.4.0.jar!/skywalking-plugin.def 
INFO 2026-09-26 08:43:35.583 main PluginResourcesResolver : find skywalking plugin define in jar:file:/opt/skywalking/agent/plugins/apm-avro-plugin-9.4.0.jar!/skywalking-plugin.def 
INFO 2026-09-26 08:43:35.583 main PluginResourcesResolver : find skywalking plugin define in jar:file:/opt/skywalking/agent/plugins/resteasy-server-3.x-plugin-9.4.0.jar!/skywalking-plugin.def 
INFO 2026-09-26 08:43:35.583 main PluginResourcesResolver : find skywalking plugin define in jar:file:/opt/skywalking/agent/plugins/tomcat-10x-plugin-9.4.0.jar!/skywalking-plugin.def 
INFO 2026-09-26 08:43:35.583 main PluginResourcesResolver : find skywalking plugin define in jar:file:/opt/skywalking/agent/plugins/apm-elasticjob-3.x-plugin-9.4.0.jar!/skywalking-plugin.def 
INFO 2026-09-26 08:43:35.583 main PluginResourcesResolver : find skywalking plugin define in jar:file:/opt/skywalking/agent/plugins/apm-kafka-plugin-9.4.0.jar!/skywalking-plugin.def 
INFO 2026-09-26 08:43:35.583 main PluginResourcesResolver : find skywalking plugin define in jar:file:/opt/skywalking/agent/plugins/apm-hbase-1.x-2.x-plugin-9.4.0.jar!/skywalking-plugin.def 
INFO 2026-09-26 08:43:35.584 main PluginResourcesResolver : find skywalking plugin define in jar:file:/opt/skywalking/agent/plugins/apm-aerospike-plugin-9.4.0.jar!/skywalking-plugin.def 
INFO 2026-09-26 08:43:35.585 main PluginResourcesResolver : find skywalking plugin define in jar:file:/opt/skywalking/agent/plugins/apm-clickhouse-0.3.1-plugin-9.4.0.jar!/skywalking-plugin.def 
INFO 2026-09-26 08:43:35.585 main PluginResourcesResolver : find skywalking plugin define in jar:file:/opt/skywalking/agent/plugins/apm-neo4j-4.x-plugin-9.4.0.jar!/skywalking-plugin.def 
INFO 2026-09-26 08:43:35.585 main PluginResourcesResolver : find skywalking plugin define in jar:file:/opt/skywalking/agent/plugins/apm-mongodb-2.x-plugin-9.4.0.jar!/skywalking-plugin.def 
INFO 2026-09-26 08:43:35.586 main PluginResourcesResolver : find skywalking plugin define in jar:file:/opt/skywalking/agent/plugins/apm-mariadb-2.x-plugin-9.4.0.jar!/skywalking-plugin.def 
INFO 2026-09-26 08:43:35.586 main PluginResourcesResolver : find skywalking plugin define in jar:file:/opt/skywalking/agent/plugins/apm-cxf-3.x-plugin-9.4.0.jar!/skywalking-plugin.def 
INFO 2026-09-26 08:43:35.586 main PluginResourcesResolver : find skywalking plugin define in jar:file:/opt/skywalking/agent/plugins/apm-rocketmq-3.x-plugin-9.4.0.jar!/skywalking-plugin.def 
INFO 2026-09-26 08:43:35.587 main PluginResourcesResolver : find skywalking plugin define in jar:file:/opt/skywalking/agent/plugins/apm-mongodb-4.x-plugin-9.4.0.jar!/skywalking-plugin.def 
INFO 2026-09-26 08:43:35.587 main PluginResourcesResolver : find skywalking plugin define in jar:file:/opt/skywalking/agent/plugins/apm-spring-cloud-feign-1.x-plugin-9.4.0.jar!/skywalking-plugin.def 
INFO 2026-09-26 08:43:35.587 main PluginResourcesResolver : find skywalking plugin define in jar:file:/opt/skywalking/agent/plugins/apm-springmvc-annotation-5.x-plugin-9.4.0.jar!/skywalking-plugin.def 
INFO 2026-09-26 08:43:35.587 main PluginResourcesResolver : find skywalking plugin define in jar:file:/opt/skywalking/agent/plugins/dubbo-2.7.x-conflict-patch-9.4.0.jar!/skywalking-plugin.def 
INFO 2026-09-26 08:43:35.587 main PluginResourcesResolver : find skywalking plugin define in jar:file:/opt/skywalking/agent/plugins/websphere-liberty-23.x-plugin-9.4.0.jar!/skywalking-plugin.def 
INFO 2026-09-26 08:43:35.588 main PluginResourcesResolver : find skywalking plugin define in jar:file:/opt/skywalking/agent/plugins/apm-hystrix-1.x-plugin-9.4.0.jar!/skywalking-plugin.def 
INFO 2026-09-26 08:43:35.588 main PluginResourcesResolver : find skywalking plugin define in jar:file:/opt/skywalking/agent/plugins/jedis-2.x-3.x-plugin-9.4.0.jar!/skywalking-plugin.def 
INFO 2026-09-26 08:43:35.588 main PluginResourcesResolver : find skywalking plugin define in jar:file:/opt/skywalking/agent/plugins/apm-dubbo-plugin-9.4.0.jar!/skywalking-plugin.def 
INFO 2026-09-26 08:43:35.588 main PluginResourcesResolver : find skywalking plugin define in jar:file:/opt/skywalking/agent/plugins/apm-xmemcached-2.x-plugin-9.4.0.jar!/skywalking-plugin.def 
INFO 2026-09-26 08:43:35.589 main PluginResourcesResolver : find skywalking plugin define in jar:file:/opt/skywalking/agent/plugins/apm-spring-webflux-6.x-plugin-9.4.0.jar!/skywalking-plugin.def 
INFO 2026-09-26 08:43:35.589 main PluginResourcesResolver : find skywalking plugin define in jar:file:/opt/skywalking/agent/plugins/apm-spring-cloud-gateway-4.x-plugin-9.4.0.jar!/skywalking-plugin.def 
INFO 2026-09-26 08:43:35.589 main PluginResourcesResolver : find skywalking plugin define in jar:file:/opt/skywalking/agent/activations/apm-toolkit-micrometer-activation-9.4.0.jar!/skywalking-plugin.def 
INFO 2026-09-26 08:43:35.589 main PluginResourcesResolver : find skywalking plugin define in jar:file:/opt/skywalking/agent/activations/apm-toolkit-trace-activation-9.4.0.jar!/skywalking-plugin.def 
INFO 2026-09-26 08:43:35.589 main PluginResourcesResolver : find skywalking plugin define in jar:file:/opt/skywalking/agent/activations/apm-toolkit-kafka-activation-9.4.0.jar!/skywalking-plugin.def 
INFO 2026-09-26 08:43:35.589 main PluginResourcesResolver : find skywalking plugin define in jar:file:/opt/skywalking/agent/activations/apm-toolkit-webflux-activation-9.4.0.jar!/skywalking-plugin.def 
INFO 2026-09-26 08:43:35.589 main PluginResourcesResolver : find skywalking plugin define in jar:file:/opt/skywalking/agent/activations/apm-toolkit-meter-activation-9.4.0.jar!/skywalking-plugin.def 
INFO 2026-09-26 08:43:35.589 main PluginResourcesResolver : find skywalking plugin define in jar:file:/opt/skywalking/agent/activations/apm-toolkit-log4j-2.x-activation-9.4.0.jar!/skywalking-plugin.def 
INFO 2026-09-26 08:43:35.590 main PluginResourcesResolver : find skywalking plugin define in jar:file:/opt/skywalking/agent/activations/apm-toolkit-log4j-1.x-activation-9.4.0.jar!/skywalking-plugin.def 
INFO 2026-09-26 08:43:35.593 main PluginResourcesResolver : find skywalking plugin define in jar:file:/opt/skywalking/agent/activations/apm-toolkit-opentracing-activation-9.4.0.jar!/skywalking-plugin.def 
INFO 2026-09-26 08:43:35.593 main PluginResourcesResolver : find skywalking plugin define in jar:file:/opt/skywalking/agent/activations/apm-toolkit-logback-1.x-activation-9.4.0.jar!/skywalking-plugin.def 
INFO 2026-09-26 08:43:36.194 main SkyWalkingAgent : Skywalking agent begin to install transformer ... 
Sep 26, 2026 8:43:42 AM org.apache.skywalking.apm.dependencies.io.grpc.internal.ManagedChannelImpl$NameResolverListener handleErrorInSyncContext
WARNING: [Channel<1>: (skywalking-oap:11800)] Failed to resolve name. status=Status{code=UNAVAILABLE, description=Unable to resolve host skywalking-oap, cause=java.lang.RuntimeException: java.net.UnknownHostException: skywalking-oap: Temporary failure in name resolution
	at org.apache.skywalking.apm.dependencies.io.grpc.internal.DnsNameResolver.resolveAddresses(DnsNameResolver.java:224)
	at org.apache.skywalking.apm.dependencies.io.grpc.internal.DnsNameResolver.doResolve(DnsNameResolver.java:283)
	at org.apache.skywalking.apm.dependencies.io.grpc.internal.DnsNameResolver$Resolve.run(DnsNameResolver.java:320)
	at java.base/java.util.concurrent.ThreadPoolExecutor.runWorker(Unknown Source)
	at java.base/java.util.concurrent.ThreadPoolExecutor$Worker.run(Unknown Source)
	at java.base/java.lang.Thread.run(Unknown Source)
Caused by: java.net.UnknownHostException: skywalking-oap: Temporary failure in name resolution
	at java.base/java.net.Inet6AddressImpl.lookupAllHostAddr(Native Method)
	at java.base/java.net.Inet6AddressImpl.lookupAllHostAddr(Unknown Source)
	at java.base/java.net.InetAddress$PlatformResolver.lookupByName(Unknown Source)
	at java.base/java.net.InetAddress.getAddressesFromNameService(Unknown Source)
	at java.base/java.net.InetAddress$NameServiceAddresses.get(Unknown Source)
	at java.base/java.net.InetAddress.getAllByName0(Unknown Source)
	at java.base/java.net.InetAddress.getAllByName(Unknown Source)
	at org.apache.skywalking.apm.dependencies.io.grpc.internal.DnsNameResolver$JdkAddressResolver.resolveAddress(DnsNameResolver.java:644)
	at org.apache.skywalking.apm.dependencies.io.grpc.internal.DnsNameResolver.resolveAddresses(DnsNameResolver.java:220)
	... 5 more
}
Standard Commons Logging discovery in action with spring-jcl: please remove commons-logging.jar from classpath in order to avoid potential conflicts
Sep 26, 2026 8:43:43 AM org.apache.skywalking.apm.dependencies.io.grpc.internal.ManagedChannelImpl$NameResolverListener handleErrorInSyncContext
WARNING: [Channel<1>: (skywalking-oap:11800)] Failed to resolve name. status=Status{code=UNAVAILABLE, description=Unable to resolve host skywalking-oap, cause=java.lang.RuntimeException: java.net.UnknownHostException: skywalking-oap
	at org.apache.skywalking.apm.dependencies.io.grpc.internal.DnsNameResolver.resolveAddresses(DnsNameResolver.java:224)
	at org.apache.skywalking.apm.dependencies.io.grpc.internal.DnsNameResolver.doResolve(DnsNameResolver.java:283)
	at org.apache.skywalking.apm.dependencies.io.grpc.internal.DnsNameResolver$Resolve.run(DnsNameResolver.java:320)
	at java.base/java.util.concurrent.ThreadPoolExecutor.runWorker(Unknown Source)
	at java.base/java.util.concurrent.ThreadPoolExecutor$Worker.run(Unknown Source)
	at java.base/java.lang.Thread.run(Unknown Source)
Caused by: java.net.UnknownHostException: skywalking-oap
	at java.base/java.net.InetAddress$CachedLookup.get(Unknown Source)
	at java.base/java.net.InetAddress.getAllByName0(Unknown Source)
	at java.base/java.net.InetAddress.getAllByName(Unknown Source)
	at org.apache.skywalking.apm.dependencies.io.grpc.internal.DnsNameResolver$JdkAddressResolver.resolveAddress(DnsNameResolver.java:644)
	at org.apache.skywalking.apm.dependencies.io.grpc.internal.DnsNameResolver.resolveAddresses(DnsNameResolver.java:220)
	... 5 more
}
Sep 26, 2026 8:43:45 AM org.apache.skywalking.apm.dependencies.io.grpc.internal.ManagedChannelImpl$NameResolverListener handleErrorInSyncContext
WARNING: [Channel<1>: (skywalking-oap:11800)] Failed to resolve name. status=Status{code=UNAVAILABLE, description=Unable to resolve host skywalking-oap, cause=java.lang.RuntimeException: java.net.UnknownHostException: skywalking-oap
	at org.apache.skywalking.apm.dependencies.io.grpc.internal.DnsNameResolver.resolveAddresses(DnsNameResolver.java:224)
	at org.apache.skywalking.apm.dependencies.io.grpc.internal.DnsNameResolver.doResolve(DnsNameResolver.java:283)
	at org.apache.skywalking.apm.dependencies.io.grpc.internal.DnsNameResolver$Resolve.run(DnsNameResolver.java:320)
	at java.base/java.util.concurrent.ThreadPoolExecutor.runWorker(Unknown Source)
	at java.base/java.util.concurrent.ThreadPoolExecutor$Worker.run(Unknown Source)
	at java.base/java.lang.Thread.run(Unknown Source)
Caused by: java.net.UnknownHostException: skywalking-oap
	at java.base/java.net.InetAddress$CachedLookup.get(Unknown Source)
	at java.base/java.net.InetAddress.getAllByName0(Unknown Source)
	at java.base/java.net.InetAddress.getAllByName(Unknown Source)
	at org.apache.skywalking.apm.dependencies.io.grpc.internal.DnsNameResolver$JdkAddressResolver.resolveAddress(DnsNameResolver.java:644)
	at org.apache.skywalking.apm.dependencies.io.grpc.internal.DnsNameResolver.resolveAddresses(DnsNameResolver.java:220)
	... 5 more
}
08:43:51.279 [main] INFO com.alibaba.nacos.plugin.auth.spi.client.ClientAuthPluginManager -- [ClientAuthPluginManager] Load ClientAuthService com.alibaba.nacos.client.auth.impl.NacosClientAuthServiceImpl success.
08:43:51.281 [main] INFO com.alibaba.nacos.plugin.auth.spi.client.ClientAuthPluginManager -- [ClientAuthPluginManager] Load ClientAuthService com.alibaba.nacos.client.auth.ram.RamClientAuthServiceImpl success.
08:43:55.248 [main] INFO com.alibaba.nacos.common.ability.AbstractAbilityControlManager -- Ready to get current node abilities...
08:43:55.253 [main] INFO com.alibaba.nacos.common.ability.AbstractAbilityControlManager -- Ready to initialize current node abilities, support modes: [SDK_CLIENT]
08:43:55.255 [main] INFO com.alibaba.nacos.common.ability.AbstractAbilityControlManager -- Initialize current abilities finish...
08:43:55.257 [main] INFO com.alibaba.nacos.common.ability.discover.NacosAbilityManagerHolder -- [AbilityControlManager] Successfully initialize AbilityControlManager

  .   ____          _            __ _ _
 /\\ / ___'_ __ _ _(_)_ __  __ _ \ \ \ \
( ( )\___ | '_ | '_| | '_ \/ _` | \ \ \ \
 \\/  ___)| |_)| | | | | || (_| |  ) ) ) )
  '  |____| .__|_| |_|_| |_\__, | / / / /
 =========|_|==============|___/=/_/_/_/

 :: Spring Boot ::                (v3.4.5)

{"timestamp":"2026-09-26T08:43:56.146Z","level":"INFO","service":"flashsale-payment","trace_id":"","span_id":"","user_id":"","order_id":"","event_id":"","idempotency_key":"","outbox_id":"","error_code":"","logger":"o.h.validator.internal.util.Version","message":"HV000001: Hibernate Validator 8.0.2.Final"}
{"timestamp":"2026-09-26T08:43:57.076Z","level":"INFO","service":"flashsale-payment","trace_id":"","span_id":"","user_id":"","order_id":"","event_id":"","idempotency_key":"","outbox_id":"","error_code":"","logger":"c.f.payment.PaymentApplication","message":"Starting PaymentApplication v0.1.0-SNAPSHOT using Java 21.0.12 with PID 1 (/app/app.jar started by root in /)"}
{"timestamp":"2026-09-26T08:43:57.080Z","level":"INFO","service":"flashsale-payment","trace_id":"","span_id":"","user_id":"","order_id":"","event_id":"","idempotency_key":"","outbox_id":"","error_code":"","logger":"c.f.payment.PaymentApplication","message":"No active profile set, falling back to 1 default profile: \"default\""}
{"timestamp":"2026-09-26T08:43:58.516Z","level":"WARN","service":"flashsale-payment","trace_id":"","span_id":"","user_id":"","order_id":"","event_id":"","idempotency_key":"","outbox_id":"","error_code":"","logger":"c.a.c.n.c.NacosConfigDataLoader","message":"[Nacos Config] config[dataId=flashsale-payment.yaml, group=DEFAULT_GROUP] is empty"}
{"timestamp":"2026-09-26T08:43:59.486Z","level":"WARN","service":"flashsale-payment","trace_id":"","span_id":"","user_id":"","order_id":"","event_id":"","idempotency_key":"","outbox_id":"","error_code":"","logger":"o.a.s.a.d.i.g.i.ManagedChannelImpl","message":"[Channel<1>: (skywalking-oap:11800)] Failed to resolve name. status=Status{code=UNAVAILABLE, description=Unable to resolve host skywalking-oap, cause=java.lang.RuntimeException: java.net.UnknownHostException: skywalking-oap
	at org.apache.skywalking.apm.dependencies.io.grpc.internal.DnsNameResolver.resolveAddresses(DnsNameResolver.java:224)
	at org.apache.skywalking.apm.dependencies.io.grpc.internal.DnsNameResolver.doResolve(DnsNameResolver.java:283)
	at org.apache.skywalking.apm.dependencies.io.grpc.internal.DnsNameResolver$Resolve.run(DnsNameResolver.java:320)
	at java.base/java.util.concurrent.ThreadPoolExecutor.runWorker(Unknown Source)
	at java.base/java.util.concurrent.ThreadPoolExecutor$Worker.run(Unknown Source)
	at java.base/java.lang.Thread.run(Unknown Source)
Caused by: java.net.UnknownHostException: skywalking-oap
	at java.base/java.net.InetAddress$CachedLookup.get(Unknown Source)
	at java.base/java.net.InetAddress.getAllByName0(Unknown Source)
	at java.base/java.net.InetAddress.getAllByName(Unknown Source)
	at org.apache.skywalking.apm.dependencies.io.grpc.internal.DnsNameResolver$JdkAddressResolver.resolveAddress(DnsNameResolver.java:644)
	at org.apache.skywalking.apm.dependencies.io.grpc.internal.DnsNameResolver.resolveAddresses(DnsNameResolver.java:220)
	... 5 more
}"}
{"timestamp":"2026-09-26T08:44:03.602Z","level":"INFO","service":"flashsale-payment","trace_id":"","span_id":"","user_id":"","order_id":"","event_id":"","idempotency_key":"","outbox_id":"","error_code":"","logger":"o.s.d.r.c.RepositoryConfigurationDelegate","message":"Multiple Spring Data modules found, entering strict repository configuration mode"}
{"timestamp":"2026-09-26T08:44:03.612Z","level":"INFO","service":"flashsale-payment","trace_id":"","span_id":"","user_id":"","order_id":"","event_id":"","idempotency_key":"","outbox_id":"","error_code":"","logger":"o.s.d.r.c.RepositoryConfigurationDelegate","message":"Bootstrapping Spring Data Redis repositories in DEFAULT mode."}
{"timestamp":"2026-09-26T08:44:03.762Z","level":"INFO","service":"flashsale-payment","trace_id":"","span_id":"","user_id":"","order_id":"","event_id":"","idempotency_key":"","outbox_id":"","error_code":"","logger":"o.s.d.r.c.RepositoryConfigurationDelegate","message":"Finished Spring Data repository scanning in 96 ms. Found 0 Redis repository interfaces."}
{"timestamp":"2026-09-26T08:44:04.817Z","level":"INFO","service":"flashsale-payment","trace_id":"","span_id":"","user_id":"","order_id":"","event_id":"","idempotency_key":"","outbox_id":"","error_code":"","logger":"o.s.cloud.context.scope.GenericScope","message":"BeanFactory id=5414e5ad-36b8-396a-9caf-4739fca1cef3"}
{"timestamp":"2026-09-26T08:44:05.161Z","level":"WARN","service":"flashsale-payment","trace_id":"","span_id":"","user_id":"","order_id":"","event_id":"","idempotency_key":"","outbox_id":"","error_code":"","logger":"o.s.c.s.PostProcessorRegistrationDelegate$BeanPostProcessorChecker","message":"Bean 'org.apache.rocketmq.spring.autoconfigure.ListenerContainerConfiguration' of type [org.apache.rocketmq.spring.autoconfigure.ListenerContainerConfiguration$$SpringCGLIB$$0] is not eligible for getting processed by all BeanPostProcessors (for example: not eligible for auto-proxying). Is this bean getting eagerly injected/applied to a currently created BeanPostProcessor [org.apache.rocketmq.spring.annotation.RocketMQMessageListenerBeanPostProcessor]? Check the corresponding BeanPostProcessor declaration and its dependencies/advisors. If this bean does not have to be post-processed, declare it with ROLE_INFRASTRUCTURE."}
{"timestamp":"2026-09-26T08:44:06.299Z","level":"WARN","service":"flashsale-payment","trace_id":"","span_id":"","user_id":"","order_id":"","event_id":"","idempotency_key":"","outbox_id":"","error_code":"","logger":"o.s.c.s.PostProcessorRegistrationDelegate$BeanPostProcessorChecker","message":"Bean 'org.apache.rocketmq.spring.autoconfigure.MessageConverterConfiguration' of type [org.apache.rocketmq.spring.autoconfigure.MessageConverterConfiguration$$SpringCGLIB$$0] is not eligible for getting processed by all BeanPostProcessors (for example: not eligible for auto-proxying). Is this bean getting eagerly injected/applied to a currently created BeanPostProcessor [org.apache.rocketmq.spring.annotation.RocketMQMessageListenerBeanPostProcessor]? Check the corresponding BeanPostProcessor declaration and its dependencies/advisors. If this bean does not have to be post-processed, declare it with ROLE_INFRASTRUCTURE."}
{"timestamp":"2026-09-26T08:44:06.493Z","level":"WARN","service":"flashsale-payment","trace_id":"","span_id":"","user_id":"","order_id":"","event_id":"","idempotency_key":"","outbox_id":"","error_code":"","logger":"o.s.c.s.PostProcessorRegistrationDelegate$BeanPostProcessorChecker","message":"Bean 'createRocketMQMessageConverter' of type [org.apache.rocketmq.spring.support.RocketMQMessageConverter] is not eligible for getting processed by all BeanPostProcessors (for example: not eligible for auto-proxying). Is this bean getting eagerly injected/applied to a currently created BeanPostProcessor [org.apache.rocketmq.spring.annotation.RocketMQMessageListenerBeanPostProcessor]? Check the corresponding BeanPostProcessor declaration and its dependencies/advisors. If this bean does not have to be post-processed, declare it with ROLE_INFRASTRUCTURE."}
{"timestamp":"2026-09-26T08:44:06.521Z","level":"WARN","service":"flashsale-payment","trace_id":"","span_id":"","user_id":"","order_id":"","event_id":"","idempotency_key":"","outbox_id":"","error_code":"","logger":"o.s.c.s.PostProcessorRegistrationDelegate$BeanPostProcessorChecker","message":"Bean 'org.springframework.cloud.commons.config.CommonsConfigAutoConfiguration' of type [org.springframework.cloud.commons.config.CommonsConfigAutoConfiguration] is not eligible for getting processed by all BeanPostProcessors (for example: not eligible for auto-proxying). Is this bean getting eagerly injected/applied to a currently created BeanPostProcessor [org.apache.rocketmq.spring.annotation.RocketMQMessageListenerBeanPostProcessor]? Check the corresponding BeanPostProcessor declaration and its dependencies/advisors. If this bean does not have to be post-processed, declare it with ROLE_INFRASTRUCTURE."}
{"timestamp":"2026-09-26T08:44:06.526Z","level":"WARN","service":"flashsale-payment","trace_id":"","span_id":"","user_id":"","order_id":"","event_id":"","idempotency_key":"","outbox_id":"","error_code":"","logger":"o.s.c.s.PostProcessorRegistrationDelegate$BeanPostProcessorChecker","message":"Bean 'org.springframework.cloud.client.loadbalancer.LoadBalancerDefaultMappingsProviderAutoConfiguration' of type [org.springframework.cloud.client.loadbalancer.LoadBalancerDefaultMappingsProviderAutoConfiguration] is not eligible for getting processed by all BeanPostProcessors (for example: not eligible for auto-proxying). Is this bean getting eagerly injected/applied to a currently created BeanPostProcessor [org.apache.rocketmq.spring.annotation.RocketMQMessageListenerBeanPostProcessor]? Check the corresponding BeanPostProcessor declaration and its dependencies/advisors. If this bean does not have to be post-processed, declare it with ROLE_INFRASTRUCTURE."}
{"timestamp":"2026-09-26T08:44:06.527Z","level":"WARN","service":"flashsale-payment","trace_id":"","span_id":"","user_id":"","order_id":"","event_id":"","idempotency_key":"","outbox_id":"","error_code":"","logger":"o.s.c.s.PostProcessorRegistrationDelegate$BeanPostProcessorChecker","message":"Bean 'loadBalancerClientsDefaultsMappingsProvider' of type [org.springframework.cloud.client.loadbalancer.LoadBalancerDefaultMappingsProviderAutoConfiguration$$Lambda/0x00007587349bf270] is not eligible for getting processed by all BeanPostProcessors (for example: not eligible for auto-proxying). Is this bean getting eagerly injected/applied to a currently created BeanPostProcessor [org.apache.rocketmq.spring.annotation.RocketMQMessageListenerBeanPostProcessor]? Check the corresponding BeanPostProcessor declaration and its dependencies/advisors. If this bean does not have to be post-processed, declare it with ROLE_INFRASTRUCTURE."}
{"timestamp":"2026-09-26T08:44:06.529Z","level":"WARN","service":"flashsale-payment","trace_id":"","span_id":"","user_id":"","order_id":"","event_id":"","idempotency_key":"","outbox_id":"","error_code":"","logger":"o.s.c.s.PostProcessorRegistrationDelegate$BeanPostProcessorChecker","message":"Bean 'defaultsBindHandlerAdvisor' of type [org.springframework.cloud.commons.config.DefaultsBindHandlerAdvisor] is not eligible for getting processed by all BeanPostProcessors (for example: not eligible for auto-proxying). Is this bean getting eagerly injected/applied to a currently created BeanPostProcessor [org.apache.rocketmq.spring.annotation.RocketMQMessageListenerBeanPostProcessor]? Check the corresponding BeanPostProcessor declaration and its dependencies/advisors. If this bean does not have to be post-processed, declare it with ROLE_INFRASTRUCTURE."}
{"timestamp":"2026-09-26T08:44:06.542Z","level":"WARN","service":"flashsale-payment","trace_id":"","span_id":"","user_id":"","order_id":"","event_id":"","idempotency_key":"","outbox_id":"","error_code":"","logger":"o.s.c.s.PostProcessorRegistrationDelegate$BeanPostProcessorChecker","message":"Bean 'rocketmq-org.apache.rocketmq.spring.autoconfigure.RocketMQProperties' of type [org.apache.rocketmq.spring.autoconfigure.RocketMQProperties] is not eligible for getting processed by all BeanPostProcessors (for example: not eligible for auto-proxying). Is this bean getting eagerly injected/applied to a currently created BeanPostProcessor [org.apache.rocketmq.spring.annotation.RocketMQMessageListenerBeanPostProcessor]? Check the corresponding BeanPostProcessor declaration and its dependencies/advisors. If this bean does not have to be post-processed, declare it with ROLE_INFRASTRUCTURE."}
{"timestamp":"2026-09-26T08:44:06.550Z","level":"WARN","service":"flashsale-payment","trace_id":"","span_id":"","user_id":"","order_id":"","event_id":"","idempotency_key":"","outbox_id":"","error_code":"","logger":"o.s.c.s.PostProcessorRegistrationDelegate$BeanPostProcessorChecker","message":"Bean 'rocketMQMessageListenerContainerRegistrar' of type [org.apache.rocketmq.spring.support.RocketMQMessageListenerContainerRegistrar] is not eligible for getting processed by all BeanPostProcessors (for example: not eligible for auto-proxying). Is this bean getting eagerly injected/applied to a currently created BeanPostProcessor [org.apache.rocketmq.spring.annotation.RocketMQMessageListenerBeanPostProcessor]? Check the corresponding BeanPostProcessor declaration and its dependencies/advisors. If this bean does not have to be post-processed, declare it with ROLE_INFRASTRUCTURE."}
{"timestamp":"2026-09-26T08:44:07.558Z","level":"INFO","service":"flashsale-payment","trace_id":"","span_id":"","user_id":"","order_id":"","event_id":"","idempotency_key":"","outbox_id":"","error_code":"","logger":"o.s.b.w.e.tomcat.TomcatWebServer","message":"Tomcat initialized with port 8080 (http)"}
{"timestamp":"2026-09-26T08:44:07.595Z","level":"INFO","service":"flashsale-payment","trace_id":"","span_id":"","user_id":"","order_id":"","event_id":"","idempotency_key":"","outbox_id":"","error_code":"","logger":"o.a.coyote.http11.Http11NioProtocol","message":"Initializing ProtocolHandler [\"http-nio-8080\"]"}
{"timestamp":"2026-09-26T08:44:07.603Z","level":"INFO","service":"flashsale-payment","trace_id":"","span_id":"","user_id":"","order_id":"","event_id":"","idempotency_key":"","outbox_id":"","error_code":"","logger":"o.a.catalina.core.StandardService","message":"Starting service [Tomcat]"}
{"timestamp":"2026-09-26T08:44:07.604Z","level":"INFO","service":"flashsale-payment","trace_id":"","span_id":"","user_id":"","order_id":"","event_id":"","idempotency_key":"","outbox_id":"","error_code":"","logger":"o.a.catalina.core.StandardEngine","message":"Starting Servlet engine: [Apache Tomcat/10.1.40]"}
{"timestamp":"2026-09-26T08:44:07.756Z","level":"INFO","service":"flashsale-payment","trace_id":"","span_id":"","user_id":"","order_id":"","event_id":"","idempotency_key":"","outbox_id":"","error_code":"","logger":"o.a.c.c.C.[Tomcat].[localhost].[/]","message":"Initializing Spring embedded WebApplicationContext"}
{"timestamp":"2026-09-26T08:44:07.758Z","level":"INFO","service":"flashsale-payment","trace_id":"","span_id":"","user_id":"","order_id":"","event_id":"","idempotency_key":"","outbox_id":"","error_code":"","logger":"o.s.b.w.s.c.ServletWebServerApplicationContext","message":"Root WebApplicationContext: initialization completed in 9230 ms"}
Standard Commons Logging discovery in action with spring-jcl: please remove commons-logging.jar from classpath in order to avoid potential conflicts
{"timestamp":"2026-09-26T08:44:11.491Z","level":"WARN","service":"flashsale-payment","trace_id":"","span_id":"","user_id":"","order_id":"","event_id":"","idempotency_key":"","outbox_id":"","error_code":"","logger":"o.a.r.s.a.RocketMQAutoConfiguration","message":"The necessary spring property 'rocketmq.name-server' is not defined, all rockertmq beans creation are skipped!"}
{"timestamp":"2026-09-26T08:44:11.876Z","level":"WARN","service":"flashsale-payment","trace_id":"","span_id":"","user_id":"","order_id":"","event_id":"","idempotency_key":"","outbox_id":"","error_code":"","logger":"o.a.s.a.d.i.g.i.ManagedChannelImpl","message":"[Channel<1>: (skywalking-oap:11800)] Failed to resolve name. status=Status{code=UNAVAILABLE, description=Unable to resolve host skywalking-oap, cause=java.lang.RuntimeException: java.net.UnknownHostException: skywalking-oap: Temporary failure in name resolution
	at org.apache.skywalking.apm.dependencies.io.grpc.internal.DnsNameResolver.resolveAddresses(DnsNameResolver.java:224)
	at org.apache.skywalking.apm.dependencies.io.grpc.internal.DnsNameResolver.doResolve(DnsNameResolver.java:283)
	at org.apache.skywalking.apm.dependencies.io.grpc.internal.DnsNameResolver$Resolve.run(DnsNameResolver.java:320)
	at java.base/java.util.concurrent.ThreadPoolExecutor.runWorker(Unknown Source)
	at java.base/java.util.concurrent.ThreadPoolExecutor$Worker.run(Unknown Source)
	at java.base/java.lang.Thread.run(Unknown Source)
Caused by: java.net.UnknownHostException: skywalking-oap: Temporary failure in name resolution
	at java.base/java.net.Inet6AddressImpl.lookupAllHostAddr(Native Method)
	at java.base/java.net.Inet6AddressImpl.lookupAllHostAddr(Unknown Source)
	at java.base/java.net.InetAddress$PlatformResolver.lookupByName(Unknown Source)
	at java.base/java.net.InetAddress.getAddressesFromNameService(Unknown Source)
	at java.base/java.net.InetAddress$NameServiceAddresses.get(Unknown Source)
	at java.base/java.net.InetAddress.getAllByName0(Unknown Source)
	at java.base/java.net.InetAddress.getAllByName(Unknown Source)
	at org.apache.skywalking.apm.dependencies.io.grpc.internal.DnsNameResolver$JdkAddressResolver.resolveAddress(DnsNameResolver.java:644)
	at org.apache.skywalking.apm.dependencies.io.grpc.internal.DnsNameResolver.resolveAddresses(DnsNameResolver.java:220)
	... 5 more
}"}
{"timestamp":"2026-09-26T08:44:13.609Z","level":"WARN","service":"flashsale-payment","trace_id":"","span_id":"","user_id":"","order_id":"","event_id":"","idempotency_key":"","outbox_id":"","error_code":"","logger":"o.s.c.l.c.LoadBalancerCacheAutoConfiguration$LoadBalancerCaffeineWarnLogger","message":"Spring Cloud LoadBalancer is currently working with the default cache. While this cache implementation is useful for development and tests, it's recommended to use Caffeine cache in production.You can switch to using Caffeine cache, by adding it and org.springframework.cache.caffeine.CaffeineCacheManager to the classpath."}
{"timestamp":"2026-09-26T08:44:13.712Z","level":"INFO","service":"flashsale-payment","trace_id":"","span_id":"","user_id":"","order_id":"","event_id":"","idempotency_key":"","outbox_id":"","error_code":"","logger":"o.s.b.a.e.web.EndpointLinksResolver","message":"Exposing 3 endpoints beneath base path '/actuator'"}
{"timestamp":"2026-09-26T08:44:13.804Z","level":"INFO","service":"flashsale-payment","trace_id":"","span_id":"","user_id":"","order_id":"","event_id":"","idempotency_key":"","outbox_id":"","error_code":"","logger":"c.x.job.core.executor.XxlJobExecutor","message":">>>>>>>>>>> xxl-job register jobhandler success, name:outboxDispatch, jobHandler:com.xxl.job.core.handler.impl.MethodJobHandler@4035eace[class com.flashsale.common.messaging.OutboxDispatchTask#runXxlJob]"}
{"timestamp":"2026-09-26T08:44:14.054Z","level":"INFO","service":"flashsale-payment","trace_id":"","span_id":"","user_id":"","order_id":"","event_id":"","idempotency_key":"","outbox_id":"","error_code":"","logger":"o.a.coyote.http11.Http11NioProtocol","message":"Starting ProtocolHandler [\"http-nio-8080\"]"}
{"timestamp":"2026-09-26T08:44:14.164Z","level":"INFO","service":"flashsale-payment","trace_id":"","span_id":"","user_id":"","order_id":"","event_id":"","idempotency_key":"","outbox_id":"","error_code":"","logger":"o.s.b.w.e.tomcat.TomcatWebServer","message":"Tomcat started on port 8080 (http) with context path '/'"}
{"timestamp":"2026-09-26T08:44:14.192Z","level":"INFO","service":"flashsale-payment","trace_id":"","span_id":"","user_id":"","order_id":"","event_id":"","idempotency_key":"","outbox_id":"","error_code":"","logger":"com.xxl.job.core.server.EmbedServer","message":">>>>>>>>>>> xxl-job remoting server start success, nettype = class com.xxl.job.core.server.EmbedServer, port = 9999"}
{"timestamp":"2026-09-26T08:44:14.202Z","level":"INFO","service":"flashsale-payment","trace_id":"","span_id":"","user_id":"","order_id":"","event_id":"","idempotency_key":"","outbox_id":"","error_code":"","logger":"c.a.n.p.a.s.c.ClientAuthPluginManager","message":"[ClientAuthPluginManager] Load ClientAuthService com.alibaba.nacos.client.auth.impl.NacosClientAuthServiceImpl success."}
{"timestamp":"2026-09-26T08:44:14.202Z","level":"INFO","service":"flashsale-payment","trace_id":"","span_id":"","user_id":"","order_id":"","event_id":"","idempotency_key":"","outbox_id":"","error_code":"","logger":"c.a.n.p.a.s.c.ClientAuthPluginManager","message":"[ClientAuthPluginManager] Load ClientAuthService com.alibaba.nacos.client.auth.ram.RamClientAuthServiceImpl success."}
{"timestamp":"2026-09-26T08:44:14.495Z","level":"INFO","service":"flashsale-payment","trace_id":"","span_id":"","user_id":"","order_id":"","event_id":"","idempotency_key":"","outbox_id":"","error_code":"","logger":"c.a.c.n.r.NacosServiceRegistry","message":"nacos registry, DEFAULT_GROUP flashsale-payment 172.20.0.16:8080 register finished"}
{"timestamp":"2026-09-26T08:44:14.528Z","level":"INFO","service":"flashsale-payment","trace_id":"","span_id":"","user_id":"","order_id":"","event_id":"","idempotency_key":"","outbox_id":"","error_code":"","logger":"c.f.payment.PaymentApplication","message":"Started PaymentApplication in 28.98 seconds (process running for 39.603)"}
{"timestamp":"2026-09-26T08:44:14.728Z","level":"INFO","service":"flashsale-payment","trace_id":"","span_id":"","user_id":"","order_id":"","event_id":"","idempotency_key":"","outbox_id":"","error_code":"","logger":"c.a.c.n.r.NacosContextRefresher","message":"[Nacos Config] Listening config: dataId=flashsale-payment.yaml, group=DEFAULT_GROUP"}
{"timestamp":"2026-09-26T08:44:16.267Z","level":"INFO","service":"flashsale-payment","trace_id":"","span_id":"","user_id":"","order_id":"","event_id":"","idempotency_key":"","outbox_id":"","error_code":"","logger":"o.a.c.c.C.[Tomcat].[localhost].[/]","message":"Initializing Spring DispatcherServlet 'dispatcherServlet'"}
{"timestamp":"2026-09-26T08:44:16.268Z","level":"INFO","service":"flashsale-payment","trace_id":"","span_id":"","user_id":"","order_id":"","event_id":"","idempotency_key":"","outbox_id":"","error_code":"","logger":"o.s.web.servlet.DispatcherServlet","message":"Initializing Servlet 'dispatcherServlet'"}
{"timestamp":"2026-09-26T08:44:16.271Z","level":"INFO","service":"flashsale-payment","trace_id":"","span_id":"","user_id":"","order_id":"","event_id":"","idempotency_key":"","outbox_id":"","error_code":"","logger":"o.s.web.servlet.DispatcherServlet","message":"Completed initialization in 3 ms"}
{"timestamp":"2026-09-26T08:44:16.551Z","level":"INFO","service":"flashsale-payment","trace_id":"c0d5bb09-dc06-4ce7-9b26-cea3aaa74045","span_id":"91396c97-14df-469b-8393-173b3207b0f0","user_id":"","order_id":"","event_id":"","idempotency_key":"","outbox_id":"","error_code":"","logger":"com.zaxxer.hikari.HikariDataSource","message":"HikariPool-1 - Starting..."}
{"timestamp":"2026-09-26T08:44:17.426Z","level":"INFO","service":"flashsale-payment","trace_id":"c0d5bb09-dc06-4ce7-9b26-cea3aaa74045","span_id":"91396c97-14df-469b-8393-173b3207b0f0","user_id":"","order_id":"","event_id":"","idempotency_key":"","outbox_id":"","error_code":"","logger":"com.zaxxer.hikari.pool.HikariPool","message":"HikariPool-1 - Added connection org.postgresql.jdbc.PgConnection@278edfef"}
{"timestamp":"2026-09-26T08:44:17.449Z","level":"INFO","service":"flashsale-payment","trace_id":"c0d5bb09-dc06-4ce7-9b26-cea3aaa74045","span_id":"91396c97-14df-469b-8393-173b3207b0f0","user_id":"","order_id":"","event_id":"","idempotency_key":"","outbox_id":"","error_code":"","logger":"com.zaxxer.hikari.HikariDataSource","message":"HikariPool-1 - Start completed."}
{"timestamp":"2026-09-26T08:44:25.500Z","level":"WARN","service":"flashsale-payment","trace_id":"","span_id":"","user_id":"","order_id":"","event_id":"","idempotency_key":"","outbox_id":"","error_code":"","logger":"o.a.s.a.d.i.g.i.ManagedChannelImpl","message":"[Channel<1>: (skywalking-oap:11800)] Failed to resolve name. status=Status{code=UNAVAILABLE, description=Unable to resolve host skywalking-oap, cause=java.lang.RuntimeException: java.net.UnknownHostException: skywalking-oap: Temporary failure in name resolution
	at org.apache.skywalking.apm.dependencies.io.grpc.internal.DnsNameResolver.resolveAddresses(DnsNameResolver.java:224)
	at org.apache.skywalking.apm.dependencies.io.grpc.internal.DnsNameResolver.doResolve(DnsNameResolver.java:283)
	at org.apache.skywalking.apm.dependencies.io.grpc.internal.DnsNameResolver$Resolve.run(DnsNameResolver.java:320)
	at java.base/java.util.concurrent.ThreadPoolExecutor.runWorker(Unknown Source)
	at java.base/java.util.concurrent.ThreadPoolExecutor$Worker.run(Unknown Source)
	at java.base/java.lang.Thread.run(Unknown Source)
Caused by: java.net.UnknownHostException: skywalking-oap: Temporary failure in name resolution
	at java.base/java.net.Inet6AddressImpl.lookupAllHostAddr(Native Method)
	at java.base/java.net.Inet6AddressImpl.lookupAllHostAddr(Unknown Source)
	at java.base/java.net.InetAddress$PlatformResolver.lookupByName(Unknown Source)
	at java.base/java.net.InetAddress.getAddressesFromNameService(Unknown Source)
	at java.base/java.net.InetAddress$NameServiceAddresses.get(Unknown Source)
	at java.base/java.net.InetAddress.getAllByName0(Unknown Source)
	at java.base/java.net.InetAddress.getAllByName(Unknown Source)
	at org.apache.skywalking.apm.dependencies.io.grpc.internal.DnsNameResolver$JdkAddressResolver.resolveAddress(DnsNameResolver.java:644)
	at org.apache.skywalking.apm.dependencies.io.grpc.internal.DnsNameResolver.resolveAddresses(DnsNameResolver.java:220)
	... 5 more
}"}
{"timestamp":"2026-09-26T08:44:37.204Z","level":"INFO","service":"flashsale-payment","trace_id":"","span_id":"","user_id":"","order_id":"","event_id":"","idempotency_key":"","outbox_id":"","error_code":"","logger":"c.x.job.core.executor.XxlJobExecutor","message":">>>>>>>>>>> xxl-job regist JobThread success, jobId:5, handler:com.xxl.job.core.handler.impl.MethodJobHandler@4035eace[class com.flashsale.common.messaging.OutboxDispatchTask#runXxlJob]"}
{"timestamp":"2026-09-26T08:44:52.451Z","level":"WARN","service":"flashsale-payment","trace_id":"","span_id":"","user_id":"","order_id":"","event_id":"","idempotency_key":"","outbox_id":"","error_code":"","logger":"o.a.s.a.d.i.g.i.ManagedChannelImpl","message":"[Channel<1>: (skywalking-oap:11800)] Failed to resolve name. status=Status{code=UNAVAILABLE, description=Unable to resolve host skywalking-oap, cause=java.lang.RuntimeException: java.net.UnknownHostException: skywalking-oap: Temporary failure in name resolution
	at org.apache.skywalking.apm.dependencies.io.grpc.internal.DnsNameResolver.resolveAddresses(DnsNameResolver.java:224)
	at org.apache.skywalking.apm.dependencies.io.grpc.internal.DnsNameResolver.doResolve(DnsNameResolver.java:283)
	at org.apache.skywalking.apm.dependencies.io.grpc.internal.DnsNameResolver$Resolve.run(DnsNameResolver.java:320)
	at java.base/java.util.concurrent.ThreadPoolExecutor.runWorker(Unknown Source)
	at java.base/java.util.concurrent.ThreadPoolExecutor$Worker.run(Unknown Source)
	at java.base/java.lang.Thread.run(Unknown Source)
Caused by: java.net.UnknownHostException: skywalking-oap: Temporary failure in name resolution
	at java.base/java.net.Inet6AddressImpl.lookupAllHostAddr(Native Method)
	at java.base/java.net.Inet6AddressImpl.lookupAllHostAddr(Unknown Source)
	at java.base/java.net.InetAddress$PlatformResolver.lookupByName(Unknown Source)
	at java.base/java.net.InetAddress.getAddressesFromNameService(Unknown Source)
	at java.base/java.net.InetAddress$NameServiceAddresses.get(Unknown Source)
	at java.base/java.net.InetAddress.getAllByName0(Unknown Source)
	at java.base/java.net.InetAddress.getAllByName(Unknown Source)
	at org.apache.skywalking.apm.dependencies.io.grpc.internal.DnsNameResolver$JdkAddressResolver.resolveAddress(DnsNameResolver.java:644)
	at org.apache.skywalking.apm.dependencies.io.grpc.internal.DnsNameResolver.resolveAddresses(DnsNameResolver.java:220)
	... 5 more
}"}
{"timestamp":"2026-09-26T08:45:43.137Z","level":"WARN","service":"flashsale-payment","trace_id":"","span_id":"","user_id":"","order_id":"","event_id":"","idempotency_key":"","outbox_id":"","error_code":"","logger":"o.a.s.a.d.i.g.i.ManagedChannelImpl","message":"[Channel<1>: (skywalking-oap:11800)] Failed to resolve name. status=Status{code=UNAVAILABLE, description=Unable to resolve host skywalking-oap, cause=java.lang.RuntimeException: java.net.UnknownHostException: skywalking-oap: Temporary failure in name resolution
	at org.apache.skywalking.apm.dependencies.io.grpc.internal.DnsNameResolver.resolveAddresses(DnsNameResolver.java:224)
	at org.apache.skywalking.apm.dependencies.io.grpc.internal.DnsNameResolver.doResolve(DnsNameResolver.java:283)
	at org.apache.skywalking.apm.dependencies.io.grpc.internal.DnsNameResolver$Resolve.run(DnsNameResolver.java:320)
	at java.base/java.util.concurrent.ThreadPoolExecutor.runWorker(Unknown Source)
	at java.base/java.util.concurrent.ThreadPoolExecutor$Worker.run(Unknown Source)
	at java.base/java.lang.Thread.run(Unknown Source)
Caused by: java.net.UnknownHostException: skywalking-oap: Temporary failure in name resolution
	at java.base/java.net.Inet6AddressImpl.lookupAllHostAddr(Native Method)
	at java.base/java.net.Inet6AddressImpl.lookupAllHostAddr(Unknown Source)
	at java.base/java.net.InetAddress$PlatformResolver.lookupByName(Unknown Source)
	at java.base/java.net.InetAddress.getAddressesFromNameService(Unknown Source)
	at java.base/java.net.InetAddress$NameServiceAddresses.get(Unknown Source)
	at java.base/java.net.InetAddress.getAllByName0(Unknown Source)
	at java.base/java.net.InetAddress.getAllByName(Unknown Source)
	at org.apache.skywalking.apm.dependencies.io.grpc.internal.DnsNameResolver$JdkAddressResolver.resolveAddress(DnsNameResolver.java:644)
	at org.apache.skywalking.apm.dependencies.io.grpc.internal.DnsNameResolver.resolveAddresses(DnsNameResolver.java:220)
	... 5 more
}"}
{"timestamp":"2026-09-26T08:46:56.327Z","level":"WARN","service":"flashsale-payment","trace_id":"","span_id":"","user_id":"","order_id":"","event_id":"","idempotency_key":"","outbox_id":"","error_code":"","logger":"o.a.s.a.d.i.g.i.ManagedChannelImpl","message":"[Channel<1>: (skywalking-oap:11800)] Failed to resolve name. status=Status{code=UNAVAILABLE, description=Unable to resolve host skywalking-oap, cause=java.lang.RuntimeException: java.net.UnknownHostException: skywalking-oap: Temporary failure in name resolution
	at org.apache.skywalking.apm.dependencies.io.grpc.internal.DnsNameResolver.resolveAddresses(DnsNameResolver.java:224)
	at org.apache.skywalking.apm.dependencies.io.grpc.internal.DnsNameResolver.doResolve(DnsNameResolver.java:283)
	at org.apache.skywalking.apm.dependencies.io.grpc.internal.DnsNameResolver$Resolve.run(DnsNameResolver.java:320)
	at java.base/java.util.concurrent.ThreadPoolExecutor.runWorker(Unknown Source)
	at java.base/java.util.concurrent.ThreadPoolExecutor$Worker.run(Unknown Source)
	at java.base/java.lang.Thread.run(Unknown Source)
Caused by: java.net.UnknownHostException: skywalking-oap: Temporary failure in name resolution
	at java.base/java.net.Inet6AddressImpl.lookupAllHostAddr(Native Method)
	at java.base/java.net.Inet6AddressImpl.lookupAllHostAddr(Unknown Source)
	at java.base/java.net.InetAddress$PlatformResolver.lookupByName(Unknown Source)
	at java.base/java.net.InetAddress.getAddressesFromNameService(Unknown Source)
	at java.base/java.net.InetAddress$NameServiceAddresses.get(Unknown Source)
	at java.base/java.net.InetAddress.getAllByName0(Unknown Source)
	at java.base/java.net.InetAddress.getAllByName(Unknown Source)
	at org.apache.skywalking.apm.dependencies.io.grpc.internal.DnsNameResolver$JdkAddressResolver.resolveAddress(DnsNameResolver.java:644)
	at org.apache.skywalking.apm.dependencies.io.grpc.internal.DnsNameResolver.resolveAddresses(DnsNameResolver.java:220)
	... 5 more
}"}
{"timestamp":"2026-09-26T08:48:49.887Z","level":"WARN","service":"flashsale-payment","trace_id":"","span_id":"","user_id":"","order_id":"","event_id":"","idempotency_key":"","outbox_id":"","error_code":"","logger":"o.a.s.a.d.i.g.i.ManagedChannelImpl","message":"[Channel<1>: (skywalking-oap:11800)] Failed to resolve name. status=Status{code=UNAVAILABLE, description=Unable to resolve host skywalking-oap, cause=java.lang.RuntimeException: java.net.UnknownHostException: skywalking-oap: Temporary failure in name resolution
	at org.apache.skywalking.apm.dependencies.io.grpc.internal.DnsNameResolver.resolveAddresses(DnsNameResolver.java:224)
	at org.apache.skywalking.apm.dependencies.io.grpc.internal.DnsNameResolver.doResolve(DnsNameResolver.java:283)
	at org.apache.skywalking.apm.dependencies.io.grpc.internal.DnsNameResolver$Resolve.run(DnsNameResolver.java:320)
	at java.base/java.util.concurrent.ThreadPoolExecutor.runWorker(Unknown Source)
	at java.base/java.util.concurrent.ThreadPoolExecutor$Worker.run(Unknown Source)
	at java.base/java.lang.Thread.run(Unknown Source)
Caused by: java.net.UnknownHostException: skywalking-oap: Temporary failure in name resolution
	at java.base/java.net.Inet6AddressImpl.lookupAllHostAddr(Native Method)
	at java.base/java.net.Inet6AddressImpl.lookupAllHostAddr(Unknown Source)
	at java.base/java.net.InetAddress$PlatformResolver.lookupByName(Unknown Source)
	at java.base/java.net.InetAddress.getAddressesFromNameService(Unknown Source)
	at java.base/java.net.InetAddress$NameServiceAddresses.get(Unknown Source)
	at java.base/java.net.InetAddress.getAllByName0(Unknown Source)
	at java.base/java.net.InetAddress.getAllByName(Unknown Source)
	at org.apache.skywalking.apm.dependencies.io.grpc.internal.DnsNameResolver$JdkAddressResolver.resolveAddress(DnsNameResolver.java:644)
	at org.apache.skywalking.apm.dependencies.io.grpc.internal.DnsNameResolver.resolveAddresses(DnsNameResolver.java:220)
	... 5 more
}"}
{"timestamp":"2026-09-26T08:51:04.031Z","level":"WARN","service":"flashsale-payment","trace_id":"","span_id":"","user_id":"","order_id":"","event_id":"","idempotency_key":"","outbox_id":"","error_code":"","logger":"o.a.s.a.d.i.g.i.ManagedChannelImpl","message":"[Channel<1>: (skywalking-oap:11800)] Failed to resolve name. status=Status{code=UNAVAILABLE, description=Unable to resolve host skywalking-oap, cause=java.lang.RuntimeException: java.net.UnknownHostException: skywalking-oap: Temporary failure in name resolution
	at org.apache.skywalking.apm.dependencies.io.grpc.internal.DnsNameResolver.resolveAddresses(DnsNameResolver.java:224)
	at org.apache.skywalking.apm.dependencies.io.grpc.internal.DnsNameResolver.doResolve(DnsNameResolver.java:283)
	at org.apache.skywalking.apm.dependencies.io.grpc.internal.DnsNameResolver$Resolve.run(DnsNameResolver.java:320)
	at java.base/java.util.concurrent.ThreadPoolExecutor.runWorker(Unknown Source)
	at java.base/java.util.concurrent.ThreadPoolExecutor$Worker.run(Unknown Source)
	at java.base/java.lang.Thread.run(Unknown Source)
Caused by: java.net.UnknownHostException: skywalking-oap: Temporary failure in name resolution
	at java.base/java.net.Inet6AddressImpl.lookupAllHostAddr(Native Method)
	at java.base/java.net.Inet6AddressImpl.lookupAllHostAddr(Unknown Source)
	at java.base/java.net.InetAddress$PlatformResolver.lookupByName(Unknown Source)
	at java.base/java.net.InetAddress.getAddressesFromNameService(Unknown Source)
	at java.base/java.net.InetAddress$NameServiceAddresses.get(Unknown Source)
	at java.base/java.net.InetAddress.getAllByName0(Unknown Source)
	at java.base/java.net.InetAddress.getAllByName(Unknown Source)
	at org.apache.skywalking.apm.dependencies.io.grpc.internal.DnsNameResolver$JdkAddressResolver.resolveAddress(DnsNameResolver.java:644)
	at org.apache.skywalking.apm.dependencies.io.grpc.internal.DnsNameResolver.resolveAddresses(DnsNameResolver.java:220)
	... 5 more
}"}
{"timestamp":"2026-09-26T08:53:15.115Z","level":"WARN","service":"flashsale-payment","trace_id":"","span_id":"","user_id":"","order_id":"","event_id":"","idempotency_key":"","outbox_id":"","error_code":"","logger":"o.a.s.a.d.i.g.i.ManagedChannelImpl","message":"[Channel<1>: (skywalking-oap:11800)] Failed to resolve name. status=Status{code=UNAVAILABLE, description=Unable to resolve host skywalking-oap, cause=java.lang.RuntimeException: java.net.UnknownHostException: skywalking-oap: Temporary failure in name resolution
	at org.apache.skywalking.apm.dependencies.io.grpc.internal.DnsNameResolver.resolveAddresses(DnsNameResolver.java:224)
	at org.apache.skywalking.apm.dependencies.io.grpc.internal.DnsNameResolver.doResolve(DnsNameResolver.java:283)
	at org.apache.skywalking.apm.dependencies.io.grpc.internal.DnsNameResolver$Resolve.run(DnsNameResolver.java:320)
	at java.base/java.util.concurrent.ThreadPoolExecutor.runWorker(Unknown Source)
	at java.base/java.util.concurrent.ThreadPoolExecutor$Worker.run(Unknown Source)
	at java.base/java.lang.Thread.run(Unknown Source)
Caused by: java.net.UnknownHostException: skywalking-oap: Temporary failure in name resolution
	at java.base/java.net.Inet6AddressImpl.lookupAllHostAddr(Native Method)
	at java.base/java.net.Inet6AddressImpl.lookupAllHostAddr(Unknown Source)
	at java.base/java.net.InetAddress$PlatformResolver.lookupByName(Unknown Source)
	at java.base/java.net.InetAddress.getAddressesFromNameService(Unknown Source)
	at java.base/java.net.InetAddress$NameServiceAddresses.get(Unknown Source)
	at java.base/java.net.InetAddress.getAllByName0(Unknown Source)
	at java.base/java.net.InetAddress.getAllByName(Unknown Source)
	at org.apache.skywalking.apm.dependencies.io.grpc.internal.DnsNameResolver$JdkAddressResolver.resolveAddress(DnsNameResolver.java:644)
	at org.apache.skywalking.apm.dependencies.io.grpc.internal.DnsNameResolver.resolveAddresses(DnsNameResolver.java:220)
	... 5 more
}"}
{"timestamp":"2026-09-26T08:55:23.125Z","level":"WARN","service":"flashsale-payment","trace_id":"","span_id":"","user_id":"","order_id":"","event_id":"","idempotency_key":"","outbox_id":"","error_code":"","logger":"o.a.s.a.d.i.g.i.ManagedChannelImpl","message":"[Channel<1>: (skywalking-oap:11800)] Failed to resolve name. status=Status{code=UNAVAILABLE, description=Unable to resolve host skywalking-oap, cause=java.lang.RuntimeException: java.net.UnknownHostException: skywalking-oap: Temporary failure in name resolution
	at org.apache.skywalking.apm.dependencies.io.grpc.internal.DnsNameResolver.resolveAddresses(DnsNameResolver.java:224)
	at org.apache.skywalking.apm.dependencies.io.grpc.internal.DnsNameResolver.doResolve(DnsNameResolver.java:283)
	at org.apache.skywalking.apm.dependencies.io.grpc.internal.DnsNameResolver$Resolve.run(DnsNameResolver.java:320)
	at java.base/java.util.concurrent.ThreadPoolExecutor.runWorker(Unknown Source)
	at java.base/java.util.concurrent.ThreadPoolExecutor$Worker.run(Unknown Source)
	at java.base/java.lang.Thread.run(Unknown Source)
Caused by: java.net.UnknownHostException: skywalking-oap: Temporary failure in name resolution
	at java.base/java.net.Inet6AddressImpl.lookupAllHostAddr(Native Method)
	at java.base/java.net.Inet6AddressImpl.lookupAllHostAddr(Unknown Source)
	at java.base/java.net.InetAddress$PlatformResolver.lookupByName(Unknown Source)
	at java.base/java.net.InetAddress.getAddressesFromNameService(Unknown Source)
	at java.base/java.net.InetAddress$NameServiceAddresses.get(Unknown Source)
	at java.base/java.net.InetAddress.getAllByName0(Unknown Source)
	at java.base/java.net.InetAddress.getAllByName(Unknown Source)
	at org.apache.skywalking.apm.dependencies.io.grpc.internal.DnsNameResolver$JdkAddressResolver.resolveAddress(DnsNameResolver.java:644)
	at org.apache.skywalking.apm.dependencies.io.grpc.internal.DnsNameResolver.resolveAddresses(DnsNameResolver.java:220)
	... 5 more
}"}
{"timestamp":"2026-09-26T08:57:20.789Z","level":"WARN","service":"flashsale-payment","trace_id":"","span_id":"","user_id":"","order_id":"","event_id":"","idempotency_key":"","outbox_id":"","error_code":"","logger":"o.a.s.a.d.i.g.i.ManagedChannelImpl","message":"[Channel<1>: (skywalking-oap:11800)] Failed to resolve name. status=Status{code=UNAVAILABLE, description=Unable to resolve host skywalking-oap, cause=java.lang.RuntimeException: java.net.UnknownHostException: skywalking-oap: Temporary failure in name resolution
	at org.apache.skywalking.apm.dependencies.io.grpc.internal.DnsNameResolver.resolveAddresses(DnsNameResolver.java:224)
	at org.apache.skywalking.apm.dependencies.io.grpc.internal.DnsNameResolver.doResolve(DnsNameResolver.java:283)
	at org.apache.skywalking.apm.dependencies.io.grpc.internal.DnsNameResolver$Resolve.run(DnsNameResolver.java:320)
	at java.base/java.util.concurrent.ThreadPoolExecutor.runWorker(Unknown Source)
	at java.base/java.util.concurrent.ThreadPoolExecutor$Worker.run(Unknown Source)
	at java.base/java.lang.Thread.run(Unknown Source)
Caused by: java.net.UnknownHostException: skywalking-oap: Temporary failure in name resolution
	at java.base/java.net.Inet6AddressImpl.lookupAllHostAddr(Native Method)
	at java.base/java.net.Inet6AddressImpl.lookupAllHostAddr(Unknown Source)
	at java.base/java.net.InetAddress$PlatformResolver.lookupByName(Unknown Source)
	at java.base/java.net.InetAddress.getAddressesFromNameService(Unknown Source)
	at java.base/java.net.InetAddress$NameServiceAddresses.get(Unknown Source)
	at java.base/java.net.InetAddress.getAllByName0(Unknown Source)
	at java.base/java.net.InetAddress.getAllByName(Unknown Source)
	at org.apache.skywalking.apm.dependencies.io.grpc.internal.DnsNameResolver$JdkAddressResolver.resolveAddress(DnsNameResolver.java:644)
	at org.apache.skywalking.apm.dependencies.io.grpc.internal.DnsNameResolver.resolveAddresses(DnsNameResolver.java:220)
	... 5 more
}"}
{"timestamp":"2026-09-26T08:59:05.446Z","level":"WARN","service":"flashsale-payment","trace_id":"","span_id":"","user_id":"","order_id":"","event_id":"","idempotency_key":"","outbox_id":"","error_code":"","logger":"o.a.s.a.d.i.g.i.ManagedChannelImpl","message":"[Channel<1>: (skywalking-oap:11800)] Failed to resolve name. status=Status{code=UNAVAILABLE, description=Unable to resolve host skywalking-oap, cause=java.lang.RuntimeException: java.net.UnknownHostException: skywalking-oap: Temporary failure in name resolution
	at org.apache.skywalking.apm.dependencies.io.grpc.internal.DnsNameResolver.resolveAddresses(DnsNameResolver.java:224)
	at org.apache.skywalking.apm.dependencies.io.grpc.internal.DnsNameResolver.doResolve(DnsNameResolver.java:283)
	at org.apache.skywalking.apm.dependencies.io.grpc.internal.DnsNameResolver$Resolve.run(DnsNameResolver.java:320)
	at java.base/java.util.concurrent.ThreadPoolExecutor.runWorker(Unknown Source)
	at java.base/java.util.concurrent.ThreadPoolExecutor$Worker.run(Unknown Source)
	at java.base/java.lang.Thread.run(Unknown Source)
Caused by: java.net.UnknownHostException: skywalking-oap: Temporary failure in name resolution
	at java.base/java.net.Inet6AddressImpl.lookupAllHostAddr(Native Method)
	at java.base/java.net.Inet6AddressImpl.lookupAllHostAddr(Unknown Source)
	at java.base/java.net.InetAddress$PlatformResolver.lookupByName(Unknown Source)
	at java.base/java.net.InetAddress.getAddressesFromNameService(Unknown Source)
	at java.base/java.net.InetAddress$NameServiceAddresses.get(Unknown Source)
	at java.base/java.net.InetAddress.getAllByName0(Unknown Source)
	at java.base/java.net.InetAddress.getAllByName(Unknown Source)
	at org.apache.skywalking.apm.dependencies.io.grpc.internal.DnsNameResolver$JdkAddressResolver.resolveAddress(DnsNameResolver.java:644)
	at org.apache.skywalking.apm.dependencies.io.grpc.internal.DnsNameResolver.resolveAddresses(DnsNameResolver.java:220)
	... 5 more
}"}
{"timestamp":"2026-09-26T09:01:07.922Z","level":"WARN","service":"flashsale-payment","trace_id":"","span_id":"","user_id":"","order_id":"","event_id":"","idempotency_key":"","outbox_id":"","error_code":"","logger":"o.a.s.a.d.i.g.i.ManagedChannelImpl","message":"[Channel<1>: (skywalking-oap:11800)] Failed to resolve name. status=Status{code=UNAVAILABLE, description=Unable to resolve host skywalking-oap, cause=java.lang.RuntimeException: java.net.UnknownHostException: skywalking-oap: Temporary failure in name resolution
	at org.apache.skywalking.apm.dependencies.io.grpc.internal.DnsNameResolver.resolveAddresses(DnsNameResolver.java:224)
	at org.apache.skywalking.apm.dependencies.io.grpc.internal.DnsNameResolver.doResolve(DnsNameResolver.java:283)
	at org.apache.skywalking.apm.dependencies.io.grpc.internal.DnsNameResolver$Resolve.run(DnsNameResolver.java:320)
	at java.base/java.util.concurrent.ThreadPoolExecutor.runWorker(Unknown Source)
	at java.base/java.util.concurrent.ThreadPoolExecutor$Worker.run(Unknown Source)
	at java.base/java.lang.Thread.run(Unknown Source)
Caused by: java.net.UnknownHostException: skywalking-oap: Temporary failure in name resolution
	at java.base/java.net.Inet6AddressImpl.lookupAllHostAddr(Native Method)
	at java.base/java.net.Inet6AddressImpl.lookupAllHostAddr(Unknown Source)
	at java.base/java.net.InetAddress$PlatformResolver.lookupByName(Unknown Source)
	at java.base/java.net.InetAddress.getAddressesFromNameService(Unknown Source)
	at java.base/java.net.InetAddress$NameServiceAddresses.get(Unknown Source)
	at java.base/java.net.InetAddress.getAllByName0(Unknown Source)
	at java.base/java.net.InetAddress.getAllByName(Unknown Source)
	at org.apache.skywalking.apm.dependencies.io.grpc.internal.DnsNameResolver$JdkAddressResolver.resolveAddress(DnsNameResolver.java:644)
	at org.apache.skywalking.apm.dependencies.io.grpc.internal.DnsNameResolver.resolveAddresses(DnsNameResolver.java:220)
	... 5 more
}"}
{"timestamp":"2026-09-26T09:02:55.138Z","level":"WARN","service":"flashsale-payment","trace_id":"","span_id":"","user_id":"","order_id":"","event_id":"","idempotency_key":"","outbox_id":"","error_code":"","logger":"o.a.s.a.d.i.g.i.ManagedChannelImpl","message":"[Channel<1>: (skywalking-oap:11800)] Failed to resolve name. status=Status{code=UNAVAILABLE, description=Unable to resolve host skywalking-oap, cause=java.lang.RuntimeException: java.net.UnknownHostException: skywalking-oap: Temporary failure in name resolution
	at org.apache.skywalking.apm.dependencies.io.grpc.internal.DnsNameResolver.resolveAddresses(DnsNameResolver.java:224)
	at org.apache.skywalking.apm.dependencies.io.grpc.internal.DnsNameResolver.doResolve(DnsNameResolver.java:283)
	at org.apache.skywalking.apm.dependencies.io.grpc.internal.DnsNameResolver$Resolve.run(DnsNameResolver.java:320)
	at java.base/java.util.concurrent.ThreadPoolExecutor.runWorker(Unknown Source)
	at java.base/java.util.concurrent.ThreadPoolExecutor$Worker.run(Unknown Source)
	at java.base/java.lang.Thread.run(Unknown Source)
Caused by: java.net.UnknownHostException: skywalking-oap: Temporary failure in name resolution
	at java.base/java.net.Inet6AddressImpl.lookupAllHostAddr(Native Method)
	at java.base/java.net.Inet6AddressImpl.lookupAllHostAddr(Unknown Source)
	at java.base/java.net.InetAddress$PlatformResolver.lookupByName(Unknown Source)
	at java.base/java.net.InetAddress.getAddressesFromNameService(Unknown Source)
	at java.base/java.net.InetAddress$NameServiceAddresses.get(Unknown Source)
	at java.base/java.net.InetAddress.getAllByName0(Unknown Source)
	at java.base/java.net.InetAddress.getAllByName(Unknown Source)
	at org.apache.skywalking.apm.dependencies.io.grpc.internal.DnsNameResolver$JdkAddressResolver.resolveAddress(DnsNameResolver.java:644)
	at org.apache.skywalking.apm.dependencies.io.grpc.internal.DnsNameResolver.resolveAddresses(DnsNameResolver.java:220)
	... 5 more
}"}
{"timestamp":"2026-09-26T09:05:11.642Z","level":"WARN","service":"flashsale-payment","trace_id":"","span_id":"","user_id":"","order_id":"","event_id":"","idempotency_key":"","outbox_id":"","error_code":"","logger":"o.a.s.a.d.i.g.i.ManagedChannelImpl","message":"[Channel<1>: (skywalking-oap:11800)] Failed to resolve name. status=Status{code=UNAVAILABLE, description=Unable to resolve host skywalking-oap, cause=java.lang.RuntimeException: java.net.UnknownHostException: skywalking-oap: Temporary failure in name resolution
	at org.apache.skywalking.apm.dependencies.io.grpc.internal.DnsNameResolver.resolveAddresses(DnsNameResolver.java:224)
	at org.apache.skywalking.apm.dependencies.io.grpc.internal.DnsNameResolver.doResolve(DnsNameResolver.java:283)
	at org.apache.skywalking.apm.dependencies.io.grpc.internal.DnsNameResolver$Resolve.run(DnsNameResolver.java:320)
	at java.base/java.util.concurrent.ThreadPoolExecutor.runWorker(Unknown Source)
	at java.base/java.util.concurrent.ThreadPoolExecutor$Worker.run(Unknown Source)
	at java.base/java.lang.Thread.run(Unknown Source)
Caused by: java.net.UnknownHostException: skywalking-oap: Temporary failure in name resolution
	at java.base/java.net.Inet6AddressImpl.lookupAllHostAddr(Native Method)
	at java.base/java.net.Inet6AddressImpl.lookupAllHostAddr(Unknown Source)
	at java.base/java.net.InetAddress$PlatformResolver.lookupByName(Unknown Source)
	at java.base/java.net.InetAddress.getAddressesFromNameService(Unknown Source)
	at java.base/java.net.InetAddress$NameServiceAddresses.get(Unknown Source)
	at java.base/java.net.InetAddress.getAllByName0(Unknown Source)
	at java.base/java.net.InetAddress.getAllByName(Unknown Source)
	at org.apache.skywalking.apm.dependencies.io.grpc.internal.DnsNameResolver$JdkAddressResolver.resolveAddress(DnsNameResolver.java:644)
	at org.apache.skywalking.apm.dependencies.io.grpc.internal.DnsNameResolver.resolveAddresses(DnsNameResolver.java:220)
	... 5 more
}"}
{"timestamp":"2026-09-26T09:07:18.518Z","level":"WARN","service":"flashsale-payment","trace_id":"","span_id":"","user_id":"","order_id":"","event_id":"","idempotency_key":"","outbox_id":"","error_code":"","logger":"o.a.s.a.d.i.g.i.ManagedChannelImpl","message":"[Channel<1>: (skywalking-oap:11800)] Failed to resolve name. status=Status{code=UNAVAILABLE, description=Unable to resolve host skywalking-oap, cause=java.lang.RuntimeException: java.net.UnknownHostException: skywalking-oap: Temporary failure in name resolution
	at org.apache.skywalking.apm.dependencies.io.grpc.internal.DnsNameResolver.resolveAddresses(DnsNameResolver.java:224)
	at org.apache.skywalking.apm.dependencies.io.grpc.internal.DnsNameResolver.doResolve(DnsNameResolver.java:283)
	at org.apache.skywalking.apm.dependencies.io.grpc.internal.DnsNameResolver$Resolve.run(DnsNameResolver.java:320)
	at java.base/java.util.concurrent.ThreadPoolExecutor.runWorker(Unknown Source)
	at java.base/java.util.concurrent.ThreadPoolExecutor$Worker.run(Unknown Source)
	at java.base/java.lang.Thread.run(Unknown Source)
Caused by: java.net.UnknownHostException: skywalking-oap: Temporary failure in name resolution
	at java.base/java.net.Inet6AddressImpl.lookupAllHostAddr(Native Method)
	at java.base/java.net.Inet6AddressImpl.lookupAllHostAddr(Unknown Source)
	at java.base/java.net.InetAddress$PlatformResolver.lookupByName(Unknown Source)
	at java.base/java.net.InetAddress.getAddressesFromNameService(Unknown Source)
	at java.base/java.net.InetAddress$NameServiceAddresses.get(Unknown Source)
	at java.base/java.net.InetAddress.getAllByName0(Unknown Source)
	at java.base/java.net.InetAddress.getAllByName(Unknown Source)
	at org.apache.skywalking.apm.dependencies.io.grpc.internal.DnsNameResolver$JdkAddressResolver.resolveAddress(DnsNameResolver.java:644)
	at org.apache.skywalking.apm.dependencies.io.grpc.internal.DnsNameResolver.resolveAddresses(DnsNameResolver.java:220)
	... 5 more
}"}
{"timestamp":"2026-09-26T09:08:57.029Z","level":"WARN","service":"flashsale-payment","trace_id":"","span_id":"","user_id":"","order_id":"","event_id":"","idempotency_key":"","outbox_id":"","error_code":"","logger":"o.a.s.a.d.i.g.i.ManagedChannelImpl","message":"[Channel<1>: (skywalking-oap:11800)] Failed to resolve name. status=Status{code=UNAVAILABLE, description=Unable to resolve host skywalking-oap, cause=java.lang.RuntimeException: java.net.UnknownHostException: skywalking-oap: Temporary failure in name resolution
	at org.apache.skywalking.apm.dependencies.io.grpc.internal.DnsNameResolver.resolveAddresses(DnsNameResolver.java:224)
	at org.apache.skywalking.apm.dependencies.io.grpc.internal.DnsNameResolver.doResolve(DnsNameResolver.java:283)
	at org.apache.skywalking.apm.dependencies.io.grpc.internal.DnsNameResolver$Resolve.run(DnsNameResolver.java:320)
	at java.base/java.util.concurrent.ThreadPoolExecutor.runWorker(Unknown Source)
	at java.base/java.util.concurrent.ThreadPoolExecutor$Worker.run(Unknown Source)
	at java.base/java.lang.Thread.run(Unknown Source)
Caused by: java.net.UnknownHostException: skywalking-oap: Temporary failure in name resolution
	at java.base/java.net.Inet6AddressImpl.lookupAllHostAddr(Native Method)
	at java.base/java.net.Inet6AddressImpl.lookupAllHostAddr(Unknown Source)
	at java.base/java.net.InetAddress$PlatformResolver.lookupByName(Unknown Source)
	at java.base/java.net.InetAddress.getAddressesFromNameService(Unknown Source)
	at java.base/java.net.InetAddress$NameServiceAddresses.get(Unknown Source)
	at java.base/java.net.InetAddress.getAllByName0(Unknown Source)
	at java.base/java.net.InetAddress.getAllByName(Unknown Source)
	at org.apache.skywalking.apm.dependencies.io.grpc.internal.DnsNameResolver$JdkAddressResolver.resolveAddress(DnsNameResolver.java:644)
	at org.apache.skywalking.apm.dependencies.io.grpc.internal.DnsNameResolver.resolveAddresses(DnsNameResolver.java:220)
	... 5 more
}"}
{"timestamp":"2026-09-26T09:11:20.699Z","level":"WARN","service":"flashsale-payment","trace_id":"","span_id":"","user_id":"","order_id":"","event_id":"","idempotency_key":"","outbox_id":"","error_code":"","logger":"o.a.s.a.d.i.g.i.ManagedChannelImpl","message":"[Channel<1>: (skywalking-oap:11800)] Failed to resolve name. status=Status{code=UNAVAILABLE, description=Unable to resolve host skywalking-oap, cause=java.lang.RuntimeException: java.net.UnknownHostException: skywalking-oap: Temporary failure in name resolution
	at org.apache.skywalking.apm.dependencies.io.grpc.internal.DnsNameResolver.resolveAddresses(DnsNameResolver.java:224)
	at org.apache.skywalking.apm.dependencies.io.grpc.internal.DnsNameResolver.doResolve(DnsNameResolver.java:283)
	at org.apache.skywalking.apm.dependencies.io.grpc.internal.DnsNameResolver$Resolve.run(DnsNameResolver.java:320)
	at java.base/java.util.concurrent.ThreadPoolExecutor.runWorker(Unknown Source)
	at java.base/java.util.concurrent.ThreadPoolExecutor$Worker.run(Unknown Source)
	at java.base/java.lang.Thread.run(Unknown Source)
Caused by: java.net.UnknownHostException: skywalking-oap: Temporary failure in name resolution
	at java.base/java.net.Inet6AddressImpl.lookupAllHostAddr(Native Method)
	at java.base/java.net.Inet6AddressImpl.lookupAllHostAddr(Unknown Source)
	at java.base/java.net.InetAddress$PlatformResolver.lookupByName(Unknown Source)
	at java.base/java.net.InetAddress.getAddressesFromNameService(Unknown Source)
	at java.base/java.net.InetAddress$NameServiceAddresses.get(Unknown Source)
	at java.base/java.net.InetAddress.getAllByName0(Unknown Source)
	at java.base/java.net.InetAddress.getAllByName(Unknown Source)
	at org.apache.skywalking.apm.dependencies.io.grpc.internal.DnsNameResolver$JdkAddressResolver.resolveAddress(DnsNameResolver.java:644)
	at org.apache.skywalking.apm.dependencies.io.grpc.internal.DnsNameResolver.resolveAddresses(DnsNameResolver.java:220)
	... 5 more
}"}
{"timestamp":"2026-09-26T09:13:40.683Z","level":"WARN","service":"flashsale-payment","trace_id":"","span_id":"","user_id":"","order_id":"","event_id":"","idempotency_key":"","outbox_id":"","error_code":"","logger":"o.a.s.a.d.i.g.i.ManagedChannelImpl","message":"[Channel<1>: (skywalking-oap:11800)] Failed to resolve name. status=Status{code=UNAVAILABLE, description=Unable to resolve host skywalking-oap, cause=java.lang.RuntimeException: java.net.UnknownHostException: skywalking-oap: Temporary failure in name resolution
	at org.apache.skywalking.apm.dependencies.io.grpc.internal.DnsNameResolver.resolveAddresses(DnsNameResolver.java:224)
	at org.apache.skywalking.apm.dependencies.io.grpc.internal.DnsNameResolver.doResolve(DnsNameResolver.java:283)
	at org.apache.skywalking.apm.dependencies.io.grpc.internal.DnsNameResolver$Resolve.run(DnsNameResolver.java:320)
	at java.base/java.util.concurrent.ThreadPoolExecutor.runWorker(Unknown Source)
	at java.base/java.util.concurrent.ThreadPoolExecutor$Worker.run(Unknown Source)
	at java.base/java.lang.Thread.run(Unknown Source)
Caused by: java.net.UnknownHostException: skywalking-oap: Temporary failure in name resolution
	at java.base/java.net.Inet6AddressImpl.lookupAllHostAddr(Native Method)
	at java.base/java.net.Inet6AddressImpl.lookupAllHostAddr(Unknown Source)
	at java.base/java.net.InetAddress$PlatformResolver.lookupByName(Unknown Source)
	at java.base/java.net.InetAddress.getAddressesFromNameService(Unknown Source)
	at java.base/java.net.InetAddress$NameServiceAddresses.get(Unknown Source)
	at java.base/java.net.InetAddress.getAllByName0(Unknown Source)
	at java.base/java.net.InetAddress.getAllByName(Unknown Source)
	at org.apache.skywalking.apm.dependencies.io.grpc.internal.DnsNameResolver$JdkAddressResolver.resolveAddress(DnsNameResolver.java:644)
	at org.apache.skywalking.apm.dependencies.io.grpc.internal.DnsNameResolver.resolveAddresses(DnsNameResolver.java:220)
	... 5 more
}"}
{"timestamp":"2026-09-26T09:14:11.013Z","level":"WARN","service":"flashsale-payment","trace_id":"","span_id":"","user_id":"","order_id":"","event_id":"","idempotency_key":"","outbox_id":"","error_code":"","logger":"o.a.s.a.d.i.g.i.ManagedChannelImpl","message":"[Channel<1>: (skywalking-oap:11800)] Failed to resolve name. status=Status{code=UNAVAILABLE, description=Unable to resolve host skywalking-oap, cause=java.lang.RuntimeException: java.net.UnknownHostException: skywalking-oap: Temporary failure in name resolution
	at org.apache.skywalking.apm.dependencies.io.grpc.internal.DnsNameResolver.resolveAddresses(DnsNameResolver.java:224)
	at org.apache.skywalking.apm.dependencies.io.grpc.internal.DnsNameResolver.doResolve(DnsNameResolver.java:283)
	at org.apache.skywalking.apm.dependencies.io.grpc.internal.DnsNameResolver$Resolve.run(DnsNameResolver.java:320)
	at java.base/java.util.concurrent.ThreadPoolExecutor.runWorker(Unknown Source)
	at java.base/java.util.concurrent.ThreadPoolExecutor$Worker.run(Unknown Source)
	at java.base/java.lang.Thread.run(Unknown Source)
Caused by: java.net.UnknownHostException: skywalking-oap: Temporary failure in name resolution
	at java.base/java.net.Inet6AddressImpl.lookupAllHostAddr(Native Method)
	at java.base/java.net.Inet6AddressImpl.lookupAllHostAddr(Unknown Source)
	at java.base/java.net.InetAddress$PlatformResolver.lookupByName(Unknown Source)
	at java.base/java.net.InetAddress.getAddressesFromNameService(Unknown Source)
	at java.base/java.net.InetAddress$NameServiceAddresses.get(Unknown Source)
	at java.base/java.net.InetAddress.getAllByName0(Unknown Source)
	at java.base/java.net.InetAddress.getAllByName(Unknown Source)
	at org.apache.skywalking.apm.dependencies.io.grpc.internal.DnsNameResolver$JdkAddressResolver.resolveAddress(DnsNameResolver.java:644)
	at org.apache.skywalking.apm.dependencies.io.grpc.internal.DnsNameResolver.resolveAddresses(DnsNameResolver.java:220)
	... 5 more
}"}
{"timestamp":"2026-09-26T09:14:11.867Z","level":"WARN","service":"flashsale-payment","trace_id":"","span_id":"","user_id":"","order_id":"","event_id":"","idempotency_key":"","outbox_id":"","error_code":"","logger":"o.a.s.a.d.i.g.i.ManagedChannelImpl","message":"[Channel<1>: (skywalking-oap:11800)] Failed to resolve name. status=Status{code=UNAVAILABLE, description=Unable to resolve host skywalking-oap, cause=java.lang.RuntimeException: java.net.UnknownHostException: skywalking-oap
	at org.apache.skywalking.apm.dependencies.io.grpc.internal.DnsNameResolver.resolveAddresses(DnsNameResolver.java:224)
	at org.apache.skywalking.apm.dependencies.io.grpc.internal.DnsNameResolver.doResolve(DnsNameResolver.java:283)
	at org.apache.skywalking.apm.dependencies.io.grpc.internal.DnsNameResolver$Resolve.run(DnsNameResolver.java:320)
	at java.base/java.util.concurrent.ThreadPoolExecutor.runWorker(Unknown Source)
	at java.base/java.util.concurrent.ThreadPoolExecutor$Worker.run(Unknown Source)
	at java.base/java.lang.Thread.run(Unknown Source)
Caused by: java.net.UnknownHostException: skywalking-oap
	at java.base/java.net.InetAddress$CachedLookup.get(Unknown Source)
	at java.base/java.net.InetAddress.getAllByName0(Unknown Source)
	at java.base/java.net.InetAddress.getAllByName(Unknown Source)
	at org.apache.skywalking.apm.dependencies.io.grpc.internal.DnsNameResolver$JdkAddressResolver.resolveAddress(DnsNameResolver.java:644)
	at org.apache.skywalking.apm.dependencies.io.grpc.internal.DnsNameResolver.resolveAddresses(DnsNameResolver.java:220)
	... 5 more
}"}
{"timestamp":"2026-09-26T09:14:13.661Z","level":"WARN","service":"flashsale-payment","trace_id":"","span_id":"","user_id":"","order_id":"","event_id":"","idempotency_key":"","outbox_id":"","error_code":"","logger":"o.a.s.a.d.i.g.i.ManagedChannelImpl","message":"[Channel<1>: (skywalking-oap:11800)] Failed to resolve name. status=Status{code=UNAVAILABLE, description=Unable to resolve host skywalking-oap, cause=java.lang.RuntimeException: java.net.UnknownHostException: skywalking-oap
	at org.apache.skywalking.apm.dependencies.io.grpc.internal.DnsNameResolver.resolveAddresses(DnsNameResolver.java:224)
	at org.apache.skywalking.apm.dependencies.io.grpc.internal.DnsNameResolver.doResolve(DnsNameResolver.java:283)
	at org.apache.skywalking.apm.dependencies.io.grpc.internal.DnsNameResolver$Resolve.run(DnsNameResolver.java:320)
	at java.base/java.util.concurrent.ThreadPoolExecutor.runWorker(Unknown Source)
	at java.base/java.util.concurrent.ThreadPoolExecutor$Worker.run(Unknown Source)
	at java.base/java.lang.Thread.run(Unknown Source)
Caused by: java.net.UnknownHostException: skywalking-oap
	at java.base/java.net.InetAddress$CachedLookup.get(Unknown Source)
	at java.base/java.net.InetAddress.getAllByName0(Unknown Source)
	at java.base/java.net.InetAddress.getAllByName(Unknown Source)
	at org.apache.skywalking.apm.dependencies.io.grpc.internal.DnsNameResolver$JdkAddressResolver.resolveAddress(DnsNameResolver.java:644)
	at org.apache.skywalking.apm.dependencies.io.grpc.internal.DnsNameResolver.resolveAddresses(DnsNameResolver.java:220)
	... 5 more
}"}
{"timestamp":"2026-09-26T09:14:16.026Z","level":"WARN","service":"flashsale-payment","trace_id":"","span_id":"","user_id":"","order_id":"","event_id":"","idempotency_key":"","outbox_id":"","error_code":"","logger":"o.a.s.a.d.i.g.i.ManagedChannelImpl","message":"[Channel<1>: (skywalking-oap:11800)] Failed to resolve name. status=Status{code=UNAVAILABLE, description=Unable to resolve host skywalking-oap, cause=java.lang.RuntimeException: java.net.UnknownHostException: skywalking-oap
	at org.apache.skywalking.apm.dependencies.io.grpc.internal.DnsNameResolver.resolveAddresses(DnsNameResolver.java:224)
	at org.apache.skywalking.apm.dependencies.io.grpc.internal.DnsNameResolver.doResolve(DnsNameResolver.java:283)
	at org.apache.skywalking.apm.dependencies.io.grpc.internal.DnsNameResolver$Resolve.run(DnsNameResolver.java:320)
	at java.base/java.util.concurrent.ThreadPoolExecutor.runWorker(Unknown Source)
	at java.base/java.util.concurrent.ThreadPoolExecutor$Worker.run(Unknown Source)
	at java.base/java.lang.Thread.run(Unknown Source)
Caused by: java.net.UnknownHostException: skywalking-oap
	at java.base/java.net.InetAddress$CachedLookup.get(Unknown Source)
	at java.base/java.net.InetAddress.getAllByName0(Unknown Source)
	at java.base/java.net.InetAddress.getAllByName(Unknown Source)
	at org.apache.skywalking.apm.dependencies.io.grpc.internal.DnsNameResolver$JdkAddressResolver.resolveAddress(DnsNameResolver.java:644)
	at org.apache.skywalking.apm.dependencies.io.grpc.internal.DnsNameResolver.resolveAddresses(DnsNameResolver.java:220)
	... 5 more
}"}
{"timestamp":"2026-09-26T09:14:19.641Z","level":"WARN","service":"flashsale-payment","trace_id":"","span_id":"","user_id":"","order_id":"","event_id":"","idempotency_key":"","outbox_id":"","error_code":"","logger":"o.a.s.a.d.i.g.i.ManagedChannelImpl","message":"[Channel<1>: (skywalking-oap:11800)] Failed to resolve name. status=Status{code=UNAVAILABLE, description=Unable to resolve host skywalking-oap, cause=java.lang.RuntimeException: java.net.UnknownHostException: skywalking-oap
	at org.apache.skywalking.apm.dependencies.io.grpc.internal.DnsNameResolver.resolveAddresses(DnsNameResolver.java:224)
	at org.apache.skywalking.apm.dependencies.io.grpc.internal.DnsNameResolver.doResolve(DnsNameResolver.java:283)
	at org.apache.skywalking.apm.dependencies.io.grpc.internal.DnsNameResolver$Resolve.run(DnsNameResolver.java:320)
	at java.base/java.util.concurrent.ThreadPoolExecutor.runWorker(Unknown Source)
	at java.base/java.util.concurrent.ThreadPoolExecutor$Worker.run(Unknown Source)
	at java.base/java.lang.Thread.run(Unknown Source)
Caused by: java.net.UnknownHostException: skywalking-oap
	at java.base/java.net.InetAddress$CachedLookup.get(Unknown Source)
	at java.base/java.net.InetAddress.getAllByName0(Unknown Source)
	at java.base/java.net.InetAddress.getAllByName(Unknown Source)
	at org.apache.skywalking.apm.dependencies.io.grpc.internal.DnsNameResolver$JdkAddressResolver.resolveAddress(DnsNameResolver.java:644)
	at org.apache.skywalking.apm.dependencies.io.grpc.internal.DnsNameResolver.resolveAddresses(DnsNameResolver.java:220)
	... 5 more
}"}
{"timestamp":"2026-09-26T09:14:27.100Z","level":"WARN","service":"flashsale-payment","trace_id":"","span_id":"","user_id":"","order_id":"","event_id":"","idempotency_key":"","outbox_id":"","error_code":"","logger":"o.a.s.a.d.i.g.i.ManagedChannelImpl","message":"[Channel<1>: (skywalking-oap:11800)] Failed to resolve name. status=Status{code=UNAVAILABLE, description=Unable to resolve host skywalking-oap, cause=java.lang.RuntimeException: java.net.UnknownHostException: skywalking-oap: Temporary failure in name resolution
	at org.apache.skywalking.apm.dependencies.io.grpc.internal.DnsNameResolver.resolveAddresses(DnsNameResolver.java:224)
	at org.apache.skywalking.apm.dependencies.io.grpc.internal.DnsNameResolver.doResolve(DnsNameResolver.java:283)
	at org.apache.skywalking.apm.dependencies.io.grpc.internal.DnsNameResolver$Resolve.run(DnsNameResolver.java:320)
	at java.base/java.util.concurrent.ThreadPoolExecutor.runWorker(Unknown Source)
	at java.base/java.util.concurrent.ThreadPoolExecutor$Worker.run(Unknown Source)
	at java.base/java.lang.Thread.run(Unknown Source)
Caused by: java.net.UnknownHostException: skywalking-oap: Temporary failure in name resolution
	at java.base/java.net.Inet6AddressImpl.lookupAllHostAddr(Native Method)
	at java.base/java.net.Inet6AddressImpl.lookupAllHostAddr(Unknown Source)
	at java.base/java.net.InetAddress$PlatformResolver.lookupByName(Unknown Source)
	at java.base/java.net.InetAddress.getAddressesFromNameService(Unknown Source)
	at java.base/java.net.InetAddress$NameServiceAddresses.get(Unknown Source)
	at java.base/java.net.InetAddress.getAllByName0(Unknown Source)
	at java.base/java.net.InetAddress.getAllByName(Unknown Source)
	at org.apache.skywalking.apm.dependencies.io.grpc.internal.DnsNameResolver$JdkAddressResolver.resolveAddress(DnsNameResolver.java:644)
	at org.apache.skywalking.apm.dependencies.io.grpc.internal.DnsNameResolver.resolveAddresses(DnsNameResolver.java:220)
	... 5 more
}"}
{"timestamp":"2026-09-26T09:14:39.257Z","level":"WARN","service":"flashsale-payment","trace_id":"","span_id":"","user_id":"","order_id":"","event_id":"","idempotency_key":"","outbox_id":"","error_code":"","logger":"o.a.s.a.d.i.g.i.ManagedChannelImpl","message":"[Channel<1>: (skywalking-oap:11800)] Failed to resolve name. status=Status{code=UNAVAILABLE, description=Unable to resolve host skywalking-oap, cause=java.lang.RuntimeException: java.net.UnknownHostException: skywalking-oap: Temporary failure in name resolution
	at org.apache.skywalking.apm.dependencies.io.grpc.internal.DnsNameResolver.resolveAddresses(DnsNameResolver.java:224)
	at org.apache.skywalking.apm.dependencies.io.grpc.internal.DnsNameResolver.doResolve(DnsNameResolver.java:283)
	at org.apache.skywalking.apm.dependencies.io.grpc.internal.DnsNameResolver$Resolve.run(DnsNameResolver.java:320)
	at java.base/java.util.concurrent.ThreadPoolExecutor.runWorker(Unknown Source)
	at java.base/java.util.concurrent.ThreadPoolExecutor$Worker.run(Unknown Source)
	at java.base/java.lang.Thread.run(Unknown Source)
Caused by: java.net.UnknownHostException: skywalking-oap: Temporary failure in name resolution
	at java.base/java.net.Inet6AddressImpl.lookupAllHostAddr(Native Method)
	at java.base/java.net.Inet6AddressImpl.lookupAllHostAddr(Unknown Source)
	at java.base/java.net.InetAddress$PlatformResolver.lookupByName(Unknown Source)
	at java.base/java.net.InetAddress.getAddressesFromNameService(Unknown Source)
	at java.base/java.net.InetAddress$NameServiceAddresses.get(Unknown Source)
	at java.base/java.net.InetAddress.getAllByName0(Unknown Source)
	at java.base/java.net.InetAddress.getAllByName(Unknown Source)
	at org.apache.skywalking.apm.dependencies.io.grpc.internal.DnsNameResolver$JdkAddressResolver.resolveAddress(DnsNameResolver.java:644)
	at org.apache.skywalking.apm.dependencies.io.grpc.internal.DnsNameResolver.resolveAddresses(DnsNameResolver.java:220)
	... 5 more
}"}
{"timestamp":"2026-09-26T09:14:55.546Z","level":"WARN","service":"flashsale-payment","trace_id":"","span_id":"","user_id":"","order_id":"","event_id":"","idempotency_key":"","outbox_id":"","error_code":"","logger":"o.a.s.a.d.i.g.i.ManagedChannelImpl","message":"[Channel<1>: (skywalking-oap:11800)] Failed to resolve name. status=Status{code=UNAVAILABLE, description=Unable to resolve host skywalking-oap, cause=java.lang.RuntimeException: java.net.UnknownHostException: skywalking-oap: Temporary failure in name resolution
	at org.apache.skywalking.apm.dependencies.io.grpc.internal.DnsNameResolver.resolveAddresses(DnsNameResolver.java:224)
	at org.apache.skywalking.apm.dependencies.io.grpc.internal.DnsNameResolver.doResolve(DnsNameResolver.java:283)
	at org.apache.skywalking.apm.dependencies.io.grpc.internal.DnsNameResolver$Resolve.run(DnsNameResolver.java:320)
	at java.base/java.util.concurrent.ThreadPoolExecutor.runWorker(Unknown Source)
	at java.base/java.util.concurrent.ThreadPoolExecutor$Worker.run(Unknown Source)
	at java.base/java.lang.Thread.run(Unknown Source)
Caused by: java.net.UnknownHostException: skywalking-oap: Temporary failure in name resolution
	at java.base/java.net.Inet6AddressImpl.lookupAllHostAddr(Native Method)
	at java.base/java.net.Inet6AddressImpl.lookupAllHostAddr(Unknown Source)
	at java.base/java.net.InetAddress$PlatformResolver.lookupByName(Unknown Source)
	at java.base/java.net.InetAddress.getAddressesFromNameService(Unknown Source)
	at java.base/java.net.InetAddress$NameServiceAddresses.get(Unknown Source)
	at java.base/java.net.InetAddress.getAllByName0(Unknown Source)
	at java.base/java.net.InetAddress.getAllByName(Unknown Source)
	at org.apache.skywalking.apm.dependencies.io.grpc.internal.DnsNameResolver$JdkAddressResolver.resolveAddress(DnsNameResolver.java:644)
	at org.apache.skywalking.apm.dependencies.io.grpc.internal.DnsNameResolver.resolveAddresses(DnsNameResolver.java:220)
	... 5 more
}"}
{"timestamp":"2026-09-26T09:15:25.542Z","level":"WARN","service":"flashsale-payment","trace_id":"","span_id":"","user_id":"","order_id":"","event_id":"","idempotency_key":"","outbox_id":"","error_code":"","logger":"o.a.s.a.d.i.g.i.ManagedChannelImpl","message":"[Channel<1>: (skywalking-oap:11800)] Failed to resolve name. status=Status{code=UNAVAILABLE, description=Unable to resolve host skywalking-oap, cause=java.lang.RuntimeException: java.net.UnknownHostException: skywalking-oap: Temporary failure in name resolution
	at org.apache.skywalking.apm.dependencies.io.grpc.internal.DnsNameResolver.resolveAddresses(DnsNameResolver.java:224)
	at org.apache.skywalking.apm.dependencies.io.grpc.internal.DnsNameResolver.doResolve(DnsNameResolver.java:283)
	at org.apache.skywalking.apm.dependencies.io.grpc.internal.DnsNameResolver$Resolve.run(DnsNameResolver.java:320)
	at java.base/java.util.concurrent.ThreadPoolExecutor.runWorker(Unknown Source)
	at java.base/java.util.concurrent.ThreadPoolExecutor$Worker.run(Unknown Source)
	at java.base/java.lang.Thread.run(Unknown Source)
Caused by: java.net.UnknownHostException: skywalking-oap: Temporary failure in name resolution
	at java.base/java.net.Inet6AddressImpl.lookupAllHostAddr(Native Method)
	at java.base/java.net.Inet6AddressImpl.lookupAllHostAddr(Unknown Source)
	at java.base/java.net.InetAddress$PlatformResolver.lookupByName(Unknown Source)
	at java.base/java.net.InetAddress.getAddressesFromNameService(Unknown Source)
	at java.base/java.net.InetAddress$NameServiceAddresses.get(Unknown Source)
	at java.base/java.net.InetAddress.getAllByName0(Unknown Source)
	at java.base/java.net.InetAddress.getAllByName(Unknown Source)
	at org.apache.skywalking.apm.dependencies.io.grpc.internal.DnsNameResolver$JdkAddressResolver.resolveAddress(DnsNameResolver.java:644)
	at org.apache.skywalking.apm.dependencies.io.grpc.internal.DnsNameResolver.resolveAddresses(DnsNameResolver.java:220)
	... 5 more
}"}
{"timestamp":"2026-09-26T09:16:02.920Z","level":"WARN","service":"flashsale-payment","trace_id":"","span_id":"","user_id":"","order_id":"","event_id":"","idempotency_key":"","outbox_id":"","error_code":"","logger":"o.a.s.a.d.i.g.i.ManagedChannelImpl","message":"[Channel<1>: (skywalking-oap:11800)] Failed to resolve name. status=Status{code=UNAVAILABLE, description=Unable to resolve host skywalking-oap, cause=java.lang.RuntimeException: java.net.UnknownHostException: skywalking-oap: Temporary failure in name resolution
	at org.apache.skywalking.apm.dependencies.io.grpc.internal.DnsNameResolver.resolveAddresses(DnsNameResolver.java:224)
	at org.apache.skywalking.apm.dependencies.io.grpc.internal.DnsNameResolver.doResolve(DnsNameResolver.java:283)
	at org.apache.skywalking.apm.dependencies.io.grpc.internal.DnsNameResolver$Resolve.run(DnsNameResolver.java:320)
	at java.base/java.util.concurrent.ThreadPoolExecutor.runWorker(Unknown Source)
	at java.base/java.util.concurrent.ThreadPoolExecutor$Worker.run(Unknown Source)
	at java.base/java.lang.Thread.run(Unknown Source)
Caused by: java.net.UnknownHostException: skywalking-oap: Temporary failure in name resolution
	at java.base/java.net.Inet6AddressImpl.lookupAllHostAddr(Native Method)
	at java.base/java.net.Inet6AddressImpl.lookupAllHostAddr(Unknown Source)
	at java.base/java.net.InetAddress$PlatformResolver.lookupByName(Unknown Source)
	at java.base/java.net.InetAddress.getAddressesFromNameService(Unknown Source)
	at java.base/java.net.InetAddress$NameServiceAddresses.get(Unknown Source)
	at java.base/java.net.InetAddress.getAllByName0(Unknown Source)
	at java.base/java.net.InetAddress.getAllByName(Unknown Source)
	at org.apache.skywalking.apm.dependencies.io.grpc.internal.DnsNameResolver$JdkAddressResolver.resolveAddress(DnsNameResolver.java:644)
	at org.apache.skywalking.apm.dependencies.io.grpc.internal.DnsNameResolver.resolveAddresses(DnsNameResolver.java:220)
	... 5 more
}"}
{"timestamp":"2026-09-26T09:17:22.180Z","level":"WARN","service":"flashsale-payment","trace_id":"","span_id":"","user_id":"","order_id":"","event_id":"","idempotency_key":"","outbox_id":"","error_code":"","logger":"o.a.s.a.d.i.g.i.ManagedChannelImpl","message":"[Channel<1>: (skywalking-oap:11800)] Failed to resolve name. status=Status{code=UNAVAILABLE, description=Unable to resolve host skywalking-oap, cause=java.lang.RuntimeException: java.net.UnknownHostException: skywalking-oap: Temporary failure in name resolution
	at org.apache.skywalking.apm.dependencies.io.grpc.internal.DnsNameResolver.resolveAddresses(DnsNameResolver.java:224)
	at org.apache.skywalking.apm.dependencies.io.grpc.internal.DnsNameResolver.doResolve(DnsNameResolver.java:283)
	at org.apache.skywalking.apm.dependencies.io.grpc.internal.DnsNameResolver$Resolve.run(DnsNameResolver.java:320)
	at java.base/java.util.concurrent.ThreadPoolExecutor.runWorker(Unknown Source)
	at java.base/java.util.concurrent.ThreadPoolExecutor$Worker.run(Unknown Source)
	at java.base/java.lang.Thread.run(Unknown Source)
Caused by: java.net.UnknownHostException: skywalking-oap: Temporary failure in name resolution
	at java.base/java.net.Inet6AddressImpl.lookupAllHostAddr(Native Method)
	at java.base/java.net.Inet6AddressImpl.lookupAllHostAddr(Unknown Source)
	at java.base/java.net.InetAddress$PlatformResolver.lookupByName(Unknown Source)
	at java.base/java.net.InetAddress.getAddressesFromNameService(Unknown Source)
	at java.base/java.net.InetAddress$NameServiceAddresses.get(Unknown Source)
	at java.base/java.net.InetAddress.getAllByName0(Unknown Source)
	at java.base/java.net.InetAddress.getAllByName(Unknown Source)
	at org.apache.skywalking.apm.dependencies.io.grpc.internal.DnsNameResolver$JdkAddressResolver.resolveAddress(DnsNameResolver.java:644)
	at org.apache.skywalking.apm.dependencies.io.grpc.internal.DnsNameResolver.resolveAddresses(DnsNameResolver.java:220)
	... 5 more
}"}
{"timestamp":"2026-09-26T09:19:33.354Z","level":"WARN","service":"flashsale-payment","trace_id":"","span_id":"","user_id":"","order_id":"","event_id":"","idempotency_key":"","outbox_id":"","error_code":"","logger":"o.a.s.a.d.i.g.i.ManagedChannelImpl","message":"[Channel<1>: (skywalking-oap:11800)] Failed to resolve name. status=Status{code=UNAVAILABLE, description=Unable to resolve host skywalking-oap, cause=java.lang.RuntimeException: java.net.UnknownHostException: skywalking-oap: Temporary failure in name resolution
	at org.apache.skywalking.apm.dependencies.io.grpc.internal.DnsNameResolver.resolveAddresses(DnsNameResolver.java:224)
	at org.apache.skywalking.apm.dependencies.io.grpc.internal.DnsNameResolver.doResolve(DnsNameResolver.java:283)
	at org.apache.skywalking.apm.dependencies.io.grpc.internal.DnsNameResolver$Resolve.run(DnsNameResolver.java:320)
	at java.base/java.util.concurrent.ThreadPoolExecutor.runWorker(Unknown Source)
	at java.base/java.util.concurrent.ThreadPoolExecutor$Worker.run(Unknown Source)
	at java.base/java.lang.Thread.run(Unknown Source)
Caused by: java.net.UnknownHostException: skywalking-oap: Temporary failure in name resolution
	at java.base/java.net.Inet6AddressImpl.lookupAllHostAddr(Native Method)
	at java.base/java.net.Inet6AddressImpl.lookupAllHostAddr(Unknown Source)
	at java.base/java.net.InetAddress$PlatformResolver.lookupByName(Unknown Source)
	at java.base/java.net.InetAddress.getAddressesFromNameService(Unknown Source)
	at java.base/java.net.InetAddress$NameServiceAddresses.get(Unknown Source)
	at java.base/java.net.InetAddress.getAllByName0(Unknown Source)
	at java.base/java.net.InetAddress.getAllByName(Unknown Source)
	at org.apache.skywalking.apm.dependencies.io.grpc.internal.DnsNameResolver$JdkAddressResolver.resolveAddress(DnsNameResolver.java:644)
	at org.apache.skywalking.apm.dependencies.io.grpc.internal.DnsNameResolver.resolveAddresses(DnsNameResolver.java:220)
	... 5 more
}"}
{"timestamp":"2026-09-26T09:21:47.934Z","level":"WARN","service":"flashsale-payment","trace_id":"","span_id":"","user_id":"","order_id":"","event_id":"","idempotency_key":"","outbox_id":"","error_code":"","logger":"o.a.s.a.d.i.g.i.ManagedChannelImpl","message":"[Channel<1>: (skywalking-oap:11800)] Failed to resolve name. status=Status{code=UNAVAILABLE, description=Unable to resolve host skywalking-oap, cause=java.lang.RuntimeException: java.net.UnknownHostException: skywalking-oap: Temporary failure in name resolution
	at org.apache.skywalking.apm.dependencies.io.grpc.internal.DnsNameResolver.resolveAddresses(DnsNameResolver.java:224)
	at org.apache.skywalking.apm.dependencies.io.grpc.internal.DnsNameResolver.doResolve(DnsNameResolver.java:283)
	at org.apache.skywalking.apm.dependencies.io.grpc.internal.DnsNameResolver$Resolve.run(DnsNameResolver.java:320)
	at java.base/java.util.concurrent.ThreadPoolExecutor.runWorker(Unknown Source)
	at java.base/java.util.concurrent.ThreadPoolExecutor$Worker.run(Unknown Source)
	at java.base/java.lang.Thread.run(Unknown Source)
Caused by: java.net.UnknownHostException: skywalking-oap: Temporary failure in name resolution
	at java.base/java.net.Inet6AddressImpl.lookupAllHostAddr(Native Method)
	at java.base/java.net.Inet6AddressImpl.lookupAllHostAddr(Unknown Source)
	at java.base/java.net.InetAddress$PlatformResolver.lookupByName(Unknown Source)
	at java.base/java.net.InetAddress.getAddressesFromNameService(Unknown Source)
	at java.base/java.net.InetAddress$NameServiceAddresses.get(Unknown Source)
	at java.base/java.net.InetAddress.getAllByName0(Unknown Source)
	at java.base/java.net.InetAddress.getAllByName(Unknown Source)
	at org.apache.skywalking.apm.dependencies.io.grpc.internal.DnsNameResolver$JdkAddressResolver.resolveAddress(DnsNameResolver.java:644)
	at org.apache.skywalking.apm.dependencies.io.grpc.internal.DnsNameResolver.resolveAddresses(DnsNameResolver.java:220)
	... 5 more
}"}
{"timestamp":"2026-09-26T09:23:28.160Z","level":"WARN","service":"flashsale-payment","trace_id":"","span_id":"","user_id":"","order_id":"","event_id":"","idempotency_key":"","outbox_id":"","error_code":"","logger":"o.a.s.a.d.i.g.i.ManagedChannelImpl","message":"[Channel<1>: (skywalking-oap:11800)] Failed to resolve name. status=Status{code=UNAVAILABLE, description=Unable to resolve host skywalking-oap, cause=java.lang.RuntimeException: java.net.UnknownHostException: skywalking-oap: Temporary failure in name resolution
	at org.apache.skywalking.apm.dependencies.io.grpc.internal.DnsNameResolver.resolveAddresses(DnsNameResolver.java:224)
	at org.apache.skywalking.apm.dependencies.io.grpc.internal.DnsNameResolver.doResolve(DnsNameResolver.java:283)
	at org.apache.skywalking.apm.dependencies.io.grpc.internal.DnsNameResolver$Resolve.run(DnsNameResolver.java:320)
	at java.base/java.util.concurrent.ThreadPoolExecutor.runWorker(Unknown Source)
	at java.base/java.util.concurrent.ThreadPoolExecutor$Worker.run(Unknown Source)
	at java.base/java.lang.Thread.run(Unknown Source)
Caused by: java.net.UnknownHostException: skywalking-oap: Temporary failure in name resolution
	at java.base/java.net.Inet6AddressImpl.lookupAllHostAddr(Native Method)
	at java.base/java.net.Inet6AddressImpl.lookupAllHostAddr(Unknown Source)
	at java.base/java.net.InetAddress$PlatformResolver.lookupByName(Unknown Source)
	at java.base/java.net.InetAddress.getAddressesFromNameService(Unknown Source)
	at java.base/java.net.InetAddress$NameServiceAddresses.get(Unknown Source)
	at java.base/java.net.InetAddress.getAllByName0(Unknown Source)
	at java.base/java.net.InetAddress.getAllByName(Unknown Source)
	at org.apache.skywalking.apm.dependencies.io.grpc.internal.DnsNameResolver$JdkAddressResolver.resolveAddress(DnsNameResolver.java:644)
	at org.apache.skywalking.apm.dependencies.io.grpc.internal.DnsNameResolver.resolveAddresses(DnsNameResolver.java:220)
	... 5 more
}"}
{"timestamp":"2026-09-26T09:25:19.287Z","level":"WARN","service":"flashsale-payment","trace_id":"","span_id":"","user_id":"","order_id":"","event_id":"","idempotency_key":"","outbox_id":"","error_code":"","logger":"o.a.s.a.d.i.g.i.ManagedChannelImpl","message":"[Channel<1>: (skywalking-oap:11800)] Failed to resolve name. status=Status{code=UNAVAILABLE, description=Unable to resolve host skywalking-oap, cause=java.lang.RuntimeException: java.net.UnknownHostException: skywalking-oap: Temporary failure in name resolution
	at org.apache.skywalking.apm.dependencies.io.grpc.internal.DnsNameResolver.resolveAddresses(DnsNameResolver.java:224)
	at org.apache.skywalking.apm.dependencies.io.grpc.internal.DnsNameResolver.doResolve(DnsNameResolver.java:283)
	at org.apache.skywalking.apm.dependencies.io.grpc.internal.DnsNameResolver$Resolve.run(DnsNameResolver.java:320)
	at java.base/java.util.concurrent.ThreadPoolExecutor.runWorker(Unknown Source)
	at java.base/java.util.concurrent.ThreadPoolExecutor$Worker.run(Unknown Source)
	at java.base/java.lang.Thread.run(Unknown Source)
Caused by: java.net.UnknownHostException: skywalking-oap: Temporary failure in name resolution
	at java.base/java.net.Inet6AddressImpl.lookupAllHostAddr(Native Method)
	at java.base/java.net.Inet6AddressImpl.lookupAllHostAddr(Unknown Source)
	at java.base/java.net.InetAddress$PlatformResolver.lookupByName(Unknown Source)
	at java.base/java.net.InetAddress.getAddressesFromNameService(Unknown Source)
	at java.base/java.net.InetAddress$NameServiceAddresses.get(Unknown Source)
	at java.base/java.net.InetAddress.getAllByName0(Unknown Source)
	at java.base/java.net.InetAddress.getAllByName(Unknown Source)
	at org.apache.skywalking.apm.dependencies.io.grpc.internal.DnsNameResolver$JdkAddressResolver.resolveAddress(DnsNameResolver.java:644)
	at org.apache.skywalking.apm.dependencies.io.grpc.internal.DnsNameResolver.resolveAddresses(DnsNameResolver.java:220)
	... 5 more
}"}
{"timestamp":"2026-09-26T09:27:30.586Z","level":"WARN","service":"flashsale-payment","trace_id":"","span_id":"","user_id":"","order_id":"","event_id":"","idempotency_key":"","outbox_id":"","error_code":"","logger":"o.a.s.a.d.i.g.i.ManagedChannelImpl","message":"[Channel<1>: (skywalking-oap:11800)] Failed to resolve name. status=Status{code=UNAVAILABLE, description=Unable to resolve host skywalking-oap, cause=java.lang.RuntimeException: java.net.UnknownHostException: skywalking-oap: Temporary failure in name resolution
	at org.apache.skywalking.apm.dependencies.io.grpc.internal.DnsNameResolver.resolveAddresses(DnsNameResolver.java:224)
	at org.apache.skywalking.apm.dependencies.io.grpc.internal.DnsNameResolver.doResolve(DnsNameResolver.java:283)
	at org.apache.skywalking.apm.dependencies.io.grpc.internal.DnsNameResolver$Resolve.run(DnsNameResolver.java:320)
	at java.base/java.util.concurrent.ThreadPoolExecutor.runWorker(Unknown Source)
	at java.base/java.util.concurrent.ThreadPoolExecutor$Worker.run(Unknown Source)
	at java.base/java.lang.Thread.run(Unknown Source)
Caused by: java.net.UnknownHostException: skywalking-oap: Temporary failure in name resolution
	at java.base/java.net.Inet6AddressImpl.lookupAllHostAddr(Native Method)
	at java.base/java.net.Inet6AddressImpl.lookupAllHostAddr(Unknown Source)
	at java.base/java.net.InetAddress$PlatformResolver.lookupByName(Unknown Source)
	at java.base/java.net.InetAddress.getAddressesFromNameService(Unknown Source)
	at java.base/java.net.InetAddress$NameServiceAddresses.get(Unknown Source)
	at java.base/java.net.InetAddress.getAllByName0(Unknown Source)
	at java.base/java.net.InetAddress.getAllByName(Unknown Source)
	at org.apache.skywalking.apm.dependencies.io.grpc.internal.DnsNameResolver$JdkAddressResolver.resolveAddress(DnsNameResolver.java:644)
	at org.apache.skywalking.apm.dependencies.io.grpc.internal.DnsNameResolver.resolveAddresses(DnsNameResolver.java:220)
	... 5 more
}"}
{"timestamp":"2026-09-26T09:29:15.801Z","level":"WARN","service":"flashsale-payment","trace_id":"","span_id":"","user_id":"","order_id":"","event_id":"","idempotency_key":"","outbox_id":"","error_code":"","logger":"o.a.s.a.d.i.g.i.ManagedChannelImpl","message":"[Channel<1>: (skywalking-oap:11800)] Failed to resolve name. status=Status{code=UNAVAILABLE, description=Unable to resolve host skywalking-oap, cause=java.lang.RuntimeException: java.net.UnknownHostException: skywalking-oap: Temporary failure in name resolution
	at org.apache.skywalking.apm.dependencies.io.grpc.internal.DnsNameResolver.resolveAddresses(DnsNameResolver.java:224)
	at org.apache.skywalking.apm.dependencies.io.grpc.internal.DnsNameResolver.doResolve(DnsNameResolver.java:283)
	at org.apache.skywalking.apm.dependencies.io.grpc.internal.DnsNameResolver$Resolve.run(DnsNameResolver.java:320)
	at java.base/java.util.concurrent.ThreadPoolExecutor.runWorker(Unknown Source)
	at java.base/java.util.concurrent.ThreadPoolExecutor$Worker.run(Unknown Source)
	at java.base/java.lang.Thread.run(Unknown Source)
Caused by: java.net.UnknownHostException: skywalking-oap: Temporary failure in name resolution
	at java.base/java.net.Inet6AddressImpl.lookupAllHostAddr(Native Method)
	at java.base/java.net.Inet6AddressImpl.lookupAllHostAddr(Unknown Source)
	at java.base/java.net.InetAddress$PlatformResolver.lookupByName(Unknown Source)
	at java.base/java.net.InetAddress.getAddressesFromNameService(Unknown Source)
	at java.base/java.net.InetAddress$NameServiceAddresses.get(Unknown Source)
	at java.base/java.net.InetAddress.getAllByName0(Unknown Source)
	at java.base/java.net.InetAddress.getAllByName(Unknown Source)
	at org.apache.skywalking.apm.dependencies.io.grpc.internal.DnsNameResolver$JdkAddressResolver.resolveAddress(DnsNameResolver.java:644)
	at org.apache.skywalking.apm.dependencies.io.grpc.internal.DnsNameResolver.resolveAddresses(DnsNameResolver.java:220)
	... 5 more
}"}
{"timestamp":"2026-09-26T09:30:56.591Z","level":"WARN","service":"flashsale-payment","trace_id":"","span_id":"","user_id":"","order_id":"","event_id":"","idempotency_key":"","outbox_id":"","error_code":"","logger":"o.a.s.a.d.i.g.i.ManagedChannelImpl","message":"[Channel<1>: (skywalking-oap:11800)] Failed to resolve name. status=Status{code=UNAVAILABLE, description=Unable to resolve host skywalking-oap, cause=java.lang.RuntimeException: java.net.UnknownHostException: skywalking-oap: Temporary failure in name resolution
	at org.apache.skywalking.apm.dependencies.io.grpc.internal.DnsNameResolver.resolveAddresses(DnsNameResolver.java:224)
	at org.apache.skywalking.apm.dependencies.io.grpc.internal.DnsNameResolver.doResolve(DnsNameResolver.java:283)
	at org.apache.skywalking.apm.dependencies.io.grpc.internal.DnsNameResolver$Resolve.run(DnsNameResolver.java:320)
	at java.base/java.util.concurrent.ThreadPoolExecutor.runWorker(Unknown Source)
	at java.base/java.util.concurrent.ThreadPoolExecutor$Worker.run(Unknown Source)
	at java.base/java.lang.Thread.run(Unknown Source)
Caused by: java.net.UnknownHostException: skywalking-oap: Temporary failure in name resolution
	at java.base/java.net.Inet6AddressImpl.lookupAllHostAddr(Native Method)
	at java.base/java.net.Inet6AddressImpl.lookupAllHostAddr(Unknown Source)
	at java.base/java.net.InetAddress$PlatformResolver.lookupByName(Unknown Source)
	at java.base/java.net.InetAddress.getAddressesFromNameService(Unknown Source)
	at java.base/java.net.InetAddress$NameServiceAddresses.get(Unknown Source)
	at java.base/java.net.InetAddress.getAllByName0(Unknown Source)
	at java.base/java.net.InetAddress.getAllByName(Unknown Source)
	at org.apache.skywalking.apm.dependencies.io.grpc.internal.DnsNameResolver$JdkAddressResolver.resolveAddress(DnsNameResolver.java:644)
	at org.apache.skywalking.apm.dependencies.io.grpc.internal.DnsNameResolver.resolveAddresses(DnsNameResolver.java:220)
	... 5 more
}"}
{"timestamp":"2026-09-26T09:32:35.580Z","level":"WARN","service":"flashsale-payment","trace_id":"","span_id":"","user_id":"","order_id":"","event_id":"","idempotency_key":"","outbox_id":"","error_code":"","logger":"o.a.s.a.d.i.g.i.ManagedChannelImpl","message":"[Channel<1>: (skywalking-oap:11800)] Failed to resolve name. status=Status{code=UNAVAILABLE, description=Unable to resolve host skywalking-oap, cause=java.lang.RuntimeException: java.net.UnknownHostException: skywalking-oap: Temporary failure in name resolution
	at org.apache.skywalking.apm.dependencies.io.grpc.internal.DnsNameResolver.resolveAddresses(DnsNameResolver.java:224)
	at org.apache.skywalking.apm.dependencies.io.grpc.internal.DnsNameResolver.doResolve(DnsNameResolver.java:283)
	at org.apache.skywalking.apm.dependencies.io.grpc.internal.DnsNameResolver$Resolve.run(DnsNameResolver.java:320)
	at java.base/java.util.concurrent.ThreadPoolExecutor.runWorker(Unknown Source)
	at java.base/java.util.concurrent.ThreadPoolExecutor$Worker.run(Unknown Source)
	at java.base/java.lang.Thread.run(Unknown Source)
Caused by: java.net.UnknownHostException: skywalking-oap: Temporary failure in name resolution
	at java.base/java.net.Inet6AddressImpl.lookupAllHostAddr(Native Method)
	at java.base/java.net.Inet6AddressImpl.lookupAllHostAddr(Unknown Source)
	at java.base/java.net.InetAddress$PlatformResolver.lookupByName(Unknown Source)
	at java.base/java.net.InetAddress.getAddressesFromNameService(Unknown Source)
	at java.base/java.net.InetAddress$NameServiceAddresses.get(Unknown Source)
	at java.base/java.net.InetAddress.getAllByName0(Unknown Source)
	at java.base/java.net.InetAddress.getAllByName(Unknown Source)
	at org.apache.skywalking.apm.dependencies.io.grpc.internal.DnsNameResolver$JdkAddressResolver.resolveAddress(DnsNameResolver.java:644)
	at org.apache.skywalking.apm.dependencies.io.grpc.internal.DnsNameResolver.resolveAddresses(DnsNameResolver.java:220)
	... 5 more
}"}
{"timestamp":"2026-09-26T09:34:28.527Z","level":"WARN","service":"flashsale-payment","trace_id":"","span_id":"","user_id":"","order_id":"","event_id":"","idempotency_key":"","outbox_id":"","error_code":"","logger":"o.a.s.a.d.i.g.i.ManagedChannelImpl","message":"[Channel<1>: (skywalking-oap:11800)] Failed to resolve name. status=Status{code=UNAVAILABLE, description=Unable to resolve host skywalking-oap, cause=java.lang.RuntimeException: java.net.UnknownHostException: skywalking-oap: Temporary failure in name resolution
	at org.apache.skywalking.apm.dependencies.io.grpc.internal.DnsNameResolver.resolveAddresses(DnsNameResolver.java:224)
	at org.apache.skywalking.apm.dependencies.io.grpc.internal.DnsNameResolver.doResolve(DnsNameResolver.java:283)
	at org.apache.skywalking.apm.dependencies.io.grpc.internal.DnsNameResolver$Resolve.run(DnsNameResolver.java:320)
	at java.base/java.util.concurrent.ThreadPoolExecutor.runWorker(Unknown Source)
	at java.base/java.util.concurrent.ThreadPoolExecutor$Worker.run(Unknown Source)
	at java.base/java.lang.Thread.run(Unknown Source)
Caused by: java.net.UnknownHostException: skywalking-oap: Temporary failure in name resolution
	at java.base/java.net.Inet6AddressImpl.lookupAllHostAddr(Native Method)
	at java.base/java.net.Inet6AddressImpl.lookupAllHostAddr(Unknown Source)
	at java.base/java.net.InetAddress$PlatformResolver.lookupByName(Unknown Source)
	at java.base/java.net.InetAddress.getAddressesFromNameService(Unknown Source)
	at java.base/java.net.InetAddress$NameServiceAddresses.get(Unknown Source)
	at java.base/java.net.InetAddress.getAllByName0(Unknown Source)
	at java.base/java.net.InetAddress.getAllByName(Unknown Source)
	at org.apache.skywalking.apm.dependencies.io.grpc.internal.DnsNameResolver$JdkAddressResolver.resolveAddress(DnsNameResolver.java:644)
	at org.apache.skywalking.apm.dependencies.io.grpc.internal.DnsNameResolver.resolveAddresses(DnsNameResolver.java:220)
	... 5 more
}"}
{"timestamp":"2026-09-26T09:36:12.155Z","level":"WARN","service":"flashsale-payment","trace_id":"","span_id":"","user_id":"","order_id":"","event_id":"","idempotency_key":"","outbox_id":"","error_code":"","logger":"o.a.s.a.d.i.g.i.ManagedChannelImpl","message":"[Channel<1>: (skywalking-oap:11800)] Failed to resolve name. status=Status{code=UNAVAILABLE, description=Unable to resolve host skywalking-oap, cause=java.lang.RuntimeException: java.net.UnknownHostException: skywalking-oap: Temporary failure in name resolution
	at org.apache.skywalking.apm.dependencies.io.grpc.internal.DnsNameResolver.resolveAddresses(DnsNameResolver.java:224)
	at org.apache.skywalking.apm.dependencies.io.grpc.internal.DnsNameResolver.doResolve(DnsNameResolver.java:283)
	at org.apache.skywalking.apm.dependencies.io.grpc.internal.DnsNameResolver$Resolve.run(DnsNameResolver.java:320)
	at java.base/java.util.concurrent.ThreadPoolExecutor.runWorker(Unknown Source)
	at java.base/java.util.concurrent.ThreadPoolExecutor$Worker.run(Unknown Source)
	at java.base/java.lang.Thread.run(Unknown Source)
Caused by: java.net.UnknownHostException: skywalking-oap: Temporary failure in name resolution
	at java.base/java.net.Inet6AddressImpl.lookupAllHostAddr(Native Method)
	at java.base/java.net.Inet6AddressImpl.lookupAllHostAddr(Unknown Source)
	at java.base/java.net.InetAddress$PlatformResolver.lookupByName(Unknown Source)
	at java.base/java.net.InetAddress.getAddressesFromNameService(Unknown Source)
	at java.base/java.net.InetAddress$NameServiceAddresses.get(Unknown Source)
	at java.base/java.net.InetAddress.getAllByName0(Unknown Source)
	at java.base/java.net.InetAddress.getAllByName(Unknown Source)
	at org.apache.skywalking.apm.dependencies.io.grpc.internal.DnsNameResolver$JdkAddressResolver.resolveAddress(DnsNameResolver.java:644)
	at org.apache.skywalking.apm.dependencies.io.grpc.internal.DnsNameResolver.resolveAddresses(DnsNameResolver.java:220)
	... 5 more
}"}
{"timestamp":"2026-09-26T09:38:27.226Z","level":"WARN","service":"flashsale-payment","trace_id":"","span_id":"","user_id":"","order_id":"","event_id":"","idempotency_key":"","outbox_id":"","error_code":"","logger":"o.a.s.a.d.i.g.i.ManagedChannelImpl","message":"[Channel<1>: (skywalking-oap:11800)] Failed to resolve name. status=Status{code=UNAVAILABLE, description=Unable to resolve host skywalking-oap, cause=java.lang.RuntimeException: java.net.UnknownHostException: skywalking-oap: Temporary failure in name resolution
	at org.apache.skywalking.apm.dependencies.io.grpc.internal.DnsNameResolver.resolveAddresses(DnsNameResolver.java:224)
	at org.apache.skywalking.apm.dependencies.io.grpc.internal.DnsNameResolver.doResolve(DnsNameResolver.java:283)
	at org.apache.skywalking.apm.dependencies.io.grpc.internal.DnsNameResolver$Resolve.run(DnsNameResolver.java:320)
	at java.base/java.util.concurrent.ThreadPoolExecutor.runWorker(Unknown Source)
	at java.base/java.util.concurrent.ThreadPoolExecutor$Worker.run(Unknown Source)
	at java.base/java.lang.Thread.run(Unknown Source)
Caused by: java.net.UnknownHostException: skywalking-oap: Temporary failure in name resolution
	at java.base/java.net.Inet6AddressImpl.lookupAllHostAddr(Native Method)
	at java.base/java.net.Inet6AddressImpl.lookupAllHostAddr(Unknown Source)
	at java.base/java.net.InetAddress$PlatformResolver.lookupByName(Unknown Source)
	at java.base/java.net.InetAddress.getAddressesFromNameService(Unknown Source)
	at java.base/java.net.InetAddress$NameServiceAddresses.get(Unknown Source)
	at java.base/java.net.InetAddress.getAllByName0(Unknown Source)
	at java.base/java.net.InetAddress.getAllByName(Unknown Source)
	at org.apache.skywalking.apm.dependencies.io.grpc.internal.DnsNameResolver$JdkAddressResolver.resolveAddress(DnsNameResolver.java:644)
	at org.apache.skywalking.apm.dependencies.io.grpc.internal.DnsNameResolver.resolveAddresses(DnsNameResolver.java:220)
	... 5 more
}"}
{"timestamp":"2026-09-26T09:40:27.746Z","level":"WARN","service":"flashsale-payment","trace_id":"","span_id":"","user_id":"","order_id":"","event_id":"","idempotency_key":"","outbox_id":"","error_code":"","logger":"o.a.s.a.d.i.g.i.ManagedChannelImpl","message":"[Channel<1>: (skywalking-oap:11800)] Failed to resolve name. status=Status{code=UNAVAILABLE, description=Unable to resolve host skywalking-oap, cause=java.lang.RuntimeException: java.net.UnknownHostException: skywalking-oap: Temporary failure in name resolution
	at org.apache.skywalking.apm.dependencies.io.grpc.internal.DnsNameResolver.resolveAddresses(DnsNameResolver.java:224)
	at org.apache.skywalking.apm.dependencies.io.grpc.internal.DnsNameResolver.doResolve(DnsNameResolver.java:283)
	at org.apache.skywalking.apm.dependencies.io.grpc.internal.DnsNameResolver$Resolve.run(DnsNameResolver.java:320)
	at java.base/java.util.concurrent.ThreadPoolExecutor.runWorker(Unknown Source)
	at java.base/java.util.concurrent.ThreadPoolExecutor$Worker.run(Unknown Source)
	at java.base/java.lang.Thread.run(Unknown Source)
Caused by: java.net.UnknownHostException: skywalking-oap: Temporary failure in name resolution
	at java.base/java.net.Inet6AddressImpl.lookupAllHostAddr(Native Method)
	at java.base/java.net.Inet6AddressImpl.lookupAllHostAddr(Unknown Source)
	at java.base/java.net.InetAddress$PlatformResolver.lookupByName(Unknown Source)
	at java.base/java.net.InetAddress.getAddressesFromNameService(Unknown Source)
	at java.base/java.net.InetAddress$NameServiceAddresses.get(Unknown Source)
	at java.base/java.net.InetAddress.getAllByName0(Unknown Source)
	at java.base/java.net.InetAddress.getAllByName(Unknown Source)
	at org.apache.skywalking.apm.dependencies.io.grpc.internal.DnsNameResolver$JdkAddressResolver.resolveAddress(DnsNameResolver.java:644)
	at org.apache.skywalking.apm.dependencies.io.grpc.internal.DnsNameResolver.resolveAddresses(DnsNameResolver.java:220)
	... 5 more
}"}
{"timestamp":"2026-09-26T09:42:29.702Z","level":"WARN","service":"flashsale-payment","trace_id":"","span_id":"","user_id":"","order_id":"","event_id":"","idempotency_key":"","outbox_id":"","error_code":"","logger":"o.a.s.a.d.i.g.i.ManagedChannelImpl","message":"[Channel<1>: (skywalking-oap:11800)] Failed to resolve name. status=Status{code=UNAVAILABLE, description=Unable to resolve host skywalking-oap, cause=java.lang.RuntimeException: java.net.UnknownHostException: skywalking-oap: Temporary failure in name resolution
	at org.apache.skywalking.apm.dependencies.io.grpc.internal.DnsNameResolver.resolveAddresses(DnsNameResolver.java:224)
	at org.apache.skywalking.apm.dependencies.io.grpc.internal.DnsNameResolver.doResolve(DnsNameResolver.java:283)
	at org.apache.skywalking.apm.dependencies.io.grpc.internal.DnsNameResolver$Resolve.run(DnsNameResolver.java:320)
	at java.base/java.util.concurrent.ThreadPoolExecutor.runWorker(Unknown Source)
	at java.base/java.util.concurrent.ThreadPoolExecutor$Worker.run(Unknown Source)
	at java.base/java.lang.Thread.run(Unknown Source)
Caused by: java.net.UnknownHostException: skywalking-oap: Temporary failure in name resolution
	at java.base/java.net.Inet6AddressImpl.lookupAllHostAddr(Native Method)
	at java.base/java.net.Inet6AddressImpl.lookupAllHostAddr(Unknown Source)
	at java.base/java.net.InetAddress$PlatformResolver.lookupByName(Unknown Source)
	at java.base/java.net.InetAddress.getAddressesFromNameService(Unknown Source)
	at java.base/java.net.InetAddress$NameServiceAddresses.get(Unknown Source)
	at java.base/java.net.InetAddress.getAllByName0(Unknown Source)
	at java.base/java.net.InetAddress.getAllByName(Unknown Source)
	at org.apache.skywalking.apm.dependencies.io.grpc.internal.DnsNameResolver$JdkAddressResolver.resolveAddress(DnsNameResolver.java:644)
	at org.apache.skywalking.apm.dependencies.io.grpc.internal.DnsNameResolver.resolveAddresses(DnsNameResolver.java:220)
	... 5 more
}"}
{"timestamp":"2026-09-26T09:44:41.079Z","level":"WARN","service":"flashsale-payment","trace_id":"","span_id":"","user_id":"","order_id":"","event_id":"","idempotency_key":"","outbox_id":"","error_code":"","logger":"o.a.s.a.d.i.g.i.ManagedChannelImpl","message":"[Channel<1>: (skywalking-oap:11800)] Failed to resolve name. status=Status{code=UNAVAILABLE, description=Unable to resolve host skywalking-oap, cause=java.lang.RuntimeException: java.net.UnknownHostException: skywalking-oap: Temporary failure in name resolution
	at org.apache.skywalking.apm.dependencies.io.grpc.internal.DnsNameResolver.resolveAddresses(DnsNameResolver.java:224)
	at org.apache.skywalking.apm.dependencies.io.grpc.internal.DnsNameResolver.doResolve(DnsNameResolver.java:283)
	at org.apache.skywalking.apm.dependencies.io.grpc.internal.DnsNameResolver$Resolve.run(DnsNameResolver.java:320)
	at java.base/java.util.concurrent.ThreadPoolExecutor.runWorker(Unknown Source)
	at java.base/java.util.concurrent.ThreadPoolExecutor$Worker.run(Unknown Source)
	at java.base/java.lang.Thread.run(Unknown Source)
Caused by: java.net.UnknownHostException: skywalking-oap: Temporary failure in name resolution
	at java.base/java.net.Inet6AddressImpl.lookupAllHostAddr(Native Method)
	at java.base/java.net.Inet6AddressImpl.lookupAllHostAddr(Unknown Source)
	at java.base/java.net.InetAddress$PlatformResolver.lookupByName(Unknown Source)
	at java.base/java.net.InetAddress.getAddressesFromNameService(Unknown Source)
	at java.base/java.net.InetAddress$NameServiceAddresses.get(Unknown Source)
	at java.base/java.net.InetAddress.getAllByName0(Unknown Source)
	at java.base/java.net.InetAddress.getAllByName(Unknown Source)
	at org.apache.skywalking.apm.dependencies.io.grpc.internal.DnsNameResolver$JdkAddressResolver.resolveAddress(DnsNameResolver.java:644)
	at org.apache.skywalking.apm.dependencies.io.grpc.internal.DnsNameResolver.resolveAddresses(DnsNameResolver.java:220)
	... 5 more
}"}
{"timestamp":"2026-09-26T09:44:42.194Z","level":"WARN","service":"flashsale-payment","trace_id":"","span_id":"","user_id":"","order_id":"","event_id":"","idempotency_key":"","outbox_id":"","error_code":"","logger":"o.a.s.a.d.i.g.i.ManagedChannelImpl","message":"[Channel<1>: (skywalking-oap:11800)] Failed to resolve name. status=Status{code=UNAVAILABLE, description=Unable to resolve host skywalking-oap, cause=java.lang.RuntimeException: java.net.UnknownHostException: skywalking-oap
	at org.apache.skywalking.apm.dependencies.io.grpc.internal.DnsNameResolver.resolveAddresses(DnsNameResolver.java:224)
	at org.apache.skywalking.apm.dependencies.io.grpc.internal.DnsNameResolver.doResolve(DnsNameResolver.java:283)
	at org.apache.skywalking.apm.dependencies.io.grpc.internal.DnsNameResolver$Resolve.run(DnsNameResolver.java:320)
	at java.base/java.util.concurrent.ThreadPoolExecutor.runWorker(Unknown Source)
	at java.base/java.util.concurrent.ThreadPoolExecutor$Worker.run(Unknown Source)
	at java.base/java.lang.Thread.run(Unknown Source)
Caused by: java.net.UnknownHostException: skywalking-oap
	at java.base/java.net.InetAddress$CachedLookup.get(Unknown Source)
	at java.base/java.net.InetAddress.getAllByName0(Unknown Source)
	at java.base/java.net.InetAddress.getAllByName(Unknown Source)
	at org.apache.skywalking.apm.dependencies.io.grpc.internal.DnsNameResolver$JdkAddressResolver.resolveAddress(DnsNameResolver.java:644)
	at org.apache.skywalking.apm.dependencies.io.grpc.internal.DnsNameResolver.resolveAddresses(DnsNameResolver.java:220)
	... 5 more
}"}
{"timestamp":"2026-09-26T09:44:43.514Z","level":"WARN","service":"flashsale-payment","trace_id":"","span_id":"","user_id":"","order_id":"","event_id":"","idempotency_key":"","outbox_id":"","error_code":"","logger":"o.a.s.a.d.i.g.i.ManagedChannelImpl","message":"[Channel<1>: (skywalking-oap:11800)] Failed to resolve name. status=Status{code=UNAVAILABLE, description=Unable to resolve host skywalking-oap, cause=java.lang.RuntimeException: java.net.UnknownHostException: skywalking-oap
	at org.apache.skywalking.apm.dependencies.io.grpc.internal.DnsNameResolver.resolveAddresses(DnsNameResolver.java:224)
	at org.apache.skywalking.apm.dependencies.io.grpc.internal.DnsNameResolver.doResolve(DnsNameResolver.java:283)
	at org.apache.skywalking.apm.dependencies.io.grpc.internal.DnsNameResolver$Resolve.run(DnsNameResolver.java:320)
	at java.base/java.util.concurrent.ThreadPoolExecutor.runWorker(Unknown Source)
	at java.base/java.util.concurrent.ThreadPoolExecutor$Worker.run(Unknown Source)
	at java.base/java.lang.Thread.run(Unknown Source)
Caused by: java.net.UnknownHostException: skywalking-oap
	at java.base/java.net.InetAddress$CachedLookup.get(Unknown Source)
	at java.base/java.net.InetAddress.getAllByName0(Unknown Source)
	at java.base/java.net.InetAddress.getAllByName(Unknown Source)
	at org.apache.skywalking.apm.dependencies.io.grpc.internal.DnsNameResolver$JdkAddressResolver.resolveAddress(DnsNameResolver.java:644)
	at org.apache.skywalking.apm.dependencies.io.grpc.internal.DnsNameResolver.resolveAddresses(DnsNameResolver.java:220)
	... 5 more
}"}
{"timestamp":"2026-09-26T09:44:45.675Z","level":"WARN","service":"flashsale-payment","trace_id":"","span_id":"","user_id":"","order_id":"","event_id":"","idempotency_key":"","outbox_id":"","error_code":"","logger":"o.a.s.a.d.i.g.i.ManagedChannelImpl","message":"[Channel<1>: (skywalking-oap:11800)] Failed to resolve name. status=Status{code=UNAVAILABLE, description=Unable to resolve host skywalking-oap, cause=java.lang.RuntimeException: java.net.UnknownHostException: skywalking-oap
	at org.apache.skywalking.apm.dependencies.io.grpc.internal.DnsNameResolver.resolveAddresses(DnsNameResolver.java:224)
	at org.apache.skywalking.apm.dependencies.io.grpc.internal.DnsNameResolver.doResolve(DnsNameResolver.java:283)
	at org.apache.skywalking.apm.dependencies.io.grpc.internal.DnsNameResolver$Resolve.run(DnsNameResolver.java:320)
	at java.base/java.util.concurrent.ThreadPoolExecutor.runWorker(Unknown Source)
	at java.base/java.util.concurrent.ThreadPoolExecutor$Worker.run(Unknown Source)
	at java.base/java.lang.Thread.run(Unknown Source)
Caused by: java.net.UnknownHostException: skywalking-oap
	at java.base/java.net.InetAddress$CachedLookup.get(Unknown Source)
	at java.base/java.net.InetAddress.getAllByName0(Unknown Source)
	at java.base/java.net.InetAddress.getAllByName(Unknown Source)
	at org.apache.skywalking.apm.dependencies.io.grpc.internal.DnsNameResolver$JdkAddressResolver.resolveAddress(DnsNameResolver.java:644)
	at org.apache.skywalking.apm.dependencies.io.grpc.internal.DnsNameResolver.resolveAddresses(DnsNameResolver.java:220)
	... 5 more
}"}
{"timestamp":"2026-09-26T09:44:49.103Z","level":"WARN","service":"flashsale-payment","trace_id":"","span_id":"","user_id":"","order_id":"","event_id":"","idempotency_key":"","outbox_id":"","error_code":"","logger":"o.a.s.a.d.i.g.i.ManagedChannelImpl","message":"[Channel<1>: (skywalking-oap:11800)] Failed to resolve name. status=Status{code=UNAVAILABLE, description=Unable to resolve host skywalking-oap, cause=java.lang.RuntimeException: java.net.UnknownHostException: skywalking-oap
	at org.apache.skywalking.apm.dependencies.io.grpc.internal.DnsNameResolver.resolveAddresses(DnsNameResolver.java:224)
	at org.apache.skywalking.apm.dependencies.io.grpc.internal.DnsNameResolver.doResolve(DnsNameResolver.java:283)
	at org.apache.skywalking.apm.dependencies.io.grpc.internal.DnsNameResolver$Resolve.run(DnsNameResolver.java:320)
	at java.base/java.util.concurrent.ThreadPoolExecutor.runWorker(Unknown Source)
	at java.base/java.util.concurrent.ThreadPoolExecutor$Worker.run(Unknown Source)
	at java.base/java.lang.Thread.run(Unknown Source)
Caused by: java.net.UnknownHostException: skywalking-oap
	at java.base/java.net.InetAddress$CachedLookup.get(Unknown Source)
	at java.base/java.net.InetAddress.getAllByName0(Unknown Source)
	at java.base/java.net.InetAddress.getAllByName(Unknown Source)
	at org.apache.skywalking.apm.dependencies.io.grpc.internal.DnsNameResolver$JdkAddressResolver.resolveAddress(DnsNameResolver.java:644)
	at org.apache.skywalking.apm.dependencies.io.grpc.internal.DnsNameResolver.resolveAddresses(DnsNameResolver.java:220)
	... 5 more
}"}
{"timestamp":"2026-09-26T09:44:55.313Z","level":"WARN","service":"flashsale-payment","trace_id":"","span_id":"","user_id":"","order_id":"","event_id":"","idempotency_key":"","outbox_id":"","error_code":"","logger":"o.a.s.a.d.i.g.i.ManagedChannelImpl","message":"[Channel<1>: (skywalking-oap:11800)] Failed to resolve name. status=Status{code=UNAVAILABLE, description=Unable to resolve host skywalking-oap, cause=java.lang.RuntimeException: java.net.UnknownHostException: skywalking-oap: Temporary failure in name resolution
	at org.apache.skywalking.apm.dependencies.io.grpc.internal.DnsNameResolver.resolveAddresses(DnsNameResolver.java:224)
	at org.apache.skywalking.apm.dependencies.io.grpc.internal.DnsNameResolver.doResolve(DnsNameResolver.java:283)
	at org.apache.skywalking.apm.dependencies.io.grpc.internal.DnsNameResolver$Resolve.run(DnsNameResolver.java:320)
	at java.base/java.util.concurrent.ThreadPoolExecutor.runWorker(Unknown Source)
	at java.base/java.util.concurrent.ThreadPoolExecutor$Worker.run(Unknown Source)
	at java.base/java.lang.Thread.run(Unknown Source)
Caused by: java.net.UnknownHostException: skywalking-oap: Temporary failure in name resolution
	at java.base/java.net.Inet6AddressImpl.lookupAllHostAddr(Native Method)
	at java.base/java.net.Inet6AddressImpl.lookupAllHostAddr(Unknown Source)
	at java.base/java.net.InetAddress$PlatformResolver.lookupByName(Unknown Source)
	at java.base/java.net.InetAddress.getAddressesFromNameService(Unknown Source)
	at java.base/java.net.InetAddress$NameServiceAddresses.get(Unknown Source)
	at java.base/java.net.InetAddress.getAllByName0(Unknown Source)
	at java.base/java.net.InetAddress.getAllByName(Unknown Source)
	at org.apache.skywalking.apm.dependencies.io.grpc.internal.DnsNameResolver$JdkAddressResolver.resolveAddress(DnsNameResolver.java:644)
	at org.apache.skywalking.apm.dependencies.io.grpc.internal.DnsNameResolver.resolveAddresses(DnsNameResolver.java:220)
	... 5 more
}"}
{"timestamp":"2026-09-26T09:45:05.759Z","level":"WARN","service":"flashsale-payment","trace_id":"","span_id":"","user_id":"","order_id":"","event_id":"","idempotency_key":"","outbox_id":"","error_code":"","logger":"o.a.s.a.d.i.g.i.ManagedChannelImpl","message":"[Channel<1>: (skywalking-oap:11800)] Failed to resolve name. status=Status{code=UNAVAILABLE, description=Unable to resolve host skywalking-oap, cause=java.lang.RuntimeException: java.net.UnknownHostException: skywalking-oap: Temporary failure in name resolution
	at org.apache.skywalking.apm.dependencies.io.grpc.internal.DnsNameResolver.resolveAddresses(DnsNameResolver.java:224)
	at org.apache.skywalking.apm.dependencies.io.grpc.internal.DnsNameResolver.doResolve(DnsNameResolver.java:283)
	at org.apache.skywalking.apm.dependencies.io.grpc.internal.DnsNameResolver$Resolve.run(DnsNameResolver.java:320)
	at java.base/java.util.concurrent.ThreadPoolExecutor.runWorker(Unknown Source)
	at java.base/java.util.concurrent.ThreadPoolExecutor$Worker.run(Unknown Source)
	at java.base/java.lang.Thread.run(Unknown Source)
Caused by: java.net.UnknownHostException: skywalking-oap: Temporary failure in name resolution
	at java.base/java.net.Inet6AddressImpl.lookupAllHostAddr(Native Method)
	at java.base/java.net.Inet6AddressImpl.lookupAllHostAddr(Unknown Source)
	at java.base/java.net.InetAddress$PlatformResolver.lookupByName(Unknown Source)
	at java.base/java.net.InetAddress.getAddressesFromNameService(Unknown Source)
	at java.base/java.net.InetAddress$NameServiceAddresses.get(Unknown Source)
	at java.base/java.net.InetAddress.getAllByName0(Unknown Source)
	at java.base/java.net.InetAddress.getAllByName(Unknown Source)
	at org.apache.skywalking.apm.dependencies.io.grpc.internal.DnsNameResolver$JdkAddressResolver.resolveAddress(DnsNameResolver.java:644)
	at org.apache.skywalking.apm.dependencies.io.grpc.internal.DnsNameResolver.resolveAddresses(DnsNameResolver.java:220)
	... 5 more
}"}
{"timestamp":"2026-09-26T09:45:22.348Z","level":"WARN","service":"flashsale-payment","trace_id":"","span_id":"","user_id":"","order_id":"","event_id":"","idempotency_key":"","outbox_id":"","error_code":"","logger":"o.a.s.a.d.i.g.i.ManagedChannelImpl","message":"[Channel<1>: (skywalking-oap:11800)] Failed to resolve name. status=Status{code=UNAVAILABLE, description=Unable to resolve host skywalking-oap, cause=java.lang.RuntimeException: java.net.UnknownHostException: skywalking-oap: Temporary failure in name resolution
	at org.apache.skywalking.apm.dependencies.io.grpc.internal.DnsNameResolver.resolveAddresses(DnsNameResolver.java:224)
	at org.apache.skywalking.apm.dependencies.io.grpc.internal.DnsNameResolver.doResolve(DnsNameResolver.java:283)
	at org.apache.skywalking.apm.dependencies.io.grpc.internal.DnsNameResolver$Resolve.run(DnsNameResolver.java:320)
	at java.base/java.util.concurrent.ThreadPoolExecutor.runWorker(Unknown Source)
	at java.base/java.util.concurrent.ThreadPoolExecutor$Worker.run(Unknown Source)
	at java.base/java.lang.Thread.run(Unknown Source)
Caused by: java.net.UnknownHostException: skywalking-oap: Temporary failure in name resolution
	at java.base/java.net.Inet6AddressImpl.lookupAllHostAddr(Native Method)
	at java.base/java.net.Inet6AddressImpl.lookupAllHostAddr(Unknown Source)
	at java.base/java.net.InetAddress$PlatformResolver.lookupByName(Unknown Source)
	at java.base/java.net.InetAddress.getAddressesFromNameService(Unknown Source)
	at java.base/java.net.InetAddress$NameServiceAddresses.get(Unknown Source)
	at java.base/java.net.InetAddress.getAllByName0(Unknown Source)
	at java.base/java.net.InetAddress.getAllByName(Unknown Source)
	at org.apache.skywalking.apm.dependencies.io.grpc.internal.DnsNameResolver$JdkAddressResolver.resolveAddress(DnsNameResolver.java:644)
	at org.apache.skywalking.apm.dependencies.io.grpc.internal.DnsNameResolver.resolveAddresses(DnsNameResolver.java:220)
	... 5 more
}"}
{"timestamp":"2026-09-26T09:45:52.964Z","level":"WARN","service":"flashsale-payment","trace_id":"","span_id":"","user_id":"","order_id":"","event_id":"","idempotency_key":"","outbox_id":"","error_code":"","logger":"o.a.s.a.d.i.g.i.ManagedChannelImpl","message":"[Channel<1>: (skywalking-oap:11800)] Failed to resolve name. status=Status{code=UNAVAILABLE, description=Unable to resolve host skywalking-oap, cause=java.lang.RuntimeException: java.net.UnknownHostException: skywalking-oap: Temporary failure in name resolution
	at org.apache.skywalking.apm.dependencies.io.grpc.internal.DnsNameResolver.resolveAddresses(DnsNameResolver.java:224)
	at org.apache.skywalking.apm.dependencies.io.grpc.internal.DnsNameResolver.doResolve(DnsNameResolver.java:283)
	at org.apache.skywalking.apm.dependencies.io.grpc.internal.DnsNameResolver$Resolve.run(DnsNameResolver.java:320)
	at java.base/java.util.concurrent.ThreadPoolExecutor.runWorker(Unknown Source)
	at java.base/java.util.concurrent.ThreadPoolExecutor$Worker.run(Unknown Source)
	at java.base/java.lang.Thread.run(Unknown Source)
Caused by: java.net.UnknownHostException: skywalking-oap: Temporary failure in name resolution
	at java.base/java.net.Inet6AddressImpl.lookupAllHostAddr(Native Method)
	at java.base/java.net.Inet6AddressImpl.lookupAllHostAddr(Unknown Source)
	at java.base/java.net.InetAddress$PlatformResolver.lookupByName(Unknown Source)
	at java.base/java.net.InetAddress.getAddressesFromNameService(Unknown Source)
	at java.base/java.net.InetAddress$NameServiceAddresses.get(Unknown Source)
	at java.base/java.net.InetAddress.getAllByName0(Unknown Source)
	at java.base/java.net.InetAddress.getAllByName(Unknown Source)
	at org.apache.skywalking.apm.dependencies.io.grpc.internal.DnsNameResolver$JdkAddressResolver.resolveAddress(DnsNameResolver.java:644)
	at org.apache.skywalking.apm.dependencies.io.grpc.internal.DnsNameResolver.resolveAddresses(DnsNameResolver.java:220)
	... 5 more
}"}
{"timestamp":"2026-09-26T09:46:30.851Z","level":"WARN","service":"flashsale-payment","trace_id":"","span_id":"","user_id":"","order_id":"","event_id":"","idempotency_key":"","outbox_id":"","error_code":"","logger":"o.a.s.a.d.i.g.i.ManagedChannelImpl","message":"[Channel<1>: (skywalking-oap:11800)] Failed to resolve name. status=Status{code=UNAVAILABLE, description=Unable to resolve host skywalking-oap, cause=java.lang.RuntimeException: java.net.UnknownHostException: skywalking-oap: Temporary failure in name resolution
	at org.apache.skywalking.apm.dependencies.io.grpc.internal.DnsNameResolver.resolveAddresses(DnsNameResolver.java:224)
	at org.apache.skywalking.apm.dependencies.io.grpc.internal.DnsNameResolver.doResolve(DnsNameResolver.java:283)
	at org.apache.skywalking.apm.dependencies.io.grpc.internal.DnsNameResolver$Resolve.run(DnsNameResolver.java:320)
	at java.base/java.util.concurrent.ThreadPoolExecutor.runWorker(Unknown Source)
	at java.base/java.util.concurrent.ThreadPoolExecutor$Worker.run(Unknown Source)
	at java.base/java.lang.Thread.run(Unknown Source)
Caused by: java.net.UnknownHostException: skywalking-oap: Temporary failure in name resolution
	at java.base/java.net.Inet6AddressImpl.lookupAllHostAddr(Native Method)
	at java.base/java.net.Inet6AddressImpl.lookupAllHostAddr(Unknown Source)
	at java.base/java.net.InetAddress$PlatformResolver.lookupByName(Unknown Source)
	at java.base/java.net.InetAddress.getAddressesFromNameService(Unknown Source)
	at java.base/java.net.InetAddress$NameServiceAddresses.get(Unknown Source)
	at java.base/java.net.InetAddress.getAllByName0(Unknown Source)
	at java.base/java.net.InetAddress.getAllByName(Unknown Source)
	at org.apache.skywalking.apm.dependencies.io.grpc.internal.DnsNameResolver$JdkAddressResolver.resolveAddress(DnsNameResolver.java:644)
	at org.apache.skywalking.apm.dependencies.io.grpc.internal.DnsNameResolver.resolveAddresses(DnsNameResolver.java:220)
	... 5 more
}"}
{"timestamp":"2026-09-26T09:47:51.440Z","level":"WARN","service":"flashsale-payment","trace_id":"","span_id":"","user_id":"","order_id":"","event_id":"","idempotency_key":"","outbox_id":"","error_code":"","logger":"o.a.s.a.d.i.g.i.ManagedChannelImpl","message":"[Channel<1>: (skywalking-oap:11800)] Failed to resolve name. status=Status{code=UNAVAILABLE, description=Unable to resolve host skywalking-oap, cause=java.lang.RuntimeException: java.net.UnknownHostException: skywalking-oap: Temporary failure in name resolution
	at org.apache.skywalking.apm.dependencies.io.grpc.internal.DnsNameResolver.resolveAddresses(DnsNameResolver.java:224)
	at org.apache.skywalking.apm.dependencies.io.grpc.internal.DnsNameResolver.doResolve(DnsNameResolver.java:283)
	at org.apache.skywalking.apm.dependencies.io.grpc.internal.DnsNameResolver$Resolve.run(DnsNameResolver.java:320)
	at java.base/java.util.concurrent.ThreadPoolExecutor.runWorker(Unknown Source)
	at java.base/java.util.concurrent.ThreadPoolExecutor$Worker.run(Unknown Source)
	at java.base/java.lang.Thread.run(Unknown Source)
Caused by: java.net.UnknownHostException: skywalking-oap: Temporary failure in name resolution
	at java.base/java.net.Inet6AddressImpl.lookupAllHostAddr(Native Method)
	at java.base/java.net.Inet6AddressImpl.lookupAllHostAddr(Unknown Source)
	at java.base/java.net.InetAddress$PlatformResolver.lookupByName(Unknown Source)
	at java.base/java.net.InetAddress.getAddressesFromNameService(Unknown Source)
	at java.base/java.net.InetAddress$NameServiceAddresses.get(Unknown Source)
	at java.base/java.net.InetAddress.getAllByName0(Unknown Source)
	at java.base/java.net.InetAddress.getAllByName(Unknown Source)
	at org.apache.skywalking.apm.dependencies.io.grpc.internal.DnsNameResolver$JdkAddressResolver.resolveAddress(DnsNameResolver.java:644)
	at org.apache.skywalking.apm.dependencies.io.grpc.internal.DnsNameResolver.resolveAddresses(DnsNameResolver.java:220)
	... 5 more
}"}
{"timestamp":"2026-09-26T09:49:20.118Z","level":"WARN","service":"flashsale-payment","trace_id":"","span_id":"","user_id":"","order_id":"","event_id":"","idempotency_key":"","outbox_id":"","error_code":"","logger":"o.a.s.a.d.i.g.i.ManagedChannelImpl","message":"[Channel<1>: (skywalking-oap:11800)] Failed to resolve name. status=Status{code=UNAVAILABLE, description=Unable to resolve host skywalking-oap, cause=java.lang.RuntimeException: java.net.UnknownHostException: skywalking-oap: Temporary failure in name resolution
	at org.apache.skywalking.apm.dependencies.io.grpc.internal.DnsNameResolver.resolveAddresses(DnsNameResolver.java:224)
	at org.apache.skywalking.apm.dependencies.io.grpc.internal.DnsNameResolver.doResolve(DnsNameResolver.java:283)
	at org.apache.skywalking.apm.dependencies.io.grpc.internal.DnsNameResolver$Resolve.run(DnsNameResolver.java:320)
	at java.base/java.util.concurrent.ThreadPoolExecutor.runWorker(Unknown Source)
	at java.base/java.util.concurrent.ThreadPoolExecutor$Worker.run(Unknown Source)
	at java.base/java.lang.Thread.run(Unknown Source)
Caused by: java.net.UnknownHostException: skywalking-oap: Temporary failure in name resolution
	at java.base/java.net.Inet6AddressImpl.lookupAllHostAddr(Native Method)
	at java.base/java.net.Inet6AddressImpl.lookupAllHostAddr(Unknown Source)
	at java.base/java.net.InetAddress$PlatformResolver.lookupByName(Unknown Source)
	at java.base/java.net.InetAddress.getAddressesFromNameService(Unknown Source)
	at java.base/java.net.InetAddress$NameServiceAddresses.get(Unknown Source)
	at java.base/java.net.InetAddress.getAllByName0(Unknown Source)
	at java.base/java.net.InetAddress.getAllByName(Unknown Source)
	at org.apache.skywalking.apm.dependencies.io.grpc.internal.DnsNameResolver$JdkAddressResolver.resolveAddress(DnsNameResolver.java:644)
	at org.apache.skywalking.apm.dependencies.io.grpc.internal.DnsNameResolver.resolveAddresses(DnsNameResolver.java:220)
	... 5 more
}"}
{"timestamp":"2026-09-26T09:51:31.907Z","level":"WARN","service":"flashsale-payment","trace_id":"","span_id":"","user_id":"","order_id":"","event_id":"","idempotency_key":"","outbox_id":"","error_code":"","logger":"o.a.s.a.d.i.g.i.ManagedChannelImpl","message":"[Channel<1>: (skywalking-oap:11800)] Failed to resolve name. status=Status{code=UNAVAILABLE, description=Unable to resolve host skywalking-oap, cause=java.lang.RuntimeException: java.net.UnknownHostException: skywalking-oap: Temporary failure in name resolution
	at org.apache.skywalking.apm.dependencies.io.grpc.internal.DnsNameResolver.resolveAddresses(DnsNameResolver.java:224)
	at org.apache.skywalking.apm.dependencies.io.grpc.internal.DnsNameResolver.doResolve(DnsNameResolver.java:283)
	at org.apache.skywalking.apm.dependencies.io.grpc.internal.DnsNameResolver$Resolve.run(DnsNameResolver.java:320)
	at java.base/java.util.concurrent.ThreadPoolExecutor.runWorker(Unknown Source)
	at java.base/java.util.concurrent.ThreadPoolExecutor$Worker.run(Unknown Source)
	at java.base/java.lang.Thread.run(Unknown Source)
Caused by: java.net.UnknownHostException: skywalking-oap: Temporary failure in name resolution
	at java.base/java.net.Inet6AddressImpl.lookupAllHostAddr(Native Method)
	at java.base/java.net.Inet6AddressImpl.lookupAllHostAddr(Unknown Source)
	at java.base/java.net.InetAddress$PlatformResolver.lookupByName(Unknown Source)
	at java.base/java.net.InetAddress.getAddressesFromNameService(Unknown Source)
	at java.base/java.net.InetAddress$NameServiceAddresses.get(Unknown Source)
	at java.base/java.net.InetAddress.getAllByName0(Unknown Source)
	at java.base/java.net.InetAddress.getAllByName(Unknown Source)
	at org.apache.skywalking.apm.dependencies.io.grpc.internal.DnsNameResolver$JdkAddressResolver.resolveAddress(DnsNameResolver.java:644)
	at org.apache.skywalking.apm.dependencies.io.grpc.internal.DnsNameResolver.resolveAddresses(DnsNameResolver.java:220)
	... 5 more
}"}
{"timestamp":"2026-09-26T09:53:28.029Z","level":"WARN","service":"flashsale-payment","trace_id":"","span_id":"","user_id":"","order_id":"","event_id":"","idempotency_key":"","outbox_id":"","error_code":"","logger":"o.a.s.a.d.i.g.i.ManagedChannelImpl","message":"[Channel<1>: (skywalking-oap:11800)] Failed to resolve name. status=Status{code=UNAVAILABLE, description=Unable to resolve host skywalking-oap, cause=java.lang.RuntimeException: java.net.UnknownHostException: skywalking-oap: Temporary failure in name resolution
	at org.apache.skywalking.apm.dependencies.io.grpc.internal.DnsNameResolver.resolveAddresses(DnsNameResolver.java:224)
	at org.apache.skywalking.apm.dependencies.io.grpc.internal.DnsNameResolver.doResolve(DnsNameResolver.java:283)
	at org.apache.skywalking.apm.dependencies.io.grpc.internal.DnsNameResolver$Resolve.run(DnsNameResolver.java:320)
	at java.base/java.util.concurrent.ThreadPoolExecutor.runWorker(Unknown Source)
	at java.base/java.util.concurrent.ThreadPoolExecutor$Worker.run(Unknown Source)
	at java.base/java.lang.Thread.run(Unknown Source)
Caused by: java.net.UnknownHostException: skywalking-oap: Temporary failure in name resolution
	at java.base/java.net.Inet6AddressImpl.lookupAllHostAddr(Native Method)
	at java.base/java.net.Inet6AddressImpl.lookupAllHostAddr(Unknown Source)
	at java.base/java.net.InetAddress$PlatformResolver.lookupByName(Unknown Source)
	at java.base/java.net.InetAddress.getAddressesFromNameService(Unknown Source)
	at java.base/java.net.InetAddress$NameServiceAddresses.get(Unknown Source)
	at java.base/java.net.InetAddress.getAllByName0(Unknown Source)
	at java.base/java.net.InetAddress.getAllByName(Unknown Source)
	at org.apache.skywalking.apm.dependencies.io.grpc.internal.DnsNameResolver$JdkAddressResolver.resolveAddress(DnsNameResolver.java:644)
	at org.apache.skywalking.apm.dependencies.io.grpc.internal.DnsNameResolver.resolveAddresses(DnsNameResolver.java:220)
	... 5 more
}"}
{"timestamp":"2026-09-26T09:55:13.707Z","level":"WARN","service":"flashsale-payment","trace_id":"","span_id":"","user_id":"","order_id":"","event_id":"","idempotency_key":"","outbox_id":"","error_code":"","logger":"o.a.s.a.d.i.g.i.ManagedChannelImpl","message":"[Channel<1>: (skywalking-oap:11800)] Failed to resolve name. status=Status{code=UNAVAILABLE, description=Unable to resolve host skywalking-oap, cause=java.lang.RuntimeException: java.net.UnknownHostException: skywalking-oap: Temporary failure in name resolution
	at org.apache.skywalking.apm.dependencies.io.grpc.internal.DnsNameResolver.resolveAddresses(DnsNameResolver.java:224)
	at org.apache.skywalking.apm.dependencies.io.grpc.internal.DnsNameResolver.doResolve(DnsNameResolver.java:283)
	at org.apache.skywalking.apm.dependencies.io.grpc.internal.DnsNameResolver$Resolve.run(DnsNameResolver.java:320)
	at java.base/java.util.concurrent.ThreadPoolExecutor.runWorker(Unknown Source)
	at java.base/java.util.concurrent.ThreadPoolExecutor$Worker.run(Unknown Source)
	at java.base/java.lang.Thread.run(Unknown Source)
Caused by: java.net.UnknownHostException: skywalking-oap: Temporary failure in name resolution
	at java.base/java.net.Inet6AddressImpl.lookupAllHostAddr(Native Method)
	at java.base/java.net.Inet6AddressImpl.lookupAllHostAddr(Unknown Source)
	at java.base/java.net.InetAddress$PlatformResolver.lookupByName(Unknown Source)
	at java.base/java.net.InetAddress.getAddressesFromNameService(Unknown Source)
	at java.base/java.net.InetAddress$NameServiceAddresses.get(Unknown Source)
	at java.base/java.net.InetAddress.getAllByName0(Unknown Source)
	at java.base/java.net.InetAddress.getAllByName(Unknown Source)
	at org.apache.skywalking.apm.dependencies.io.grpc.internal.DnsNameResolver$JdkAddressResolver.resolveAddress(DnsNameResolver.java:644)
	at org.apache.skywalking.apm.dependencies.io.grpc.internal.DnsNameResolver.resolveAddresses(DnsNameResolver.java:220)
	... 5 more
}"}
{"timestamp":"2026-09-26T09:57:08.550Z","level":"WARN","service":"flashsale-payment","trace_id":"","span_id":"","user_id":"","order_id":"","event_id":"","idempotency_key":"","outbox_id":"","error_code":"","logger":"o.a.s.a.d.i.g.i.ManagedChannelImpl","message":"[Channel<1>: (skywalking-oap:11800)] Failed to resolve name. status=Status{code=UNAVAILABLE, description=Unable to resolve host skywalking-oap, cause=java.lang.RuntimeException: java.net.UnknownHostException: skywalking-oap: Temporary failure in name resolution
	at org.apache.skywalking.apm.dependencies.io.grpc.internal.DnsNameResolver.resolveAddresses(DnsNameResolver.java:224)
	at org.apache.skywalking.apm.dependencies.io.grpc.internal.DnsNameResolver.doResolve(DnsNameResolver.java:283)
	at org.apache.skywalking.apm.dependencies.io.grpc.internal.DnsNameResolver$Resolve.run(DnsNameResolver.java:320)
	at java.base/java.util.concurrent.ThreadPoolExecutor.runWorker(Unknown Source)
	at java.base/java.util.concurrent.ThreadPoolExecutor$Worker.run(Unknown Source)
	at java.base/java.lang.Thread.run(Unknown Source)
Caused by: java.net.UnknownHostException: skywalking-oap: Temporary failure in name resolution
	at java.base/java.net.Inet6AddressImpl.lookupAllHostAddr(Native Method)
	at java.base/java.net.Inet6AddressImpl.lookupAllHostAddr(Unknown Source)
	at java.base/java.net.InetAddress$PlatformResolver.lookupByName(Unknown Source)
	at java.base/java.net.InetAddress.getAddressesFromNameService(Unknown Source)
	at java.base/java.net.InetAddress$NameServiceAddresses.get(Unknown Source)
	at java.base/java.net.InetAddress.getAllByName0(Unknown Source)
	at java.base/java.net.InetAddress.getAllByName(Unknown Source)
	at org.apache.skywalking.apm.dependencies.io.grpc.internal.DnsNameResolver$JdkAddressResolver.resolveAddress(DnsNameResolver.java:644)
	at org.apache.skywalking.apm.dependencies.io.grpc.internal.DnsNameResolver.resolveAddresses(DnsNameResolver.java:220)
	... 5 more
}"}
{"timestamp":"2026-09-26T09:59:30.321Z","level":"WARN","service":"flashsale-payment","trace_id":"","span_id":"","user_id":"","order_id":"","event_id":"","idempotency_key":"","outbox_id":"","error_code":"","logger":"o.a.s.a.d.i.g.i.ManagedChannelImpl","message":"[Channel<1>: (skywalking-oap:11800)] Failed to resolve name. status=Status{code=UNAVAILABLE, description=Unable to resolve host skywalking-oap, cause=java.lang.RuntimeException: java.net.UnknownHostException: skywalking-oap: Temporary failure in name resolution
	at org.apache.skywalking.apm.dependencies.io.grpc.internal.DnsNameResolver.resolveAddresses(DnsNameResolver.java:224)
	at org.apache.skywalking.apm.dependencies.io.grpc.internal.DnsNameResolver.doResolve(DnsNameResolver.java:283)
	at org.apache.skywalking.apm.dependencies.io.grpc.internal.DnsNameResolver$Resolve.run(DnsNameResolver.java:320)
	at java.base/java.util.concurrent.ThreadPoolExecutor.runWorker(Unknown Source)
	at java.base/java.util.concurrent.ThreadPoolExecutor$Worker.run(Unknown Source)
	at java.base/java.lang.Thread.run(Unknown Source)
Caused by: java.net.UnknownHostException: skywalking-oap: Temporary failure in name resolution
	at java.base/java.net.Inet6AddressImpl.lookupAllHostAddr(Native Method)
	at java.base/java.net.Inet6AddressImpl.lookupAllHostAddr(Unknown Source)
	at java.base/java.net.InetAddress$PlatformResolver.lookupByName(Unknown Source)
	at java.base/java.net.InetAddress.getAddressesFromNameService(Unknown Source)
	at java.base/java.net.InetAddress$NameServiceAddresses.get(Unknown Source)
	at java.base/java.net.InetAddress.getAllByName0(Unknown Source)
	at java.base/java.net.InetAddress.getAllByName(Unknown Source)
	at org.apache.skywalking.apm.dependencies.io.grpc.internal.DnsNameResolver$JdkAddressResolver.resolveAddress(DnsNameResolver.java:644)
	at org.apache.skywalking.apm.dependencies.io.grpc.internal.DnsNameResolver.resolveAddresses(DnsNameResolver.java:220)
	... 5 more
}"}
{"timestamp":"2026-09-26T10:01:35.249Z","level":"WARN","service":"flashsale-payment","trace_id":"","span_id":"","user_id":"","order_id":"","event_id":"","idempotency_key":"","outbox_id":"","error_code":"","logger":"o.a.s.a.d.i.g.i.ManagedChannelImpl","message":"[Channel<1>: (skywalking-oap:11800)] Failed to resolve name. status=Status{code=UNAVAILABLE, description=Unable to resolve host skywalking-oap, cause=java.lang.RuntimeException: java.net.UnknownHostException: skywalking-oap: Temporary failure in name resolution
	at org.apache.skywalking.apm.dependencies.io.grpc.internal.DnsNameResolver.resolveAddresses(DnsNameResolver.java:224)
	at org.apache.skywalking.apm.dependencies.io.grpc.internal.DnsNameResolver.doResolve(DnsNameResolver.java:283)
	at org.apache.skywalking.apm.dependencies.io.grpc.internal.DnsNameResolver$Resolve.run(DnsNameResolver.java:320)
	at java.base/java.util.concurrent.ThreadPoolExecutor.runWorker(Unknown Source)
	at java.base/java.util.concurrent.ThreadPoolExecutor$Worker.run(Unknown Source)
	at java.base/java.lang.Thread.run(Unknown Source)
Caused by: java.net.UnknownHostException: skywalking-oap: Temporary failure in name resolution
	at java.base/java.net.Inet6AddressImpl.lookupAllHostAddr(Native Method)
	at java.base/java.net.Inet6AddressImpl.lookupAllHostAddr(Unknown Source)
	at java.base/java.net.InetAddress$PlatformResolver.lookupByName(Unknown Source)
	at java.base/java.net.InetAddress.getAddressesFromNameService(Unknown Source)
	at java.base/java.net.InetAddress$NameServiceAddresses.get(Unknown Source)
	at java.base/java.net.InetAddress.getAllByName0(Unknown Source)
	at java.base/java.net.InetAddress.getAllByName(Unknown Source)
	at org.apache.skywalking.apm.dependencies.io.grpc.internal.DnsNameResolver$JdkAddressResolver.resolveAddress(DnsNameResolver.java:644)
	at org.apache.skywalking.apm.dependencies.io.grpc.internal.DnsNameResolver.resolveAddresses(DnsNameResolver.java:220)
	... 5 more
}"}
